Watching for file changes with StatReloader
Waiting for apps ready_event.
Apps ready_event triggered. Sending autoreload_started signal.
Watching dir D:\BaseDjango\MuzeyProject\MuzeyServer\templates with glob **/*.
Watching dir D:\BaseDjango\MuzeyProject\MuzeyServer\locale with glob **/*.mo.
Watching dir D:\BaseDjango\MuzeyProject\MuzeyServer\SearchResult\locale with glob **/*.mo.
Watching dir D:\BaseDjango\MuzeyProject\MuzeyServer\Base\locale with glob **/*.mo.
Watching dir D:\BaseDjango\MuzeyProject\MuzeyServer\GamesList\locale with glob **/*.mo.
Watching dir D:\BaseDjango\MuzeyProject\MuzeyServer\SearchMenu\locale with glob **/*.mo.
(0.000) 
            SELECT name, type FROM sqlite_master
            WHERE type in ('table', 'view') AND NOT name='sqlite_sequence'
            ORDER BY name; args=None; alias=default
(0.000) SELECT "django_migrations"."id", "django_migrations"."app", "django_migrations"."name", "django_migrations"."applied" FROM "django_migrations"; args=(); alias=default
File D:\BaseDjango\MuzeyProject\.venv\Lib\site-packages\django\contrib\admin\__init__.py first seen with mtime 1733464568.651266
File D:\BaseDjango\MuzeyProject\.venv\Lib\site-packages\django\utils\tree.py first seen with mtime 1733464571.7702415
File D:\BaseDjango\MuzeyProject\MuzeyServer\SearchMenu\admin.py first seen with mtime 1733464938.6552207
File D:\BaseDjango\MuzeyProject\.venv\Lib\site-packages\django\core\mail\__init__.py first seen with mtime 1733464571.385381
File D:\BaseDjango\MuzeyProject\.venv\Lib\site-packages\sqlparse\lexer.py first seen with mtime 1733464568.122149
File D:\BaseDjango\MuzeyProject\.venv\Lib\site-packages\django\contrib\contenttypes\models.py first seen with mtime 1733464569.401433
File D:\BaseDjango\MuzeyProject\.venv\Lib\site-packages\django\core\management\base.py first seen with mtime 1733464571.3974197
File D:\BaseDjango\MuzeyProject\.venv\Lib\site-packages\django\core\checks\__init__.py first seen with mtime 1733464571.3443189
File D:\BaseDjango\MuzeyProject\.venv\Lib\site-packages\PIL\ImageMode.py first seen with mtime 1733465806.949416
File C:\Users\admin\AppData\Local\Programs\Python\Python39\Lib\copyreg.py first seen with mtime 1652795110.0
File D:\BaseDjango\MuzeyProject\.venv\Lib\site-packages\sqlparse\filters\__init__.py first seen with mtime 1733464568.1271496
File D:\BaseDjango\MuzeyProject\.venv\Lib\site-packages\django\core\files\storage\filesystem.py first seen with mtime 1733464571.3803613
File D:\BaseDjango\MuzeyProject\MuzeyServer\MuzeyServer\urls.py first seen with mtime 1742123548.7479253
File D:\BaseDjango\MuzeyProject\.venv\Lib\site-packages\django\db\backends\base\base.py first seen with mtime 1733464571.477572
File D:\BaseDjango\MuzeyProject\.venv\Lib\site-packages\django\contrib\admin\templatetags\base.py first seen with mtime 1733464569.086363
File D:\BaseDjango\MuzeyProject\.venv\Lib\site-packages\PIL\_deprecate.py first seen with mtime 1733465806.979422
File D:\BaseDjango\MuzeyProject\.venv\Lib\site-packages\django\core\checks\database.py first seen with mtime 1733464571.346319
File D:\BaseDjango\MuzeyProject\.venv\Lib\site-packages\sqlparse\engine\grouping.py first seen with mtime 1733464568.125149
File D:\BaseDjango\MuzeyProject\.venv\Lib\site-packages\django\contrib\staticfiles\checks.py first seen with mtime 1733464571.310219
File C:\Users\admin\AppData\Local\Programs\Python\Python39\Lib\decimal.py first seen with mtime 1652795110.0
File D:\BaseDjango\MuzeyProject\.venv\Lib\site-packages\django\core\handlers\wsgi.py first seen with mtime 1733464571.3843806
File D:\BaseDjango\MuzeyProject\.venv\Lib\site-packages\django\contrib\messages\__init__.py first seen with mtime 1733464570.721454
File D:\BaseDjango\MuzeyProject\.venv\Lib\site-packages\django\templatetags\tz.py first seen with mtime 1733464571.7371438
File D:\BaseDjango\MuzeyProject\.venv\Lib\site-packages\django\apps\config.py first seen with mtime 1733464568.4132137
File C:\Users\admin\AppData\Local\Programs\Python\Python39\Lib\stat.py first seen with mtime 1652795110.0
File C:\Users\admin\AppData\Local\Programs\Python\Python39\Lib\email\mime\nonmultipart.py first seen with mtime 1652795110.0
File D:\BaseDjango\MuzeyProject\.venv\Lib\site-packages\django\db\models\base.py first seen with mtime 1733464571.5317433
File C:\Users\admin\AppData\Local\Programs\Python\Python39\Lib\calendar.py first seen with mtime 1652795110.0
File D:\BaseDjango\MuzeyProject\.venv\Lib\site-packages\django\core\files\temp.py first seen with mtime 1733464571.3693423
File D:\BaseDjango\MuzeyProject\.venv\Lib\site-packages\PIL\_imaging.cp39-win_amd64.pyd first seen with mtime 1733465806.9884238
File D:\BaseDjango\MuzeyProject\.venv\Lib\site-packages\django\utils\cache.py first seen with mtime 1733464571.751184
File D:\BaseDjango\MuzeyProject\.venv\Lib\site-packages\django\contrib\admin\apps.py first seen with mtime 1733464568.6522663
File D:\BaseDjango\MuzeyProject\.venv\Lib\site-packages\django\core\__init__.py first seen with mtime 1733464571.3242414
File D:\BaseDjango\MuzeyProject\.venv\Lib\site-packages\django\forms\forms.py first seen with mtime 1733464571.57586
File C:\Users\admin\AppData\Local\Programs\Python\Python39\Lib\asyncio\subprocess.py first seen with mtime 1652795110.0
File C:\Users\admin\AppData\Local\Programs\Python\Python39\Lib\numbers.py first seen with mtime 1652795110.0
File C:\Users\admin\AppData\Local\Programs\Python\Python39\Lib\reprlib.py first seen with mtime 1652795110.0
File D:\BaseDjango\MuzeyProject\.venv\Lib\site-packages\django\db\backends\base\schema.py first seen with mtime 1733464571.4815729
File D:\BaseDjango\MuzeyProject\.venv\Lib\site-packages\django\contrib\sessions\__init__.py first seen with mtime 1733464570.9933245
File D:\BaseDjango\MuzeyProject\.venv\Lib\site-packages\django\core\cache\backends\locmem.py first seen with mtime 1733464571.3393009
File D:\BaseDjango\MuzeyProject\.venv\Lib\site-packages\django\contrib\admin\helpers.py first seen with mtime 1733464568.6562672
File D:\BaseDjango\MuzeyProject\.venv\Lib\site-packages\django\db\models\fields\related.py first seen with mtime 1733464571.546765
File C:\Users\admin\AppData\Local\Programs\Python\Python39\DLLs\_asyncio.pyd first seen with mtime 1652795162.0
File D:\BaseDjango\MuzeyProject\.venv\Lib\site-packages\sqlparse\formatter.py first seen with mtime 1733464568.1211486
File D:\BaseDjango\MuzeyProject\.venv\Lib\site-packages\django\template\defaultfilters.py first seen with mtime 1733464571.721085
File C:\Users\admin\AppData\Local\Programs\Python\Python39\Lib\concurrent\futures\thread.py first seen with mtime 1652795110.0
File D:\BaseDjango\MuzeyProject\.venv\Lib\site-packages\PIL\_binary.py first seen with mtime 1733465806.9784217
File C:\Users\admin\AppData\Local\Programs\Python\Python39\Lib\encodings\utf_8.py first seen with mtime 1652795110.0
File D:\BaseDjango\MuzeyProject\.venv\Lib\site-packages\django\db\models\fields\reverse_related.py first seen with mtime 1733464571.5578
File D:\BaseDjango\MuzeyProject\.venv\Lib\site-packages\django\db\models\functions\__init__.py first seen with mtime 1733464571.5588002
File C:\Users\admin\AppData\Local\Programs\Python\Python39\Lib\encodings\cp1251.py first seen with mtime 1652795110.0
File D:\BaseDjango\MuzeyProject\.venv\Lib\site-packages\django\contrib\messages\apps.py first seen with mtime 1733464570.7224536
File D:\BaseDjango\MuzeyProject\.venv\Lib\site-packages\django\core\serializers\python.py first seen with mtime 1733464571.4695525
File C:\Users\admin\AppData\Local\Programs\Python\Python39\Lib\asyncio\streams.py first seen with mtime 1652795110.0
File C:\Users\admin\AppData\Local\Programs\Python\Python39\DLLs\_ssl.pyd first seen with mtime 1652795162.0
File D:\BaseDjango\MuzeyProject\.venv\Lib\site-packages\django\contrib\admin\options.py first seen with mtime 1733464568.6572673
File D:\BaseDjango\MuzeyProject\.venv\Lib\site-packages\django\core\servers\__init__.py first seen with mtime 1733464571.4715526
File C:\Users\admin\AppData\Local\Programs\Python\Python39\Lib\_collections_abc.py first seen with mtime 1652795110.0
File D:\BaseDjango\MuzeyProject\.venv\Lib\site-packages\django\db\migrations\migration.py first seen with mtime 1733464571.5216987
File D:\BaseDjango\MuzeyProject\.venv\Lib\site-packages\django\utils\decorators.py first seen with mtime 1733464571.7561831
File C:\Users\admin\AppData\Local\Programs\Python\Python39\DLLs\_bz2.pyd first seen with mtime 1652795172.0
File D:\BaseDjango\MuzeyProject\.venv\Lib\site-packages\django\contrib\staticfiles\management\__init__.py first seen with mtime 1733464571.3172204
File C:\Users\admin\AppData\Local\Programs\Python\Python39\Lib\pathlib.py first seen with mtime 1652795110.0
File D:\BaseDjango\MuzeyProject\.venv\Lib\site-packages\django\contrib\auth\forms.py first seen with mtime 1733464569.239397
File D:\BaseDjango\MuzeyProject\.venv\Lib\site-packages\django\views\static.py first seen with mtime 1733464571.7782624
File D:\BaseDjango\MuzeyProject\.venv\Lib\site-packages\django\contrib\sessions\apps.py first seen with mtime 1733464570.9943247
File C:\Users\admin\AppData\Local\Programs\Python\Python39\Lib\collections\abc.py first seen with mtime 1652795110.0
File D:\BaseDjango\MuzeyProject\.venv\Lib\site-packages\django\db\migrations\operations\fields.py first seen with mtime 1733464571.5277197
File D:\BaseDjango\MuzeyProject\.venv\Lib\site-packages\django\db\models\functions\mixins.py first seen with mtime 1733464571.560819
File D:\BaseDjango\MuzeyProject\.venv\Lib\site-packages\django\contrib\auth\signals.py first seen with mtime 1733464569.2423975
File D:\BaseDjango\MuzeyProject\.venv\Lib\site-packages\django\utils\inspect.py first seen with mtime 1733464571.7622032
File D:\BaseDjango\MuzeyProject\.venv\Lib\site-packages\django\core\checks\security\base.py first seen with mtime 1733464571.3643432
File C:\Users\admin\AppData\Local\Programs\Python\Python39\Lib\ctypes\__init__.py first seen with mtime 1652795110.0
File D:\BaseDjango\MuzeyProject\.venv\Lib\site-packages\django\db\models\fields\proxy.py first seen with mtime 1733464571.5457647
File D:\BaseDjango\MuzeyProject\.venv\Lib\site-packages\django\utils\functional.py first seen with mtime 1733464571.7592025
File C:\Users\admin\AppData\Local\Programs\Python\Python39\Lib\email\errors.py first seen with mtime 1652795110.0
File C:\Users\admin\AppData\Local\Programs\Python\Python39\Lib\json\__init__.py first seen with mtime 1652795110.0
File D:\BaseDjango\MuzeyProject\.venv\Lib\site-packages\asgiref\__init__.py first seen with mtime 1733464568.2511775
File D:\BaseDjango\MuzeyProject\.venv\Lib\site-packages\django\contrib\contenttypes\__init__.py first seen with mtime 1733464569.397432
File D:\BaseDjango\MuzeyProject\.venv\Lib\site-packages\django\utils\regex_helper.py first seen with mtime 1733464571.7662218
File D:\BaseDjango\MuzeyProject\.venv\Lib\site-packages\django\views\generic\base.py first seen with mtime 1733464571.785282
File D:\BaseDjango\MuzeyProject\.venv\Lib\site-packages\django\db\backends\base\__init__.py first seen with mtime 1733464571.476572
File D:\BaseDjango\MuzeyProject\.venv\Lib\site-packages\django\contrib\admin\templatetags\__init__.py first seen with mtime 1733464569.083362
File D:\BaseDjango\MuzeyProject\.venv\Lib\site-packages\django\db\models\sql\where.py first seen with mtime 1733464571.5708406
File D:\BaseDjango\MuzeyProject\MuzeyServer\Base\__init__.py first seen with mtime 1733464812.04993
File D:\BaseDjango\MuzeyProject\.venv\Lib\site-packages\django\contrib\messages\utils.py first seen with mtime 1733464570.724473
File C:\Users\admin\AppData\Local\Programs\Python\Python39\Lib\html\__init__.py first seen with mtime 1652795110.0
File D:\BaseDjango\MuzeyProject\.venv\Lib\site-packages\django\views\decorators\debug.py first seen with mtime 1733464571.7822816
File D:\BaseDjango\MuzeyProject\.venv\Lib\site-packages\django\core\checks\async_checks.py first seen with mtime 1733464571.3453188
File C:\Users\admin\AppData\Local\Programs\Python\Python39\Lib\subprocess.py first seen with mtime 1652795110.0
File C:\Users\admin\AppData\Local\Programs\Python\Python39\Lib\fractions.py first seen with mtime 1652795110.0
File C:\Users\admin\AppData\Local\Programs\Python\Python39\Lib\sre_compile.py first seen with mtime 1652795110.0
File D:\BaseDjango\MuzeyProject\MuzeyServer\MuzeyServer\__init__.py first seen with mtime 1733464675.8648503
File D:\BaseDjango\MuzeyProject\.venv\Lib\site-packages\django\core\files\storage\mixins.py first seen with mtime 1733464571.3823805
File C:\Users\admin\AppData\Local\Programs\Python\Python39\Lib\statistics.py first seen with mtime 1652795110.0
File D:\BaseDjango\MuzeyProject\.venv\Lib\site-packages\django\db\models\__init__.py first seen with mtime 1733464571.5297203
File D:\BaseDjango\MuzeyProject\.venv\Lib\site-packages\django\db\backends\sqlite3\creation.py first seen with mtime 1733464571.511656
File D:\BaseDjango\MuzeyProject\.venv\Lib\site-packages\django\apps\__init__.py first seen with mtime 1733464568.4132137
File D:\BaseDjango\MuzeyProject\MuzeyServer\SearchResult\models.py first seen with mtime 1742122438.618652
File D:\BaseDjango\MuzeyProject\.venv\Lib\site-packages\sqlparse\utils.py first seen with mtime 1733464568.1241488
File D:\BaseDjango\MuzeyProject\.venv\Lib\site-packages\django\core\wsgi.py first seen with mtime 1733464571.3342824
File D:\BaseDjango\MuzeyProject\.venv\Lib\site-packages\django\db\models\functions\datetime.py first seen with mtime 1733464571.5598004
File C:\Users\admin\AppData\Local\Programs\Python\Python39\Lib\posixpath.py first seen with mtime 1652795110.0
File D:\BaseDjango\MuzeyProject\.venv\Lib\site-packages\django\core\checks\compatibility\__init__.py first seen with mtime 1733464571.3623226
File C:\Users\admin\AppData\Local\Programs\Python\Python39\Lib\selectors.py first seen with mtime 1652795110.0
File C:\Users\admin\AppData\Local\Programs\Python\Python39\Lib\difflib.py first seen with mtime 1652795110.0
File C:\Users\admin\AppData\Local\Programs\Python\Python39\Lib\asyncio\base_subprocess.py first seen with mtime 1652795110.0
File C:\Users\admin\AppData\Local\Programs\Python\Python39\Lib\ctypes\_endian.py first seen with mtime 1652795110.0
File C:\Users\admin\AppData\Local\Programs\Python\Python39\Lib\_sitebuiltins.py first seen with mtime 1652795110.0
File D:\BaseDjango\MuzeyProject\.venv\Lib\site-packages\django\contrib\admin\sites.py first seen with mtime 1733464568.6582677
File D:\BaseDjango\MuzeyProject\.venv\Lib\site-packages\django\db\models\functions\comparison.py first seen with mtime 1733464571.5588002
File D:\BaseDjango\MuzeyProject\.venv\Lib\site-packages\django\contrib\auth\checks.py first seen with mtime 1733464569.2363963
File C:\Users\admin\AppData\Local\Programs\Python\Python39\Lib\email\iterators.py first seen with mtime 1652795110.0
File C:\Users\admin\AppData\Local\Programs\Python\Python39\Lib\email\encoders.py first seen with mtime 1652795110.0
File C:\Users\admin\AppData\Local\Programs\Python\Python39\Lib\multiprocessing\context.py first seen with mtime 1652795110.0
File D:\BaseDjango\MuzeyProject\MuzeyServer\manage.py first seen with mtime 1733464675.8608496
File D:\BaseDjango\MuzeyProject\MuzeyServer\GamesList\views.py first seen with mtime 1742135042.3997183
File C:\Users\admin\AppData\Local\Programs\Python\Python39\Lib\bisect.py first seen with mtime 1652795110.0
File D:\BaseDjango\MuzeyProject\MuzeyServer\Base\apps.py first seen with mtime 1733464812.0479295
File D:\BaseDjango\MuzeyProject\.venv\Lib\site-packages\django\contrib\admin\templatetags\admin_list.py first seen with mtime 1733464569.0843625
File D:\BaseDjango\MuzeyProject\.venv\Lib\site-packages\django\middleware\__init__.py first seen with mtime 1733464571.7130628
File D:\BaseDjango\MuzeyProject\.venv\Lib\site-packages\django\templatetags\__init__.py first seen with mtime 1733464571.734145
File C:\Users\admin\AppData\Local\Programs\Python\Python39\Lib\site.py first seen with mtime 1652795110.0
File D:\BaseDjango\MuzeyProject\.venv\Lib\site-packages\django\core\cache\backends\filebased.py first seen with mtime 1733464571.338301
File D:\BaseDjango\MuzeyProject\.venv\Lib\site-packages\django\template\engine.py first seen with mtime 1733464571.7231042
File D:\BaseDjango\MuzeyProject\.venv\Lib\site-packages\django\utils\autoreload.py first seen with mtime 1733464571.7491639
File C:\Users\admin\AppData\Local\Programs\Python\Python39\Lib\email\header.py first seen with mtime 1652795110.0
File C:\Users\admin\AppData\Local\Programs\Python\Python39\Lib\ntpath.py first seen with mtime 1652795110.0
File D:\BaseDjango\MuzeyProject\.venv\Lib\site-packages\django\template\backends\base.py first seen with mtime 1733464571.7281253
File D:\BaseDjango\MuzeyProject\.venv\Lib\site-packages\sqlparse\engine\__init__.py first seen with mtime 1733464568.1241488
File D:\BaseDjango\MuzeyProject\.venv\Lib\site-packages\django\contrib\auth\models.py first seen with mtime 1733464569.2413974
File C:\Users\admin\AppData\Local\Programs\Python\Python39\Lib\asyncio\constants.py first seen with mtime 1652795110.0
File C:\Users\admin\AppData\Local\Programs\Python\Python39\Lib\struct.py first seen with mtime 1652795110.0
File C:\Users\admin\AppData\Local\Programs\Python\Python39\Lib\enum.py first seen with mtime 1652795110.0
File D:\BaseDjango\MuzeyProject\MuzeyServer\Base\views.py first seen with mtime 1742129107.892427
File D:\BaseDjango\MuzeyProject\.venv\Lib\site-packages\django\conf\__init__.py first seen with mtime 1733464568.4142137
File C:\Users\admin\AppData\Local\Programs\Python\Python39\Lib\__future__.py first seen with mtime 1652795110.0
File C:\Users\admin\AppData\Local\Programs\Python\Python39\Lib\email\contentmanager.py first seen with mtime 1652795110.0
File C:\Users\admin\AppData\Local\Programs\Python\Python39\Lib\asyncio\exceptions.py first seen with mtime 1652795110.0
File D:\BaseDjango\MuzeyProject\.venv\Lib\site-packages\PIL\__init__.py first seen with mtime 1733465806.9774215
File D:\BaseDjango\MuzeyProject\.venv\Lib\site-packages\PIL\_util.py first seen with mtime 1733465807.0054276
File C:\Users\admin\AppData\Local\Programs\Python\Python39\Lib\http\client.py first seen with mtime 1652795110.0
File D:\BaseDjango\MuzeyProject\.venv\Lib\site-packages\PIL\ExifTags.py first seen with mtime 1733465806.9324121
File D:\BaseDjango\MuzeyProject\.venv\Lib\site-packages\django\utils\crypto.py first seen with mtime 1733464571.7521827
File D:\BaseDjango\MuzeyProject\.venv\Lib\site-packages\django\db\transaction.py first seen with mtime 1733464571.4725528
File D:\BaseDjango\MuzeyProject\.venv\Lib\site-packages\django\utils\encoding.py first seen with mtime 1733464571.7582026
File D:\BaseDjango\MuzeyProject\.venv\Lib\site-packages\django\views\generic\__init__.py first seen with mtime 1733464571.7842817
File C:\Users\admin\AppData\Local\Programs\Python\Python39\Lib\os.py first seen with mtime 1652795110.0
File D:\BaseDjango\MuzeyProject\.venv\Lib\site-packages\django\db\models\functions\math.py first seen with mtime 1733464571.560819
File C:\Users\admin\AppData\Local\Programs\Python\Python39\Lib\asyncio\selector_events.py first seen with mtime 1652795110.0
File C:\Users\admin\AppData\Local\Programs\Python\Python39\Lib\email\_policybase.py first seen with mtime 1652795110.0
File C:\Users\admin\AppData\Local\Programs\Python\Python39\Lib\token.py first seen with mtime 1652795112.0
File D:\BaseDjango\MuzeyProject\.venv\Lib\site-packages\django\views\decorators\csrf.py first seen with mtime 1733464571.781283
File D:\BaseDjango\MuzeyProject\.venv\Lib\site-packages\PIL\_version.py first seen with mtime 1733465807.006428
File D:\BaseDjango\MuzeyProject\.venv\Lib\site-packages\django\contrib\contenttypes\admin.py first seen with mtime 1733464569.397432
File D:\BaseDjango\MuzeyProject\.venv\Lib\site-packages\django\core\files\base.py first seen with mtime 1733464571.3663418
File C:\Users\admin\AppData\Local\Programs\Python\Python39\Lib\contextvars.py first seen with mtime 1652795110.0
File D:\BaseDjango\MuzeyProject\.venv\Lib\site-packages\django\db\utils.py first seen with mtime 1733464571.473553
File D:\BaseDjango\MuzeyProject\.venv\Lib\site-packages\django\contrib\staticfiles\management\commands\runserver.py first seen with mtime 1733464571.3192418
File D:\BaseDjango\MuzeyProject\.venv\Lib\site-packages\django\conf\global_settings.py first seen with mtime 1733464568.4152143
File D:\BaseDjango\MuzeyProject\.venv\Lib\site-packages\django\forms\renderers.py first seen with mtime 1733464571.577861
File D:\BaseDjango\MuzeyProject\.venv\Lib\site-packages\django\db\models\options.py first seen with mtime 1733464571.5407434
File C:\Users\admin\AppData\Local\Programs\Python\Python39\Lib\email\_parseaddr.py first seen with mtime 1652795110.0
File D:\BaseDjango\MuzeyProject\.venv\Lib\site-packages\sqlparse\filters\others.py first seen with mtime 1733464568.1281497
File D:\BaseDjango\MuzeyProject\.venv\Lib\site-packages\django\db\models\utils.py first seen with mtime 1733464571.5427656
File D:\BaseDjango\MuzeyProject\.venv\Lib\site-packages\django\db\models\sql\subqueries.py first seen with mtime 1733464571.5708406
File D:\BaseDjango\MuzeyProject\.venv\Lib\site-packages\django\contrib\sessions\models.py first seen with mtime 1733464570.996325
File D:\BaseDjango\MuzeyProject\.venv\Lib\site-packages\django\db\migrations\state.py first seen with mtime 1733464571.5246992
File D:\BaseDjango\MuzeyProject\.venv\Lib\site-packages\django\template\base.py first seen with mtime 1733464571.7200851
File D:\BaseDjango\MuzeyProject\.venv\Lib\site-packages\django\template\library.py first seen with mtime 1733464571.7241046
File D:\BaseDjango\MuzeyProject\.venv\Lib\site-packages\django\http\multipartparser.py first seen with mtime 1733464571.7110627
File D:\BaseDjango\MuzeyProject\.venv\Lib\site-packages\django\db\models\sql\datastructures.py first seen with mtime 1733464571.5688398
File D:\BaseDjango\MuzeyProject\.venv\Lib\site-packages\django\utils\dateparse.py first seen with mtime 1733464571.7541828
File C:\Users\admin\AppData\Local\Programs\Python\Python39\DLLs\_hashlib.pyd first seen with mtime 1652795162.0
File D:\BaseDjango\MuzeyProject\.venv\Lib\site-packages\django\utils\lorem_ipsum.py first seen with mtime 1733464571.7652216
File D:\BaseDjango\MuzeyProject\.venv\Lib\site-packages\django\views\generic\list.py first seen with mtime 1733464571.7873027
File D:\BaseDjango\MuzeyProject\.venv\Lib\site-packages\sqlparse\filters\reindent.py first seen with mtime 1733464568.12915
File D:\BaseDjango\MuzeyProject\.venv\Lib\site-packages\django\core\checks\security\csrf.py first seen with mtime 1733464571.365342
File D:\BaseDjango\MuzeyProject\.venv\Lib\site-packages\django\core\files\locks.py first seen with mtime 1733464571.3683424
File C:\Users\admin\AppData\Local\Programs\Python\Python39\Lib\logging\__init__.py first seen with mtime 1652795110.0
File D:\BaseDjango\MuzeyProject\.venv\Lib\site-packages\django\core\checks\templates.py first seen with mtime 1733464571.3613224
File C:\Users\admin\AppData\Local\Programs\Python\Python39\Lib\platform.py first seen with mtime 1652795110.0
File C:\Users\admin\AppData\Local\Programs\Python\Python39\Lib\ctypes\wintypes.py first seen with mtime 1652795110.0
File D:\BaseDjango\MuzeyProject\.venv\Lib\site-packages\typing_extensions.py first seen with mtime 1733464568.0651357
File D:\BaseDjango\MuzeyProject\.venv\Lib\site-packages\django\core\validators.py first seen with mtime 1733464571.3342824
File D:\BaseDjango\MuzeyProject\.venv\Lib\site-packages\django\contrib\contenttypes\fields.py first seen with mtime 1733464569.3994327
File C:\Users\admin\AppData\Local\Programs\Python\Python39\DLLs\_socket.pyd first seen with mtime 1652795162.0
File D:\BaseDjango\MuzeyProject\MuzeyServer\SearchResult\__init__.py first seen with mtime 1733465047.6744561
File D:\BaseDjango\MuzeyProject\.venv\Lib\site-packages\sqlparse\filters\aligned_indent.py first seen with mtime 1733464568.1271496
File D:\BaseDjango\MuzeyProject\.venv\Lib\site-packages\django\core\checks\translation.py first seen with mtime 1733464571.3613224
File D:\BaseDjango\MuzeyProject\.venv\Lib\site-packages\django\contrib\staticfiles\views.py first seen with mtime 1733464571.3172204
File D:\BaseDjango\MuzeyProject\.venv\Lib\site-packages\django\views\debug.py first seen with mtime 1733464571.7772622
File D:\BaseDjango\MuzeyProject\.venv\Lib\site-packages\django\views\decorators\cache.py first seen with mtime 1733464571.7802627
File D:\BaseDjango\MuzeyProject\.venv\Lib\site-packages\sqlparse\sql.py first seen with mtime 1733464568.1231487
File D:\BaseDjango\MuzeyProject\.venv\Lib\site-packages\django\utils\hashable.py first seen with mtime 1733464571.7602026
File C:\Users\admin\AppData\Local\Programs\Python\Python39\Lib\multiprocessing\reduction.py first seen with mtime 1652795110.0
File D:\BaseDjango\MuzeyProject\.venv\Lib\site-packages\django\template\autoreload.py first seen with mtime 1733464571.7190845
File C:\Users\admin\AppData\Local\Programs\Python\Python39\Lib\tokenize.py first seen with mtime 1652795112.0
File C:\Users\admin\AppData\Local\Programs\Python\Python39\Lib\email\_encoded_words.py first seen with mtime 1652795110.0
File D:\BaseDjango\MuzeyProject\.venv\Lib\site-packages\django\utils\topological_sort.py first seen with mtime 1733464571.7702415
File D:\BaseDjango\MuzeyProject\.venv\Lib\site-packages\sqlparse\filters\output.py first seen with mtime 1733464568.1281497
File D:\BaseDjango\MuzeyProject\MuzeyServer\GamesList\models.py first seen with mtime 1733464820.7293448
File D:\BaseDjango\MuzeyProject\.venv\Lib\site-packages\django\contrib\staticfiles\utils.py first seen with mtime 1733464571.3162203
File D:\BaseDjango\MuzeyProject\.venv\Lib\site-packages\PIL\Image.py first seen with mtime 1733465806.941414
File C:\Users\admin\AppData\Local\Programs\Python\Python39\Lib\importlib\__init__.py first seen with mtime 1652795110.0
File D:\BaseDjango\MuzeyProject\.venv\Lib\site-packages\django\contrib\auth\backends.py first seen with mtime 1733464569.235396
File D:\BaseDjango\MuzeyProject\.venv\Lib\site-packages\django\utils\timezone.py first seen with mtime 1733464571.769243
File D:\BaseDjango\MuzeyProject\.venv\Lib\site-packages\django\utils\log.py first seen with mtime 1733464571.7642217
File D:\BaseDjango\MuzeyProject\.venv\Lib\site-packages\django\urls\exceptions.py first seen with mtime 1733464571.7451646
File D:\BaseDjango\MuzeyProject\.venv\Lib\site-packages\django\template\backends\__init__.py first seen with mtime 1733464571.7271051
File C:\Users\admin\AppData\Local\Programs\Python\Python39\Lib\wsgiref\util.py first seen with mtime 1652795112.0
File C:\Users\admin\AppData\Local\Programs\Python\Python39\Lib\_compression.py first seen with mtime 1652795110.0
File D:\BaseDjango\MuzeyProject\.venv\Lib\site-packages\django\contrib\auth\management\__init__.py first seen with mtime 1733464569.3864298
File D:\BaseDjango\MuzeyProject\.venv\Lib\site-packages\django\middleware\security.py first seen with mtime 1733464571.7180846
File C:\Users\admin\AppData\Local\Programs\Python\Python39\Lib\encodings\__init__.py first seen with mtime 1652795110.0
File D:\BaseDjango\MuzeyProject\MuzeyServer\SearchResult\apps.py first seen with mtime 1733465047.6724558
File C:\Users\admin\AppData\Local\Programs\Python\Python39\Lib\argparse.py first seen with mtime 1652795110.0
File D:\BaseDjango\MuzeyProject\.venv\Lib\site-packages\django\db\models\query.py first seen with mtime 1733464571.5407434
File D:\BaseDjango\MuzeyProject\.venv\Lib\site-packages\django\db\backends\base\creation.py first seen with mtime 1733464571.4785724
File D:\BaseDjango\MuzeyProject\.venv\Lib\site-packages\django\db\models\sql\constants.py first seen with mtime 1733464571.5688398
File C:\Users\admin\AppData\Local\Programs\Python\Python39\Lib\email\mime\message.py first seen with mtime 1652795110.0
File C:\Users\admin\AppData\Local\Programs\Python\Python39\Lib\copy.py first seen with mtime 1652795110.0
File D:\BaseDjango\MuzeyProject\MuzeyServer\Base\models.py first seen with mtime 1742134843.2951288
File D:\BaseDjango\MuzeyProject\.venv\Lib\site-packages\django\contrib\auth\__init__.py first seen with mtime 1733464569.2333956
File D:\BaseDjango\MuzeyProject\.venv\Lib\site-packages\django\templatetags\static.py first seen with mtime 1733464571.7361436
File C:\Users\admin\AppData\Local\Programs\Python\Python39\Lib\asyncio\protocols.py first seen with mtime 1652795110.0
File C:\Users\admin\AppData\Local\Programs\Python\Python39\Lib\html\parser.py first seen with mtime 1652795110.0
File C:\Users\admin\AppData\Local\Programs\Python\Python39\Lib\_weakrefset.py first seen with mtime 1652795110.0
File D:\BaseDjango\MuzeyProject\.venv\Lib\site-packages\django\core\files\move.py first seen with mtime 1733464571.3683424
File D:\BaseDjango\MuzeyProject\.venv\Lib\site-packages\django\db\models\aggregates.py first seen with mtime 1733464571.5307207
File D:\BaseDjango\MuzeyProject\.venv\Lib\site-packages\django\contrib\admin\templatetags\admin_urls.py first seen with mtime 1733464569.0853627
File C:\Users\admin\AppData\Local\Programs\Python\Python39\Lib\concurrent\futures\_base.py first seen with mtime 1652795110.0
File C:\Users\admin\AppData\Local\Programs\Python\Python39\Lib\nturl2path.py first seen with mtime 1652795110.0
File D:\BaseDjango\MuzeyProject\.venv\Lib\site-packages\django\utils\text.py first seen with mtime 1733464571.768222
File C:\Users\admin\AppData\Local\Programs\Python\Python39\Lib\_bootlocale.py first seen with mtime 1652795110.0
File D:\BaseDjango\MuzeyProject\.venv\Lib\site-packages\django\contrib\auth\password_validation.py first seen with mtime 1733464569.2423975
File D:\BaseDjango\MuzeyProject\.venv\Lib\site-packages\django\core\cache\backends\base.py first seen with mtime 1733464571.3373022
File D:\BaseDjango\MuzeyProject\.venv\Lib\site-packages\django\db\models\indexes.py first seen with mtime 1733464571.538743
File D:\BaseDjango\MuzeyProject\MuzeyServer\SearchResult\views.py first seen with mtime 1733725445.2956367
File D:\BaseDjango\MuzeyProject\.venv\Lib\site-packages\django\utils\ipv6.py first seen with mtime 1733464571.7622032
File C:\Users\admin\AppData\Local\Programs\Python\Python39\Lib\signal.py first seen with mtime 1652795110.0
File D:\BaseDjango\MuzeyProject\.venv\Lib\site-packages\django\template\__init__.py first seen with mtime 1733464571.7180846
File C:\Users\admin\AppData\Local\Programs\Python\Python39\Lib\urllib\response.py first seen with mtime 1652795112.0
File D:\BaseDjango\MuzeyProject\.venv\Lib\site-packages\sqlparse\__init__.py first seen with mtime 1733464568.118148
File C:\Users\admin\AppData\Local\Programs\Python\Python39\Lib\zoneinfo\__init__.py first seen with mtime 1652795112.0
File D:\BaseDjango\MuzeyProject\.venv\Lib\site-packages\django\views\i18n.py first seen with mtime 1733464571.7782624
File D:\BaseDjango\MuzeyProject\.venv\Lib\site-packages\django\contrib\auth\hashers.py first seen with mtime 1733464569.2403972
File C:\Users\admin\AppData\Local\Programs\Python\Python39\Lib\keyword.py first seen with mtime 1652795110.0
File D:\BaseDjango\MuzeyProject\.venv\Lib\site-packages\django\views\csrf.py first seen with mtime 1733464571.7762623
File D:\BaseDjango\MuzeyProject\.venv\Lib\site-packages\django\utils\dateformat.py first seen with mtime 1733464571.7531826
File D:\BaseDjango\MuzeyProject\.venv\Lib\site-packages\django\db\models\expressions.py first seen with mtime 1733464571.537743
File D:\BaseDjango\MuzeyProject\.venv\Lib\site-packages\django\core\checks\compatibility\django_4_0.py first seen with mtime 1733464571.363323
File D:\BaseDjango\MuzeyProject\.venv\Lib\site-packages\django\core\paginator.py first seen with mtime 1733464571.3262625
File D:\BaseDjango\MuzeyProject\.venv\Lib\site-packages\django\forms\utils.py first seen with mtime 1733464571.5788605
File C:\Users\admin\AppData\Local\Programs\Python\Python39\Lib\asyncio\runners.py first seen with mtime 1652795110.0
File D:\BaseDjango\MuzeyProject\.venv\Lib\site-packages\django\contrib\auth\apps.py first seen with mtime 1733464569.235396
File D:\BaseDjango\MuzeyProject\.venv\Lib\site-packages\_distutils_hack\__init__.py first seen with mtime 1733464432.163577
File D:\BaseDjango\MuzeyProject\.venv\Lib\site-packages\django\contrib\sites\requests.py first seen with mtime 1733464571.1517773
File D:\BaseDjango\MuzeyProject\.venv\Lib\site-packages\django\templatetags\l10n.py first seen with mtime 1733464571.7361436
File C:\Users\admin\AppData\Local\Programs\Python\Python39\Lib\asyncio\locks.py first seen with mtime 1652795110.0
File D:\BaseDjango\MuzeyProject\.venv\Lib\site-packages\django\utils\duration.py first seen with mtime 1733464571.7572038
File D:\BaseDjango\MuzeyProject\.venv\Lib\site-packages\django\core\checks\model_checks.py first seen with mtime 1733464571.359322
File C:\Users\admin\AppData\Local\Programs\Python\Python39\Lib\hmac.py first seen with mtime 1652795110.0
File C:\Users\admin\AppData\Local\Programs\Python\Python39\Lib\email\utils.py first seen with mtime 1652795110.0
File C:\Users\admin\AppData\Local\Programs\Python\Python39\Lib\inspect.py first seen with mtime 1652795110.0
File C:\Users\admin\AppData\Local\Programs\Python\Python39\Lib\uuid.py first seen with mtime 1652795112.0
File D:\BaseDjango\MuzeyProject\MuzeyServer\GamesList\__init__.py first seen with mtime 1733464820.7313454
File D:\BaseDjango\MuzeyProject\.venv\Lib\site-packages\django\db\migrations\exceptions.py first seen with mtime 1733464571.5166779
File D:\BaseDjango\MuzeyProject\.venv\Lib\site-packages\django\utils\safestring.py first seen with mtime 1733464571.7672222
File C:\Users\admin\AppData\Local\Programs\Python\Python39\Lib\ast.py first seen with mtime 1652795110.0
File D:\BaseDjango\MuzeyProject\.venv\Lib\site-packages\django\contrib\admin\actions.py first seen with mtime 1733464568.651266
File C:\Users\admin\AppData\Local\Programs\Python\Python39\Lib\sysconfig.py first seen with mtime 1652795110.0
File C:\Users\admin\AppData\Local\Programs\Python\Python39\Lib\email\mime\text.py first seen with mtime 1652795110.0
File C:\Users\admin\AppData\Local\Programs\Python\Python39\Lib\asyncio\events.py first seen with mtime 1652795110.0
File D:\BaseDjango\MuzeyProject\.venv\Lib\site-packages\django\core\files\images.py first seen with mtime 1733464571.367342
File C:\Users\admin\AppData\Local\Programs\Python\Python39\Lib\wsgiref\__init__.py first seen with mtime 1652795112.0
File D:\BaseDjango\MuzeyProject\.venv\Lib\site-packages\django\urls\converters.py first seen with mtime 1733464571.7451646
File D:\BaseDjango\MuzeyProject\.venv\Lib\site-packages\django\utils\numberformat.py first seen with mtime 1733464571.7662218
File D:\BaseDjango\MuzeyProject\.venv\Lib\site-packages\django\core\management\__init__.py first seen with mtime 1733464571.3964193
File C:\Users\admin\AppData\Local\Programs\Python\Python39\Lib\wsgiref\headers.py first seen with mtime 1652795112.0
File D:\BaseDjango\MuzeyProject\.venv\Lib\site-packages\django\contrib\admin\exceptions.py first seen with mtime 1733464568.6542668
File C:\Users\admin\AppData\Local\Programs\Python\Python39\Lib\email\feedparser.py first seen with mtime 1652795110.0
File D:\BaseDjango\MuzeyProject\.venv\Lib\site-packages\django\db\models\fields\__init__.py first seen with mtime 1733464571.5437646
File D:\BaseDjango\MuzeyProject\.venv\Lib\site-packages\django\views\generic\dates.py first seen with mtime 1733464571.785282
File D:\BaseDjango\MuzeyProject\.venv\Lib\site-packages\sqlparse\engine\statement_splitter.py first seen with mtime 1733464568.1261494
File C:\Users\admin\AppData\Local\Programs\Python\Python39\Lib\random.py first seen with mtime 1652795110.0
File C:\Users\admin\AppData\Local\Programs\Python\Python39\Lib\email\policy.py first seen with mtime 1652795110.0
File D:\BaseDjango\MuzeyProject\.venv\Lib\site-packages\django\core\handlers\exception.py first seen with mtime 1733464571.3843806
File C:\Users\admin\AppData\Local\Programs\Python\Python39\Lib\gzip.py first seen with mtime 1652795110.0
File D:\BaseDjango\MuzeyProject\MuzeyServer\SearchMenu\models.py first seen with mtime 1733558091.3495717
File C:\Users\admin\AppData\Local\Programs\Python\Python39\Lib\sre_parse.py first seen with mtime 1652795110.0
File D:\BaseDjango\MuzeyProject\.venv\Lib\site-packages\django\utils\http.py first seen with mtime 1733464571.7612028
File C:\Users\admin\AppData\Local\Programs\Python\Python39\DLLs\_sqlite3.pyd first seen with mtime 1652795162.0
File C:\Users\admin\AppData\Local\Programs\Python\Python39\Lib\traceback.py first seen with mtime 1652795112.0
File C:\Users\admin\AppData\Local\Programs\Python\Python39\Lib\asyncio\format_helpers.py first seen with mtime 1652795110.0
File C:\Users\admin\AppData\Local\Programs\Python\Python39\Lib\collections\__init__.py first seen with mtime 1652795110.0
File D:\BaseDjango\MuzeyProject\.venv\Lib\site-packages\django\core\files\utils.py first seen with mtime 1733464571.3783607
File C:\Users\admin\AppData\Local\Programs\Python\Python39\Lib\locale.py first seen with mtime 1652795110.0
File D:\BaseDjango\MuzeyProject\.venv\Lib\site-packages\django\contrib\messages\api.py first seen with mtime 1733464570.721454
File D:\BaseDjango\MuzeyProject\.venv\Lib\site-packages\django\contrib\messages\constants.py first seen with mtime 1733464570.7224536
File C:\Users\admin\AppData\Local\Programs\Python\Python39\Lib\queue.py first seen with mtime 1652795110.0
File D:\BaseDjango\MuzeyProject\MuzeyServer\GamesList\apps.py first seen with mtime 1733464820.7283447
File D:\BaseDjango\MuzeyProject\.venv\Lib\site-packages\django\core\files\storage\handler.py first seen with mtime 1733464571.3803613
File D:\BaseDjango\MuzeyProject\.venv\Lib\site-packages\django\db\__init__.py first seen with mtime 1733464571.4725528
File C:\Users\admin\AppData\Local\Programs\Python\Python39\Lib\pprint.py first seen with mtime 1652795110.0
File D:\BaseDjango\MuzeyProject\.venv\Lib\site-packages\django\db\backends\signals.py first seen with mtime 1733464571.475572
File D:\BaseDjango\MuzeyProject\.venv\Lib\site-packages\django\db\models\lookups.py first seen with mtime 1733464571.538743
File D:\BaseDjango\MuzeyProject\.venv\Lib\site-packages\django\template\loaders\base.py first seen with mtime 1733464571.7321243
File D:\BaseDjango\MuzeyProject\.venv\Lib\site-packages\django\contrib\admin\filters.py first seen with mtime 1733464568.6552672
File C:\Users\admin\AppData\Local\Programs\Python\Python39\Lib\asyncio\transports.py first seen with mtime 1652795110.0
File C:\Users\admin\AppData\Local\Programs\Python\Python39\Lib\lzma.py first seen with mtime 1652795110.0
File D:\BaseDjango\MuzeyProject\.venv\Lib\site-packages\django\template\utils.py first seen with mtime 1733464571.7271051
File D:\BaseDjango\MuzeyProject\.venv\Lib\site-packages\django\contrib\auth\middleware.py first seen with mtime 1733464569.2403972
File D:\BaseDjango\MuzeyProject\.venv\Lib\site-packages\django\db\models\fields\files.py first seen with mtime 1733464571.5447645
File D:\BaseDjango\MuzeyProject\.venv\Lib\site-packages\django\forms\models.py first seen with mtime 1733464571.5768602
File D:\BaseDjango\MuzeyProject\.venv\Lib\site-packages\sqlparse\keywords.py first seen with mtime 1733464568.1211486
File C:\Users\admin\AppData\Local\Programs\Python\Python39\Lib\asyncio\base_futures.py first seen with mtime 1652795110.0
File D:\BaseDjango\MuzeyProject\.venv\Lib\site-packages\django\core\exceptions.py first seen with mtime 1733464571.3262625
File D:\BaseDjango\MuzeyProject\.venv\Lib\site-packages\django\utils\translation\reloader.py first seen with mtime 1733464571.7732427
File C:\Users\admin\AppData\Local\Programs\Python\Python39\Lib\email\base64mime.py first seen with mtime 1652795110.0
File C:\Users\admin\AppData\Local\Programs\Python\Python39\Lib\operator.py first seen with mtime 1652795110.0
File D:\BaseDjango\MuzeyProject\.venv\Lib\site-packages\django\core\serializers\base.py first seen with mtime 1733464571.4675303
File C:\Users\admin\AppData\Local\Programs\Python\Python39\Lib\http\server.py first seen with mtime 1652795110.0
File D:\BaseDjango\MuzeyProject\.venv\Lib\site-packages\django\http\cookie.py first seen with mtime 1733464571.7110627
File D:\BaseDjango\MuzeyProject\.venv\Lib\site-packages\django\http\request.py first seen with mtime 1733464571.7120624
File D:\BaseDjango\MuzeyProject\.venv\Lib\site-packages\django\utils\module_loading.py first seen with mtime 1733464571.7652216
File D:\BaseDjango\MuzeyProject\.venv\Lib\site-packages\django\contrib\admin\decorators.py first seen with mtime 1733464568.6532667
File D:\BaseDjango\MuzeyProject\.venv\Lib\site-packages\django\contrib\auth\base_user.py first seen with mtime 1733464569.2363963
File C:\Users\admin\AppData\Local\Programs\Python\Python39\Lib\asyncio\log.py first seen with mtime 1652795110.0
File D:\BaseDjango\MuzeyProject\.venv\Lib\site-packages\django\contrib\staticfiles\__init__.py first seen with mtime 1733464571.3092191
File C:\Users\admin\AppData\Local\Programs\Python\Python39\Lib\email\_header_value_parser.py first seen with mtime 1652795110.0
File C:\Users\admin\AppData\Local\Programs\Python\Python39\Lib\importlib\util.py first seen with mtime 1652795110.0
File D:\BaseDjango\MuzeyProject\.venv\Lib\site-packages\django\views\decorators\__init__.py first seen with mtime 1733464571.7792625
File C:\Users\admin\AppData\Local\Programs\Python\Python39\Lib\functools.py first seen with mtime 1652795110.0
File D:\BaseDjango\MuzeyProject\.venv\Lib\site-packages\django\core\serializers\json.py first seen with mtime 1733464571.4675303
File C:\Users\admin\AppData\Local\Programs\Python\Python39\Lib\json\decoder.py first seen with mtime 1652795110.0
File C:\Users\admin\AppData\Local\Programs\Python\Python39\Lib\base64.py first seen with mtime 1652795110.0
File D:\BaseDjango\MuzeyProject\.venv\Lib\site-packages\django\db\backends\sqlite3\client.py first seen with mtime 1733464571.5106559
File D:\BaseDjango\MuzeyProject\.venv\Lib\site-packages\django\forms\widgets.py first seen with mtime 1733464571.5788605
File D:\BaseDjango\MuzeyProject\.venv\Lib\site-packages\django\core\management\commands\runserver.py first seen with mtime 1733464571.4595292
File D:\BaseDjango\MuzeyProject\MuzeyServer\GamesList\admin.py first seen with mtime 1733464820.7233436
File D:\BaseDjango\MuzeyProject\.venv\Lib\site-packages\django\db\backends\sqlite3\operations.py first seen with mtime 1733464571.5136783
File D:\BaseDjango\MuzeyProject\.venv\Lib\site-packages\django\utils\_os.py first seen with mtime 1733464571.7471642
File C:\Users\admin\AppData\Local\Programs\Python\Python39\Lib\glob.py first seen with mtime 1652795110.0
File C:\Users\admin\AppData\Local\Programs\Python\Python39\Lib\contextlib.py first seen with mtime 1652795110.0
File D:\BaseDjango\MuzeyProject\.venv\Lib\site-packages\django\db\migrations\operations\special.py first seen with mtime 1733464571.5297203
File D:\BaseDjango\MuzeyProject\.venv\Lib\site-packages\django\utils\asyncio.py first seen with mtime 1733464571.7491639
File D:\BaseDjango\MuzeyProject\.venv\Lib\site-packages\django\core\checks\security\__init__.py first seen with mtime 1733464571.363323
File D:\BaseDjango\MuzeyProject\.venv\Lib\site-packages\django\db\migrations\operations\base.py first seen with mtime 1733464571.5277197
File C:\Users\admin\AppData\Local\Programs\Python\Python39\Lib\urllib\parse.py first seen with mtime 1652795112.0
File D:\BaseDjango\MuzeyProject\.venv\Lib\site-packages\django\db\backends\sqlite3\features.py first seen with mtime 1733464571.5126562
File D:\BaseDjango\MuzeyProject\.venv\Lib\site-packages\django\utils\formats.py first seen with mtime 1733464571.7592025
File C:\Users\admin\AppData\Local\Programs\Python\Python39\Lib\abc.py first seen with mtime 1652795110.0
File D:\BaseDjango\MuzeyProject\.venv\Lib\site-packages\django\views\defaults.py first seen with mtime 1733464571.7772622
File D:\BaseDjango\MuzeyProject\.venv\Lib\site-packages\django\contrib\admin\templatetags\admin_modify.py first seen with mtime 1733464569.0853627
File D:\BaseDjango\MuzeyProject\.venv\Lib\site-packages\PIL\ImageFont.py first seen with mtime 1733465806.9474156
File C:\Users\admin\AppData\Local\Programs\Python\Python39\Lib\email\mime\base.py first seen with mtime 1652795110.0
File D:\BaseDjango\MuzeyProject\.venv\Lib\site-packages\django\http\__init__.py first seen with mtime 1733464571.7100637
File C:\Users\admin\AppData\Local\Programs\Python\Python39\Lib\pkgutil.py first seen with mtime 1652795110.0
File C:\Users\admin\AppData\Local\Programs\Python\Python39\Lib\sqlite3\dbapi2.py first seen with mtime 1652795110.0
File D:\BaseDjango\MuzeyProject\.venv\Lib\site-packages\django\contrib\staticfiles\apps.py first seen with mtime 1733464571.3092191
File D:\BaseDjango\MuzeyProject\.venv\Lib\site-packages\django\contrib\auth\validators.py first seen with mtime 1733464569.2443984
File D:\BaseDjango\MuzeyProject\.venv\Lib\site-packages\django\core\cache\utils.py first seen with mtime 1733464571.3362825
File C:\Users\admin\AppData\Local\Programs\Python\Python39\Lib\io.py first seen with mtime 1652795110.0
File D:\BaseDjango\MuzeyProject\.venv\Lib\site-packages\django\template\context.py first seen with mtime 1733464571.7200851
File D:\BaseDjango\MuzeyProject\.venv\Lib\site-packages\django\core\checks\messages.py first seen with mtime 1733464571.3473194
File D:\BaseDjango\MuzeyProject\MuzeyServer\SearchMenu\__init__.py first seen with mtime 1733464938.664223
File D:\BaseDjango\MuzeyProject\MuzeyServer\Base\admin.py first seen with mtime 1742129082.4737725
File D:\BaseDjango\MuzeyProject\.venv\Lib\site-packages\django\core\files\storage\memory.py first seen with mtime 1733464571.3813818
File D:\BaseDjango\MuzeyProject\.venv\Lib\site-packages\django\db\models\fields\related_lookups.py first seen with mtime 1733464571.5578
File D:\BaseDjango\MuzeyProject\.venv\Lib\site-packages\django\template\loaders\__init__.py first seen with mtime 1733464571.7311242
File C:\Users\admin\AppData\Local\Programs\Python\Python39\Lib\getpass.py first seen with mtime 1652795110.0
File C:\Users\admin\AppData\Local\Programs\Python\Python39\Lib\gettext.py first seen with mtime 1652795110.0
File D:\BaseDjango\MuzeyProject\.venv\Lib\site-packages\django\db\models\constants.py first seen with mtime 1733464571.5317433
File D:\BaseDjango\MuzeyProject\.venv\Lib\site-packages\django\contrib\contenttypes\forms.py first seen with mtime 1733464569.4004328
File D:\BaseDjango\MuzeyProject\.venv\Lib\site-packages\django\db\models\constraints.py first seen with mtime 1733464571.5327415
File D:\BaseDjango\MuzeyProject\.venv\Lib\site-packages\django\db\models\manager.py first seen with mtime 1733464571.5397432
File C:\Users\admin\AppData\Local\Programs\Python\Python39\Lib\email\quoprimime.py first seen with mtime 1652795110.0
File C:\Users\admin\AppData\Local\Programs\Python\Python39\Lib\zoneinfo\_tzpath.py first seen with mtime 1652795112.0
File D:\BaseDjango\MuzeyProject\.venv\Lib\site-packages\django\contrib\staticfiles\management\commands\__init__.py first seen with mtime 1733464571.3182206
File C:\Users\admin\AppData\Local\Programs\Python\Python39\Lib\multiprocessing\process.py first seen with mtime 1652795110.0
File C:\Users\admin\AppData\Local\Programs\Python\Python39\Lib\ssl.py first seen with mtime 1652795110.0
File D:\BaseDjango\MuzeyProject\.venv\Lib\site-packages\django\forms\__init__.py first seen with mtime 1733464571.57386
File D:\BaseDjango\MuzeyProject\.venv\Lib\site-packages\django\core\serializers\__init__.py first seen with mtime 1733464571.4665303
File D:\BaseDjango\MuzeyProject\.venv\Lib\site-packages\django\db\backends\sqlite3\introspection.py first seen with mtime 1733464571.5126562
File D:\BaseDjango\MuzeyProject\.venv\Lib\site-packages\django\core\servers\basehttp.py first seen with mtime 1733464571.4715526
File D:\BaseDjango\MuzeyProject\.venv\Lib\site-packages\django\middleware\csrf.py first seen with mtime 1733464571.715063
File D:\BaseDjango\MuzeyProject\.venv\Lib\site-packages\django\templatetags\i18n.py first seen with mtime 1733464571.7351434
File D:\BaseDjango\MuzeyProject\.venv\Lib\site-packages\django\utils\__init__.py first seen with mtime 1733464571.7471642
File C:\Users\admin\AppData\Local\Programs\Python\Python39\Lib\uu.py first seen with mtime 1652795112.0
File C:\Users\admin\AppData\Local\Programs\Python\Python39\Lib\bz2.py first seen with mtime 1652795110.0
File C:\Users\admin\AppData\Local\Programs\Python\Python39\DLLs\_ctypes.pyd first seen with mtime 1652795162.0
File D:\BaseDjango\MuzeyProject\.venv\Lib\site-packages\django\contrib\sites\shortcuts.py first seen with mtime 1733464571.1527772
File C:\Users\admin\AppData\Local\Programs\Python\Python39\Lib\codecs.py first seen with mtime 1652795110.0
File C:\Users\admin\AppData\Local\Programs\Python\Python39\Lib\email\__init__.py first seen with mtime 1652795110.0
File C:\Users\admin\AppData\Local\Programs\Python\Python39\Lib\email\charset.py first seen with mtime 1652795110.0
File D:\BaseDjango\MuzeyProject\.venv\Lib\site-packages\django\template\defaulttags.py first seen with mtime 1733464571.722106
File C:\Users\admin\AppData\Local\Programs\Python\Python39\Lib\asyncio\sslproto.py first seen with mtime 1652795110.0
File C:\Users\admin\AppData\Local\Programs\Python\Python39\Lib\asyncio\base_events.py first seen with mtime 1652795110.0
File D:\BaseDjango\MuzeyProject\.venv\Lib\site-packages\asgiref\current_thread_executor.py first seen with mtime 1733464568.252178
File D:\BaseDjango\MuzeyProject\MuzeyServer\SearchMenu\apps.py first seen with mtime 1733464938.6622224
File C:\Users\admin\AppData\Local\Programs\Python\Python39\Lib\re.py first seen with mtime 1652795110.0
File C:\Users\admin\AppData\Local\Programs\Python\Python39\Lib\asyncio\windows_utils.py first seen with mtime 1652795110.0
File D:\BaseDjango\MuzeyProject\.venv\Lib\site-packages\PIL\ImageDraw.py first seen with mtime 1733465806.944415
File C:\Users\admin\AppData\Local\Programs\Python\Python39\Lib\concurrent\futures\__init__.py first seen with mtime 1652795110.0
File D:\BaseDjango\MuzeyProject\.venv\Lib\site-packages\django\utils\termcolors.py first seen with mtime 1733464571.7672222
File D:\BaseDjango\MuzeyProject\.venv\Lib\site-packages\django\utils\connection.py first seen with mtime 1733464571.751184
File D:\BaseDjango\MuzeyProject\.venv\Lib\site-packages\django\contrib\messages\storage\base.py first seen with mtime 1733464570.726472
File D:\BaseDjango\MuzeyProject\.venv\Lib\site-packages\django\core\files\uploadhandler.py first seen with mtime 1733464571.3773606
File C:\Users\admin\AppData\Local\Programs\Python\Python39\Lib\sqlite3\__init__.py first seen with mtime 1652795110.0
File D:\BaseDjango\MuzeyProject\.venv\Lib\site-packages\django\core\checks\registry.py first seen with mtime 1733464571.360322
File D:\BaseDjango\MuzeyProject\.venv\Lib\site-packages\django\middleware\cache.py first seen with mtime 1733464571.7130628
File C:\Users\admin\AppData\Local\Programs\Python\Python39\Lib\asyncio\tasks.py first seen with mtime 1652795110.0
File C:\Users\admin\AppData\Local\Programs\Python\Python39\Lib\urllib\error.py first seen with mtime 1652795112.0
File C:\Users\admin\AppData\Local\Programs\Python\Python39\Lib\socket.py first seen with mtime 1652795110.0
File D:\BaseDjango\MuzeyProject\.venv\Lib\site-packages\django\templatetags\cache.py first seen with mtime 1733464571.7351434
File D:\BaseDjango\MuzeyProject\.venv\Lib\site-packages\django\core\checks\security\sessions.py first seen with mtime 1733464571.365342
File D:\BaseDjango\MuzeyProject\.venv\Lib\site-packages\django\utils\datastructures.py first seen with mtime 1733464571.7521827
File C:\Users\admin\AppData\Local\Programs\Python\Python39\Lib\linecache.py first seen with mtime 1652795110.0
File D:\BaseDjango\MuzeyProject\.venv\Lib\site-packages\django\contrib\staticfiles\finders.py first seen with mtime 1733464571.310219
File D:\BaseDjango\MuzeyProject\.venv\Lib\site-packages\PIL\_imagingft.cp39-win_amd64.pyd first seen with mtime 1733465806.9994264
File D:\BaseDjango\MuzeyProject\.venv\Lib\site-packages\django\views\__init__.py first seen with mtime 1733464571.7752633
File D:\BaseDjango\MuzeyProject\.venv\Lib\site-packages\django\contrib\contenttypes\checks.py first seen with mtime 1733464569.3994327
File D:\BaseDjango\MuzeyProject\.venv\Lib\site-packages\django\conf\locale\__init__.py first seen with mtime 1733464568.4222155
File D:\BaseDjango\MuzeyProject\.venv\Lib\site-packages\django\http\response.py first seen with mtime 1733464571.7120624
File D:\BaseDjango\MuzeyProject\.venv\Lib\site-packages\django\shortcuts.py first seen with mtime 1733464568.4122136
File D:\BaseDjango\MuzeyProject\MuzeyServer\SearchMenu\views.py first seen with mtime 1739203012.594634
File C:\Users\admin\AppData\Local\Programs\Python\Python39\Lib\asyncio\futures.py first seen with mtime 1652795110.0
File D:\BaseDjango\MuzeyProject\.venv\Lib\site-packages\django\template\loader_tags.py first seen with mtime 1733464571.7251048
File C:\Users\admin\AppData\Local\Programs\Python\Python39\Lib\fnmatch.py first seen with mtime 1652795110.0
File C:\Users\admin\AppData\Local\Programs\Python\Python39\Lib\http\__init__.py first seen with mtime 1652795110.0
File D:\BaseDjango\MuzeyProject\.venv\Lib\site-packages\_virtualenv.py first seen with mtime 1733464431.870555
File C:\Users\admin\AppData\Local\Programs\Python\Python39\Lib\email\mime\__init__.py first seen with mtime 1652795110.0
File D:\BaseDjango\MuzeyProject\.venv\Lib\site-packages\django\core\files\__init__.py first seen with mtime 1733464571.3663418
File C:\Users\admin\AppData\Local\Programs\Python\Python39\Lib\email\headerregistry.py first seen with mtime 1652795110.0
File D:\BaseDjango\MuzeyProject\.venv\Lib\site-packages\django\core\mail\message.py first seen with mtime 1733464571.386381
File D:\BaseDjango\MuzeyProject\.venv\Lib\site-packages\django\contrib\__init__.py first seen with mtime 1733464568.650266
File C:\Users\admin\AppData\Local\Programs\Python\Python39\Lib\typing.py first seen with mtime 1652795112.0
File D:\BaseDjango\MuzeyProject\.venv\Lib\site-packages\django\db\models\fields\json.py first seen with mtime 1733464571.5447645
File C:\Users\admin\AppData\Local\Programs\Python\Python39\Lib\asyncio\threads.py first seen with mtime 1652795110.0
File C:\Users\admin\AppData\Local\Programs\Python\Python39\Lib\http\cookies.py first seen with mtime 1652795110.0
File D:\BaseDjango\MuzeyProject\.venv\Lib\site-packages\django\db\models\deletion.py first seen with mtime 1733464571.533742
File C:\Users\admin\AppData\Local\Programs\Python\Python39\Lib\_compat_pickle.py first seen with mtime 1652795110.0
File C:\Users\admin\AppData\Local\Programs\Python\Python39\Lib\dis.py first seen with mtime 1652795110.0
File D:\BaseDjango\MuzeyProject\.venv\Lib\site-packages\django\db\backends\__init__.py first seen with mtime 1733464571.4745731
File C:\Users\admin\AppData\Local\Programs\Python\Python39\Lib\asyncio\trsock.py first seen with mtime 1652795110.0
File C:\Users\admin\AppData\Local\Programs\Python\Python39\DLLs\_lzma.pyd first seen with mtime 1652795162.0
File C:\Users\admin\AppData\Local\Programs\Python\Python39\Lib\pickle.py first seen with mtime 1652795110.0
File C:\Users\admin\AppData\Local\Programs\Python\Python39\Lib\asyncio\queues.py first seen with mtime 1652795110.0
File D:\BaseDjango\MuzeyProject\.venv\Lib\site-packages\django\core\files\storage\base.py first seen with mtime 1733464571.379361
File C:\Users\admin\AppData\Local\Programs\Python\Python39\DLLs\_overlapped.pyd first seen with mtime 1652795162.0
File D:\BaseDjango\MuzeyProject\.venv\Lib\site-packages\django\db\models\query_utils.py first seen with mtime 1733464571.5417435
File C:\Users\admin\AppData\Local\Programs\Python\Python39\Lib\encodings\aliases.py first seen with mtime 1652795110.0
File D:\BaseDjango\MuzeyProject\.venv\Lib\site-packages\django\forms\boundfield.py first seen with mtime 1733464571.57386
File D:\BaseDjango\MuzeyProject\.venv\Lib\site-packages\django\db\backends\base\client.py first seen with mtime 1733464571.477572
File C:\Users\admin\AppData\Local\Programs\Python\Python39\Lib\tempfile.py first seen with mtime 1652795110.0
File D:\BaseDjango\MuzeyProject\.venv\Lib\site-packages\django\db\backends\base\operations.py first seen with mtime 1733464571.4805734
File D:\BaseDjango\MuzeyProject\.venv\Lib\site-packages\django\template\backends\django.py first seen with mtime 1733464571.729124
File D:\BaseDjango\MuzeyProject\MuzeyServer\SearchResult\admin.py first seen with mtime 1733465975.2854438
File C:\Users\admin\AppData\Local\Programs\Python\Python39\Lib\warnings.py first seen with mtime 1652795112.0
File C:\Users\admin\AppData\Local\Programs\Python\Python39\Lib\importlib\machinery.py first seen with mtime 1652795110.0
File D:\BaseDjango\MuzeyProject\.venv\Lib\site-packages\django\db\models\enums.py first seen with mtime 1733464571.5367427
File C:\Users\admin\AppData\Local\Programs\Python\Python39\DLLs\_queue.pyd first seen with mtime 1652795162.0
File C:\Users\admin\AppData\Local\Programs\Python\Python39\Lib\_markupbase.py first seen with mtime 1652795110.0
File D:\BaseDjango\MuzeyProject\.venv\Lib\site-packages\django\core\files\uploadedfile.py first seen with mtime 1733464571.3773606
File D:\BaseDjango\MuzeyProject\.venv\Lib\site-packages\django\db\backends\base\features.py first seen with mtime 1733464571.4785724
File D:\BaseDjango\MuzeyProject\.venv\Lib\site-packages\django\core\checks\files.py first seen with mtime 1733464571.346319
File C:\Users\admin\AppData\Local\Programs\Python\Python39\Lib\sre_constants.py first seen with mtime 1652795110.0
File D:\BaseDjango\MuzeyProject\.venv\Lib\site-packages\django\contrib\messages\storage\__init__.py first seen with mtime 1733464570.7254715
File D:\BaseDjango\MuzeyProject\.venv\Lib\site-packages\django\contrib\staticfiles\handlers.py first seen with mtime 1733464571.3112192
File C:\Users\admin\AppData\Local\Programs\Python\Python39\Lib\email\generator.py first seen with mtime 1652795110.0
File D:\BaseDjango\MuzeyProject\.venv\Lib\site-packages\django\dispatch\__init__.py first seen with mtime 1733464571.5718408
File D:\BaseDjango\MuzeyProject\.venv\Lib\site-packages\django\dispatch\dispatcher.py first seen with mtime 1733464571.5728612
File C:\Users\admin\AppData\Local\Programs\Python\Python39\DLLs\_zoneinfo.pyd first seen with mtime 1652795162.0
File D:\BaseDjango\MuzeyProject\.venv\Lib\site-packages\django\forms\fields.py first seen with mtime 1733464571.5748599
File C:\Users\admin\AppData\Local\Programs\Python\Python39\Lib\concurrent\__init__.py first seen with mtime 1652795110.0
File D:\BaseDjango\MuzeyProject\.venv\Lib\site-packages\django\views\generic\detail.py first seen with mtime 1733464571.7862823
File D:\BaseDjango\MuzeyProject\.venv\Lib\site-packages\django\db\backends\ddl_references.py first seen with mtime 1733464571.4745731
File D:\BaseDjango\MuzeyProject\.venv\Lib\site-packages\django\contrib\admin\views\autocomplete.py first seen with mtime 1733464569.087363
File C:\Users\admin\AppData\Local\Programs\Python\Python39\Lib\mimetypes.py first seen with mtime 1652795110.0
File D:\BaseDjango\MuzeyProject\.venv\Lib\site-packages\django\utils\translation\__init__.py first seen with mtime 1733464571.772242
File D:\BaseDjango\MuzeyProject\.venv\Lib\site-packages\django\db\migrations\utils.py first seen with mtime 1733464571.5257215
File D:\BaseDjango\MuzeyProject\.venv\Lib\site-packages\django\db\models\sql\query.py first seen with mtime 1733464571.5698402
File C:\Users\admin\AppData\Local\Programs\Python\Python39\Lib\types.py first seen with mtime 1652795112.0
File D:\BaseDjango\MuzeyProject\.venv\Lib\site-packages\django\db\models\fields\related_descriptors.py first seen with mtime 1733464571.5567992
File C:\Users\admin\AppData\Local\Programs\Python\Python39\Lib\secrets.py first seen with mtime 1652795110.0
File D:\BaseDjango\MuzeyProject\.venv\Lib\site-packages\django\utils\itercompat.py first seen with mtime 1733464571.763223
File D:\BaseDjango\MuzeyProject\.venv\Lib\site-packages\django\urls\base.py first seen with mtime 1733464571.743145
File C:\Users\admin\AppData\Local\Programs\Python\Python39\Lib\hashlib.py first seen with mtime 1652795110.0
File C:\Users\admin\AppData\Local\Programs\Python\Python39\Lib\shutil.py first seen with mtime 1652795110.0
File D:\BaseDjango\MuzeyProject\.venv\Lib\site-packages\django\contrib\auth\admin.py first seen with mtime 1733464569.2343957
File D:\BaseDjango\MuzeyProject\.venv\Lib\site-packages\django\db\backends\base\validation.py first seen with mtime 1733464571.4815729
File C:\Users\admin\AppData\Local\Programs\Python\Python39\DLLs\_uuid.pyd first seen with mtime 1652795162.0
File D:\BaseDjango\MuzeyProject\.venv\Lib\site-packages\django\template\loader.py first seen with mtime 1733464571.7251048
File C:\Users\admin\AppData\Local\Programs\Python\Python39\Lib\string.py first seen with mtime 1652795110.0
File C:\Users\admin\AppData\Local\Programs\Python\Python39\Lib\heapq.py first seen with mtime 1652795110.0
File D:\BaseDjango\MuzeyProject\.venv\Lib\site-packages\django\core\cache\__init__.py first seen with mtime 1733464571.3352826
File D:\BaseDjango\MuzeyProject\.venv\Lib\site-packages\django\contrib\sites\__init__.py first seen with mtime 1733464571.1477766
File D:\BaseDjango\MuzeyProject\.venv\Lib\site-packages\django\db\backends\base\introspection.py first seen with mtime 1733464571.4795725
File D:\BaseDjango\MuzeyProject\.venv\Lib\site-packages\PIL\_typing.py first seen with mtime 1733465807.0044277
File C:\Users\admin\AppData\Local\Programs\Python\Python39\Lib\genericpath.py first seen with mtime 1652795110.0
File D:\BaseDjango\MuzeyProject\.venv\Lib\site-packages\django\core\handlers\asgi.py first seen with mtime 1733464571.3833804
File C:\Users\admin\AppData\Local\Programs\Python\Python39\Lib\wsgiref\simple_server.py first seen with mtime 1652795112.0
File C:\Users\admin\AppData\Local\Programs\Python\Python39\Lib\asyncio\staggered.py first seen with mtime 1652795110.0
File D:\BaseDjango\MuzeyProject\.venv\Lib\site-packages\django\utils\timesince.py first seen with mtime 1733464571.769243
File C:\Users\admin\AppData\Local\Programs\Python\Python39\Lib\json\encoder.py first seen with mtime 1652795110.0
File D:\BaseDjango\MuzeyProject\.venv\Lib\site-packages\django\template\response.py first seen with mtime 1733464571.726105
File D:\BaseDjango\MuzeyProject\.venv\Lib\site-packages\django\apps\registry.py first seen with mtime 1733464568.4142137
File D:\BaseDjango\MuzeyProject\.venv\Lib\site-packages\django\core\cache\backends\__init__.py first seen with mtime 1733464571.3362825
File D:\BaseDjango\MuzeyProject\.venv\Lib\site-packages\django\db\backends\utils.py first seen with mtime 1733464571.475572
File D:\BaseDjango\MuzeyProject\.venv\Lib\site-packages\django\contrib\admin\utils.py first seen with mtime 1733464568.659268
File D:\BaseDjango\MuzeyProject\.venv\Lib\site-packages\django\template\loaders\filesystem.py first seen with mtime 1733464571.7331245
File D:\BaseDjango\MuzeyProject\.venv\Lib\site-packages\django\db\models\fields\mixins.py first seen with mtime 1733464571.5457647
File C:\Users\admin\AppData\Local\Programs\Python\Python39\Lib\asyncio\__init__.py first seen with mtime 1652795110.0
File D:\BaseDjango\MuzeyProject\.venv\Lib\site-packages\django\core\mail\utils.py first seen with mtime 1733464571.386381
File D:\BaseDjango\MuzeyProject\.venv\Lib\site-packages\django\template\smartif.py first seen with mtime 1733464571.726105
File D:\BaseDjango\MuzeyProject\.venv\Lib\site-packages\django\forms\formsets.py first seen with mtime 1733464571.57586
File D:\BaseDjango\MuzeyProject\.venv\Lib\site-packages\django\core\files\storage\__init__.py first seen with mtime 1733464571.379361
File D:\BaseDjango\MuzeyProject\.venv\Lib\site-packages\django\utils\dates.py first seen with mtime 1733464571.7541828
File D:\BaseDjango\MuzeyProject\.venv\Lib\site-packages\django\template\exceptions.py first seen with mtime 1733464571.7231042
File D:\BaseDjango\MuzeyProject\.venv\Lib\site-packages\asgiref\local.py first seen with mtime 1733464568.2531781
File C:\Users\admin\AppData\Local\Programs\Python\Python39\Lib\email\parser.py first seen with mtime 1652795110.0
File D:\BaseDjango\MuzeyProject\.venv\Lib\site-packages\django\core\checks\caches.py first seen with mtime 1733464571.3453188
File D:\BaseDjango\MuzeyProject\.venv\Lib\site-packages\sqlparse\exceptions.py first seen with mtime 1733464568.1201484
File C:\Users\admin\AppData\Local\Programs\Python\Python39\Lib\opcode.py first seen with mtime 1652795110.0
File D:\BaseDjango\MuzeyProject\.venv\Lib\site-packages\django\core\handlers\base.py first seen with mtime 1733464571.3833804
File C:\Users\admin\AppData\Local\Programs\Python\Python39\Lib\logging\handlers.py first seen with mtime 1652795110.0
File D:\BaseDjango\MuzeyProject\.venv\Lib\site-packages\django\__init__.py first seen with mtime 1733464568.4112132
File D:\BaseDjango\MuzeyProject\.venv\Lib\site-packages\PIL\features.py first seen with mtime 1733465807.0094292
File D:\BaseDjango\MuzeyProject\.venv\Lib\site-packages\django\conf\urls\__init__.py first seen with mtime 1733464568.6492655
File D:\BaseDjango\MuzeyProject\.venv\Lib\site-packages\django\utils\deconstruct.py first seen with mtime 1733464571.755183
File D:\BaseDjango\MuzeyProject\.venv\Lib\site-packages\PIL\ImageColor.py first seen with mtime 1733465806.9434142
File D:\BaseDjango\MuzeyProject\.venv\Lib\site-packages\django\core\signing.py first seen with mtime 1733464571.3272624
File D:\BaseDjango\MuzeyProject\.venv\Lib\site-packages\django\db\backends\sqlite3\_functions.py first seen with mtime 1733464571.5096555
File D:\BaseDjango\MuzeyProject\.venv\Lib\site-packages\django\core\signals.py first seen with mtime 1733464571.3272624
File D:\BaseDjango\MuzeyProject\.venv\Lib\site-packages\sqlparse\filters\tokens.py first seen with mtime 1733464568.1301503
File C:\Users\admin\AppData\Local\Programs\Python\Python39\Lib\logging\config.py first seen with mtime 1652795110.0
File D:\BaseDjango\MuzeyProject\.venv\Lib\site-packages\django\contrib\auth\decorators.py first seen with mtime 1733464569.2383966
File D:\BaseDjango\MuzeyProject\MuzeyServer\send_email\__init__.py first seen with mtime 1737631813.390819
File D:\BaseDjango\MuzeyProject\.venv\Lib\site-packages\django\contrib\admin\checks.py first seen with mtime 1733464568.6532667
File C:\Users\admin\AppData\Local\Programs\Python\Python39\Lib\asyncio\coroutines.py first seen with mtime 1652795110.0
File D:\BaseDjango\MuzeyProject\.venv\Lib\site-packages\django\db\models\functions\text.py first seen with mtime 1733464571.561818
File D:\BaseDjango\MuzeyProject\.venv\Lib\site-packages\django\contrib\admin\templatetags\log.py first seen with mtime 1733464569.086363
File D:\BaseDjango\MuzeyProject\.venv\Lib\site-packages\django\contrib\auth\tokens.py first seen with mtime 1733464569.2433977
File D:\BaseDjango\MuzeyProject\.venv\Lib\site-packages\django\db\migrations\operations\models.py first seen with mtime 1733464571.5287201
File D:\BaseDjango\MuzeyProject\.venv\Lib\site-packages\django\db\backends\sqlite3\base.py first seen with mtime 1733464571.5106559
File D:\BaseDjango\MuzeyProject\.venv\Lib\site-packages\django\views\decorators\common.py first seen with mtime 1733464571.781283
File D:\BaseDjango\MuzeyProject\.venv\Lib\site-packages\django\template\loaders\app_directories.py first seen with mtime 1733464571.7311242
File D:\BaseDjango\MuzeyProject\.venv\Lib\site-packages\django\contrib\contenttypes\apps.py first seen with mtime 1733464569.3984332
File D:\BaseDjango\MuzeyProject\.venv\Lib\site-packages\sqlparse\filters\right_margin.py first seen with mtime 1733464568.12915
File D:\BaseDjango\MuzeyProject\.venv\Lib\site-packages\django\template\loaders\cached.py first seen with mtime 1733464571.7321243
File D:\BaseDjango\MuzeyProject\.venv\Lib\site-packages\django\core\management\commands\__init__.py first seen with mtime 1733464571.4184556
File D:\BaseDjango\MuzeyProject\.venv\Lib\site-packages\sqlparse\cli.py first seen with mtime 1733464568.1191483
File C:\Users\admin\AppData\Local\Programs\Python\Python39\Lib\ipaddress.py first seen with mtime 1652795110.0
File C:\Users\admin\AppData\Local\Programs\Python\Python39\Lib\email\mime\multipart.py first seen with mtime 1652795110.0
File D:\BaseDjango\MuzeyProject\.venv\Lib\site-packages\django\urls\__init__.py first seen with mtime 1733464571.743145
File C:\Users\admin\AppData\Local\Programs\Python\Python39\Lib\html\entities.py first seen with mtime 1652795110.0
File D:\BaseDjango\MuzeyProject\.venv\Lib\site-packages\sqlparse\tokens.py first seen with mtime 1733464568.1231487
File D:\BaseDjango\MuzeyProject\.venv\Lib\site-packages\django\contrib\admin\models.py first seen with mtime 1733464568.6562672
File D:\BaseDjango\MuzeyProject\.venv\Lib\site-packages\django\db\backends\sqlite3\schema.py first seen with mtime 1733464571.5146773
File D:\BaseDjango\MuzeyProject\.venv\Lib\site-packages\django\core\checks\urls.py first seen with mtime 1733464571.3623226
File D:\BaseDjango\MuzeyProject\.venv\Lib\site-packages\PIL\TiffTags.py first seen with mtime 1733465806.973421
File D:\BaseDjango\MuzeyProject\.venv\Lib\site-packages\django\utils\version.py first seen with mtime 1733464571.7712417
File C:\Users\admin\AppData\Local\Programs\Python\Python39\DLLs\unicodedata.pyd first seen with mtime 1652795164.0
File C:\Users\admin\AppData\Local\Programs\Python\Python39\Lib\urllib\request.py first seen with mtime 1652795112.0
File D:\BaseDjango\MuzeyProject\.venv\Lib\site-packages\django\contrib\contenttypes\views.py first seen with mtime 1733464569.401433
File C:\Users\admin\AppData\Local\Programs\Python\Python39\DLLs\_decimal.pyd first seen with mtime 1652795162.0
File D:\BaseDjango\MuzeyProject\.venv\Lib\site-packages\asgiref\sync.py first seen with mtime 1733464568.2551785
File D:\BaseDjango\MuzeyProject\.venv\Lib\site-packages\django\db\models\sql\__init__.py first seen with mtime 1733464571.5668416
File D:\BaseDjango\MuzeyProject\.venv\Lib\site-packages\django\contrib\admin\views\__init__.py first seen with mtime 1733464569.087363
File D:\BaseDjango\MuzeyProject\MuzeyServer\Base\forms.py first seen with mtime 1738593210.2819538
File C:\Users\admin\AppData\Local\Programs\Python\Python39\Lib\json\scanner.py first seen with mtime 1652795110.0
File C:\Users\admin\AppData\Local\Programs\Python\Python39\Lib\zoneinfo\_common.py first seen with mtime 1652795112.0
File C:\Users\admin\AppData\Local\Programs\Python\Python39\DLLs\select.pyd first seen with mtime 1652795162.0
File D:\BaseDjango\MuzeyProject\.venv\Lib\site-packages\django\core\handlers\__init__.py first seen with mtime 1733464571.3823805
File C:\Users\admin\AppData\Local\Programs\Python\Python39\Lib\asyncio\windows_events.py first seen with mtime 1652795110.0
File D:\BaseDjango\MuzeyProject\.venv\Lib\site-packages\django\db\models\functions\window.py first seen with mtime 1733464571.5658183
File D:\BaseDjango\MuzeyProject\MuzeyServer\send_email\views.py first seen with mtime 1742221357.3865316
File D:\BaseDjango\MuzeyProject\.venv\Lib\site-packages\django\utils\html.py first seen with mtime 1733464571.7602026
File D:\BaseDjango\MuzeyProject\.venv\Lib\site-packages\django\utils\translation\trans_real.py first seen with mtime 1733464571.7752633
File D:\BaseDjango\MuzeyProject\.venv\Lib\site-packages\django\contrib\admin\widgets.py first seen with mtime 1733464568.6602683
File D:\BaseDjango\MuzeyProject\.venv\Lib\site-packages\django\urls\conf.py first seen with mtime 1733464571.7441454
File D:\BaseDjango\MuzeyProject\.venv\Lib\site-packages\django\db\models\signals.py first seen with mtime 1733464571.5427656
File C:\Users\admin\AppData\Local\Programs\Python\Python39\Lib\weakref.py first seen with mtime 1652795112.0
File D:\BaseDjango\MuzeyProject\.venv\Lib\site-packages\django\contrib\contenttypes\management\__init__.py first seen with mtime 1733464569.535463
File C:\Users\admin\AppData\Local\Programs\Python\Python39\Lib\asyncio\proactor_events.py first seen with mtime 1652795110.0
File C:\Users\admin\AppData\Local\Programs\Python\Python39\Lib\asyncio\base_tasks.py first seen with mtime 1652795110.0
File C:\Users\admin\AppData\Local\Programs\Python\Python39\Lib\socketserver.py first seen with mtime 1652795110.0
File D:\BaseDjango\MuzeyProject\.venv\Lib\site-packages\django\urls\resolvers.py first seen with mtime 1733464571.7461636
File C:\Users\admin\AppData\Local\Programs\Python\Python39\Lib\urllib\__init__.py first seen with mtime 1652795112.0
File D:\BaseDjango\MuzeyProject\.venv\Lib\site-packages\django\db\backends\sqlite3\__init__.py first seen with mtime 1733464571.5096555
File D:\BaseDjango\MuzeyProject\.venv\Lib\site-packages\django\views\generic\edit.py first seen with mtime 1733464571.7873027
File C:\Users\admin\AppData\Local\Programs\Python\Python39\Lib\email\message.py first seen with mtime 1652795110.0
File D:\BaseDjango\MuzeyProject\.venv\Lib\site-packages\django\contrib\admin\views\main.py first seen with mtime 1733464569.0893638
File C:\Users\admin\AppData\Local\Programs\Python\Python39\Lib\encodings\latin_1.py first seen with mtime 1652795110.0
File C:\Users\admin\AppData\Local\Programs\Python\Python39\Lib\quopri.py first seen with mtime 1652795110.0
File C:\Users\admin\AppData\Local\Programs\Python\Python39\Lib\threading.py first seen with mtime 1652795112.0
File C:\Users\admin\AppData\Local\Programs\Python\Python39\Lib\importlib\abc.py first seen with mtime 1652795110.0
File C:\Users\admin\AppData\Local\Programs\Python\Python39\Lib\datetime.py first seen with mtime 1652795110.0
File D:\BaseDjango\MuzeyProject\.venv\Lib\site-packages\django\db\migrations\operations\__init__.py first seen with mtime 1733464571.5267198
File D:\BaseDjango\MuzeyProject\.venv\Lib\site-packages\django\core\management\color.py first seen with mtime 1733464571.3984199
File C:\Users\admin\AppData\Local\Programs\Python\Python39\Lib\wsgiref\handlers.py first seen with mtime 1652795112.0
File D:\BaseDjango\MuzeyProject\.venv\Lib\site-packages\django\db\migrations\__init__.py first seen with mtime 1733464571.5156775
File D:\BaseDjango\MuzeyProject\.venv\Lib\site-packages\django\urls\utils.py first seen with mtime 1733464571.7461636
File D:\BaseDjango\MuzeyProject\.venv\Lib\site-packages\sqlparse\engine\filter_stack.py first seen with mtime 1733464568.125149
File D:\BaseDjango\MuzeyProject\MuzeyServer\MuzeyServer\settings.py first seen with mtime 1742412256.1179948
File C:\Users\admin\AppData\Local\Programs\Python\Python39\Lib\multiprocessing\__init__.py first seen with mtime 1652795110.0
File D:\BaseDjango\MuzeyProject\.venv\Lib\site-packages\django\contrib\sessions\base_session.py first seen with mtime 1733464570.9943247
File D:\BaseDjango\MuzeyProject\.venv\Lib\site-packages\django\utils\deprecation.py first seen with mtime 1733464571.7561831
File D:\BaseDjango\MuzeyProject\MuzeyServer\templates\game_1.html first seen with mtime 1741426684.985973
File D:\BaseDjango\MuzeyProject\MuzeyServer\templates\game_2.html first seen with mtime 1741426410.3674054
File D:\BaseDjango\MuzeyProject\MuzeyServer\templates\game_3.html first seen with mtime 1741807144.2613888
File D:\BaseDjango\MuzeyProject\MuzeyServer\templates\game_4.html first seen with mtime 1741426410.3684058
File D:\BaseDjango\MuzeyProject\MuzeyServer\templates\game_5.html first seen with mtime 1741426410.3684058
File D:\BaseDjango\MuzeyProject\MuzeyServer\templates\game_6.html first seen with mtime 1741426410.3694053
File D:\BaseDjango\MuzeyProject\MuzeyServer\templates\game_7.html first seen with mtime 1741426410.3704062
File D:\BaseDjango\MuzeyProject\MuzeyServer\templates\index.html first seen with mtime 1742129546.125297
File D:\BaseDjango\MuzeyProject\MuzeyServer\templates\login.html first seen with mtime 1742126128.8308303
File D:\BaseDjango\MuzeyProject\MuzeyServer\templates\page1.html first seen with mtime 1742315093.0240977
File D:\BaseDjango\MuzeyProject\MuzeyServer\templates\page2.html first seen with mtime 1739371559.2016268
File D:\BaseDjango\MuzeyProject\MuzeyServer\templates\page3.html first seen with mtime 1742125008.8995664
File D:\BaseDjango\MuzeyProject\MuzeyServer\templates\register_visitor.html first seen with mtime 1738683858.7223306
File D:\BaseDjango\MuzeyProject\MuzeyServer\templates\send_email.html first seen with mtime 1742128846.3268332
File D:\BaseDjango\MuzeyProject\MuzeyServer\templates\video_r1.html first seen with mtime 1738680981.7228174
File D:\BaseDjango\MuzeyProject\MuzeyServer\templates\video_r2.html first seen with mtime 1739605313.5841815
File D:\BaseDjango\MuzeyProject\MuzeyServer\templates\video_r3.html first seen with mtime 1739605345.5963705
File D:\BaseDjango\MuzeyProject\MuzeyServer\templates\video_r4.html first seen with mtime 1739605347.1947796
File D:\BaseDjango\MuzeyProject\MuzeyServer\templates\video_r5.html first seen with mtime 1739605313.553174
Exception while resolving variable 'logout_message' in template 'index.html'.
Traceback (most recent call last):
  File "D:\BaseDjango\MuzeyProject\.venv\lib\site-packages\django\template\base.py", line 880, in _resolve_lookup
    current = current[bit]
  File "D:\BaseDjango\MuzeyProject\.venv\lib\site-packages\django\template\context.py", line 83, in __getitem__
    raise KeyError(key)
KeyError: 'logout_message'

During handling of the above exception, another exception occurred:

Traceback (most recent call last):
  File "D:\BaseDjango\MuzeyProject\.venv\lib\site-packages\django\template\base.py", line 886, in _resolve_lookup
    if isinstance(current, BaseContext) and getattr(
AttributeError: type object 'RequestContext' has no attribute 'logout_message'

During handling of the above exception, another exception occurred:

Traceback (most recent call last):
  File "D:\BaseDjango\MuzeyProject\.venv\lib\site-packages\django\template\base.py", line 896, in _resolve_lookup
    current = current[int(bit)]
ValueError: invalid literal for int() with base 10: 'logout_message'

During handling of the above exception, another exception occurred:

Traceback (most recent call last):
  File "D:\BaseDjango\MuzeyProject\.venv\lib\site-packages\django\template\base.py", line 903, in _resolve_lookup
    raise VariableDoesNotExist(
django.template.base.VariableDoesNotExist: Failed lookup for key [logout_message] in [{'True': True, 'False': False, 'None': None}, {'csrf_token': <SimpleLazyObject: <function csrf.<locals>._get_val at 0x000001D6BFEE9700>>, 'request': <WSGIRequest: GET '/'>, 'user': <SimpleLazyObject: <function AuthenticationMiddleware.process_request.<locals>.<lambda> at 0x000001D6BFEE95E0>>, 'perms': PermWrapper(<SimpleLazyObject: <function AuthenticationMiddleware.process_request.<locals>.<lambda> at 0x000001D6BFEE95E0>>), 'messages': <FallbackStorage: request=<WSGIRequest: GET '/'>>, 'DEFAULT_MESSAGE_LEVELS': {'DEBUG': 10, 'INFO': 20, 'SUCCESS': 25, 'WARNING': 30, 'ERROR': 40}}, {}]
"GET / HTTP/1.1" 200 12558
File D:\BaseDjango\MuzeyProject\MuzeyServer\SearchMenu\migrations\__init__.py first seen with mtime 1733464938.6652231
File D:\BaseDjango\MuzeyProject\.venv\Lib\site-packages\django\contrib\sessions\backends\base.py first seen with mtime 1733464570.998344
File D:\BaseDjango\MuzeyProject\MuzeyServer\Base\migrations\0001_initial.py first seen with mtime 1742122906.7414672
File D:\BaseDjango\MuzeyProject\.venv\Lib\site-packages\django\contrib\auth\migrations\0010_alter_group_name_max_length.py first seen with mtime 1733464569.3934312
File D:\BaseDjango\MuzeyProject\.venv\Lib\site-packages\django\contrib\auth\migrations\0007_alter_validators_add_error_messages.py first seen with mtime 1733464569.392431
File D:\BaseDjango\MuzeyProject\.venv\Lib\site-packages\django\contrib\auth\migrations\0008_alter_user_username_max_length.py first seen with mtime 1733464569.392431
File D:\BaseDjango\MuzeyProject\.venv\Lib\site-packages\django\contrib\sessions\backends\__init__.py first seen with mtime 1733464570.997325
File C:\Users\admin\AppData\Local\Programs\Python\Python39\Lib\encodings\idna.py first seen with mtime 1652795110.0
File D:\BaseDjango\MuzeyProject\.venv\Lib\site-packages\django\contrib\messages\middleware.py first seen with mtime 1733464570.7234538
File D:\BaseDjango\MuzeyProject\.venv\Lib\site-packages\django\contrib\auth\context_processors.py first seen with mtime 1733464569.2383966
File D:\BaseDjango\MuzeyProject\.venv\Lib\site-packages\django\contrib\admin\migrations\0003_logentry_add_action_flag_choices.py first seen with mtime 1733464568.9723375
File D:\BaseDjango\MuzeyProject\MuzeyServer\Base\migrations\0002_remove_playerprofile_user_delete_customuser_and_more.py first seen with mtime 1742129920.714744
File D:\BaseDjango\MuzeyProject\.venv\Lib\site-packages\django\contrib\messages\storage\session.py first seen with mtime 1733464570.7284722
File D:\BaseDjango\MuzeyProject\.venv\Lib\site-packages\django\middleware\common.py first seen with mtime 1733464571.715063
File D:\BaseDjango\MuzeyProject\.venv\Lib\site-packages\django\template\context_processors.py first seen with mtime 1733464571.721085
File D:\BaseDjango\MuzeyProject\.venv\Lib\site-packages\django\db\migrations\graph.py first seen with mtime 1733464571.517678
File D:\BaseDjango\MuzeyProject\MuzeyServer\SearchResult\migrations\__init__.py first seen with mtime 1733465047.6754563
File D:\BaseDjango\MuzeyProject\.venv\Lib\site-packages\django\contrib\auth\migrations\0005_alter_user_last_login_null.py first seen with mtime 1733464569.3904307
File D:\BaseDjango\MuzeyProject\.venv\Lib\site-packages\django\db\migrations\recorder.py first seen with mtime 1733464571.523699
File D:\BaseDjango\MuzeyProject\.venv\Lib\site-packages\django\contrib\sessions\migrations\0001_initial.py first seen with mtime 1733464571.1417577
File D:\BaseDjango\MuzeyProject\.venv\Lib\site-packages\django\contrib\auth\migrations\0002_alter_permission_name_max_length.py first seen with mtime 1733464569.3894303
File D:\BaseDjango\MuzeyProject\.venv\Lib\site-packages\django\contrib\auth\migrations\0012_alter_user_first_name_max_length.py first seen with mtime 1733464569.3944314
File D:\BaseDjango\MuzeyProject\.venv\Lib\site-packages\django\contrib\auth\migrations\0001_initial.py first seen with mtime 1733464569.38843
File D:\BaseDjango\MuzeyProject\.venv\Lib\site-packages\django\middleware\clickjacking.py first seen with mtime 1733464571.7140627
File D:\BaseDjango\MuzeyProject\MuzeyServer\GamesList\migrations\__init__.py first seen with mtime 1733464820.7323449
File D:\BaseDjango\MuzeyProject\.venv\Lib\site-packages\django\contrib\admin\migrations\0001_initial.py first seen with mtime 1733464568.9713373
File C:\Users\admin\AppData\Local\Programs\Python\Python39\Lib\stringprep.py first seen with mtime 1652795110.0
File D:\BaseDjango\MuzeyProject\.venv\Lib\site-packages\django\contrib\contenttypes\migrations\__init__.py first seen with mtime 1733464569.5384636
File D:\BaseDjango\MuzeyProject\.venv\Lib\site-packages\django\db\migrations\loader.py first seen with mtime 1733464571.5186775
File D:\BaseDjango\MuzeyProject\.venv\Lib\site-packages\django\contrib\sessions\serializers.py first seen with mtime 1733464570.997325
File D:\BaseDjango\MuzeyProject\.venv\Lib\site-packages\django\contrib\staticfiles\storage.py first seen with mtime 1733464571.3122194
File D:\BaseDjango\MuzeyProject\.venv\Lib\site-packages\django\contrib\auth\migrations\__init__.py first seen with mtime 1733464569.3954318
File D:\BaseDjango\MuzeyProject\.venv\Lib\site-packages\django\contrib\sessions\middleware.py first seen with mtime 1733464570.996325
File D:\BaseDjango\MuzeyProject\.venv\Lib\site-packages\django\contrib\admin\migrations\__init__.py first seen with mtime 1733464568.9733384
File D:\BaseDjango\MuzeyProject\.venv\Lib\site-packages\django\db\migrations\executor.py first seen with mtime 1733464571.5166779
File D:\BaseDjango\MuzeyProject\.venv\Lib\site-packages\django\contrib\contenttypes\migrations\0002_remove_content_type_name.py first seen with mtime 1733464569.5374632
File D:\BaseDjango\MuzeyProject\.venv\Lib\site-packages\django\db\models\sql\compiler.py first seen with mtime 1733464571.5678396
File D:\BaseDjango\MuzeyProject\.venv\Lib\site-packages\django\contrib\auth\migrations\0004_alter_user_username_opts.py first seen with mtime 1733464569.3904307
File D:\BaseDjango\MuzeyProject\MuzeyServer\Base\migrations\__init__.py first seen with mtime 1733464812.0509298
File D:\BaseDjango\MuzeyProject\.venv\Lib\site-packages\django\contrib\auth\migrations\0011_update_proxy_permissions.py first seen with mtime 1733464569.3944314
File D:\BaseDjango\MuzeyProject\.venv\Lib\site-packages\django\contrib\auth\migrations\0003_alter_user_email_max_length.py first seen with mtime 1733464569.3894303
File D:\BaseDjango\MuzeyProject\.venv\Lib\site-packages\django\contrib\sessions\backends\db.py first seen with mtime 1733464571.0003426
File D:\BaseDjango\MuzeyProject\.venv\Lib\site-packages\django\contrib\auth\migrations\0009_alter_user_last_name_max_length.py first seen with mtime 1733464569.3934312
File D:\BaseDjango\MuzeyProject\.venv\Lib\site-packages\django\contrib\messages\storage\fallback.py first seen with mtime 1733464570.727472
File D:\BaseDjango\MuzeyProject\MuzeyServer\SearchResult\migrations\0001_initial.py first seen with mtime 1742122906.7394667
File D:\BaseDjango\MuzeyProject\.venv\Lib\site-packages\django\contrib\sessions\migrations\__init__.py first seen with mtime 1733464571.1427577
File D:\BaseDjango\MuzeyProject\.venv\Lib\site-packages\django\contrib\sessions\exceptions.py first seen with mtime 1733464570.9953246
File D:\BaseDjango\MuzeyProject\.venv\Lib\site-packages\django\contrib\contenttypes\migrations\0001_initial.py first seen with mtime 1733464569.5374632
File D:\BaseDjango\MuzeyProject\.venv\Lib\site-packages\django\contrib\admin\migrations\0002_logentry_remove_auto_add.py first seen with mtime 1733464568.9713373
File D:\BaseDjango\MuzeyProject\.venv\Lib\site-packages\django\contrib\messages\context_processors.py first seen with mtime 1733464570.7234538
File D:\BaseDjango\MuzeyProject\MuzeyServer\MuzeyServer\wsgi.py first seen with mtime 1733464675.8638504
File D:\BaseDjango\MuzeyProject\.venv\Lib\site-packages\django\contrib\auth\migrations\0006_require_contenttypes_0002.py first seen with mtime 1733464569.3914306
File D:\BaseDjango\MuzeyProject\.venv\Lib\site-packages\django\contrib\messages\storage\cookie.py first seen with mtime 1733464570.726472
(0.000) SELECT "django_session"."session_key", "django_session"."session_data", "django_session"."expire_date" FROM "django_session" WHERE ("django_session"."expire_date" > '2025-03-19 19:24:39.563873' AND "django_session"."session_key" = 'r1a7sh5l1lkoyz6jxm83ok2xv9gpqge4') LIMIT 21; args=('2025-03-19 19:24:39.563873', 'r1a7sh5l1lkoyz6jxm83ok2xv9gpqge4'); alias=default
"GET /games/ HTTP/1.1" 302 0
"GET /login/?next=/games/ HTTP/1.1" 200 3651
Exception while resolving variable 'name' in template 'unknown'.
Traceback (most recent call last):
  File "D:\BaseDjango\MuzeyProject\.venv\lib\site-packages\django\core\handlers\exception.py", line 55, in inner
    response = get_response(request)
  File "D:\BaseDjango\MuzeyProject\.venv\lib\site-packages\django\core\handlers\base.py", line 181, in _get_response
    callback, callback_args, callback_kwargs = self.resolve_request(request)
  File "D:\BaseDjango\MuzeyProject\.venv\lib\site-packages\django\core\handlers\base.py", line 313, in resolve_request
    resolver_match = resolver.resolve(request.path_info)
  File "D:\BaseDjango\MuzeyProject\.venv\lib\site-packages\django\urls\resolvers.py", line 702, in resolve
    raise Resolver404({"tried": tried, "path": new_path})
django.urls.exceptions.Resolver404: {'tried': [[<URLPattern 'email/' [name='email']>], [<URLResolver <URLPattern list> (admin:admin) 'admin/'>], [<URLPattern 'search/<str:name>/'>], [<URLPattern 'games/'>], [<URLPattern 'game/<int:id>'>], [<URLPattern 'register/' [name='register']>], [<URLPattern '' [name='home']>], [<URLPattern 'result/<int:ids>/' [name='result']>], [<URLPattern 'video/<int:id>'>], [<URLPattern 'logout/' [name='logout']>], [<URLPattern 'login/' [name='login']>], [<URLPattern 'add_score/<int:id>' [name='add_score']>], [<URLPattern 'add_score/'>]], 'path': 'favicon.ico'}

During handling of the above exception, another exception occurred:

Traceback (most recent call last):
  File "D:\BaseDjango\MuzeyProject\.venv\lib\site-packages\django\template\base.py", line 880, in _resolve_lookup
    current = current[bit]
TypeError: 'URLResolver' object is not subscriptable

During handling of the above exception, another exception occurred:

Traceback (most recent call last):
  File "D:\BaseDjango\MuzeyProject\.venv\lib\site-packages\django\template\base.py", line 890, in _resolve_lookup
    current = getattr(current, bit)
AttributeError: 'URLResolver' object has no attribute 'name'

During handling of the above exception, another exception occurred:

Traceback (most recent call last):
  File "D:\BaseDjango\MuzeyProject\.venv\lib\site-packages\django\template\base.py", line 896, in _resolve_lookup
    current = current[int(bit)]
ValueError: invalid literal for int() with base 10: 'name'

During handling of the above exception, another exception occurred:

Traceback (most recent call last):
  File "D:\BaseDjango\MuzeyProject\.venv\lib\site-packages\django\template\base.py", line 903, in _resolve_lookup
    raise VariableDoesNotExist(
django.template.base.VariableDoesNotExist: Failed lookup for key [name] in <URLResolver <URLPattern list> (admin:admin) 'admin/'>
Not Found: /favicon.ico
"GET /favicon.ico HTTP/1.1" 404 3575
File D:\BaseDjango\MuzeyProject\.venv\Lib\site-packages\django\contrib\auth\views.py first seen with mtime 1733464569.2453985
"GET /admin/ HTTP/1.1" 302 0
"GET /admin/login/?next=/admin/ HTTP/1.1" 200 4264
"GET /static/admin/css/base.css HTTP/1.1" 304 0
"GET /static/admin/css/dark_mode.css HTTP/1.1" 304 0
"GET /static/admin/css/nav_sidebar.css HTTP/1.1" 304 0
"GET /static/admin/js/theme.js HTTP/1.1" 304 0
"GET /static/admin/css/responsive.css HTTP/1.1" 304 0
"GET /static/admin/js/nav_sidebar.js HTTP/1.1" 304 0
File C:\Users\admin\AppData\Local\Programs\Python\Python39\Lib\zipfile.py first seen with mtime 1652795112.0
File D:\BaseDjango\MuzeyProject\.venv\Lib\site-packages\tzdata\__init__.py first seen with mtime 1733464567.5840292
File D:\BaseDjango\MuzeyProject\.venv\Lib\site-packages\tzdata\zoneinfo\__init__.py first seen with mtime 1733464567.6110346
"GET /static/admin/css/login.css HTTP/1.1" 200 958
File D:\BaseDjango\MuzeyProject\.venv\Lib\site-packages\django\conf\locale\ru\formats.py first seen with mtime 1733464568.595254
File D:\BaseDjango\MuzeyProject\.venv\Lib\site-packages\django\conf\locale\ru\__init__.py first seen with mtime 1733464568.5942557
File D:\BaseDjango\MuzeyProject\.venv\Lib\site-packages\django\contrib\admin\forms.py first seen with mtime 1733464568.6552672
File C:\Users\admin\AppData\Local\Programs\Python\Python39\Lib\importlib\_common.py first seen with mtime 1652795110.0
File C:\Users\admin\AppData\Local\Programs\Python\Python39\Lib\importlib\resources.py first seen with mtime 1652795110.0
(0.000) SELECT "auth_user"."id", "auth_user"."password", "auth_user"."last_login", "auth_user"."is_superuser", "auth_user"."username", "auth_user"."first_name", "auth_user"."last_name", "auth_user"."email", "auth_user"."is_staff", "auth_user"."is_active", "auth_user"."date_joined" FROM "auth_user" WHERE "auth_user"."username" = '05434573' LIMIT 21; args=('05434573',); alias=default
(0.000) SELECT 1 AS "a" FROM "django_session" WHERE "django_session"."session_key" = 'zr6p92ge2xc1ei0tkxa8to7dgxe7fp37' LIMIT 1; args=(1, 'zr6p92ge2xc1ei0tkxa8to7dgxe7fp37'); alias=default
(0.000) BEGIN; args=None; alias=default
(0.000) INSERT INTO "django_session" ("session_key", "session_data", "expire_date") VALUES ('zr6p92ge2xc1ei0tkxa8to7dgxe7fp37', 'e30:1tuz2C:4s1fPCD3Z9KlYnUsL5QU_WLJlLA8CAyhswvXpy7SRrk', '2025-04-02 19:25:00.280037'); args=('zr6p92ge2xc1ei0tkxa8to7dgxe7fp37', 'e30:1tuz2C:4s1fPCD3Z9KlYnUsL5QU_WLJlLA8CAyhswvXpy7SRrk', '2025-04-02 19:25:00.280037'); alias=default
(0.187) COMMIT; args=None; alias=default
(0.140) UPDATE "auth_user" SET "last_login" = '2025-03-19 19:25:00.474101' WHERE "auth_user"."id" = 1; args=('2025-03-19 19:25:00.474101', 1); alias=default
(0.000) BEGIN; args=None; alias=default
(0.000) UPDATE "django_session" SET "session_data" = '.eJxVjEEOwiAQRe_C2hAQoYxL9z0DmWFAqgaS0q6Md7dNutDtf-_9twi4LiWsPc1hYnEVWpx-N8L4THUH_MB6bzK2uswTyV2RB-1ybJxet8P9OyjYy1afrUF21gNFUJlUZkOO2AL6izXROw_ZISiXdBwSWZ2sywMAsM64-eLzBewqOFM:1tuz2C:PMff6BS2CUnKsqmsrrLvqAmHuHGTBK0Ppee8iN-umSw', "expire_date" = '2025-04-02 19:25:00.624150' WHERE "django_session"."session_key" = 'zr6p92ge2xc1ei0tkxa8to7dgxe7fp37'; args=('.eJxVjEEOwiAQRe_C2hAQoYxL9z0DmWFAqgaS0q6Md7dNutDtf-_9twi4LiWsPc1hYnEVWpx-N8L4THUH_MB6bzK2uswTyV2RB-1ybJxet8P9OyjYy1afrUF21gNFUJlUZkOO2AL6izXROw_ZISiXdBwSWZ2sywMAsM64-eLzBewqOFM:1tuz2C:PMff6BS2CUnKsqmsrrLvqAmHuHGTBK0Ppee8iN-umSw', '2025-04-02 19:25:00.624150', 'zr6p92ge2xc1ei0tkxa8to7dgxe7fp37'); alias=default
(0.157) COMMIT; args=None; alias=default
"POST /admin/login/?next=/admin/ HTTP/1.1" 302 0
(0.000) SELECT "django_session"."session_key", "django_session"."session_data", "django_session"."expire_date" FROM "django_session" WHERE ("django_session"."expire_date" > '2025-03-19 19:25:00.776200' AND "django_session"."session_key" = 'zr6p92ge2xc1ei0tkxa8to7dgxe7fp37') LIMIT 21; args=('2025-03-19 19:25:00.776200', 'zr6p92ge2xc1ei0tkxa8to7dgxe7fp37'); alias=default
(0.000) SELECT "auth_user"."id", "auth_user"."password", "auth_user"."last_login", "auth_user"."is_superuser", "auth_user"."username", "auth_user"."first_name", "auth_user"."last_name", "auth_user"."email", "auth_user"."is_staff", "auth_user"."is_active", "auth_user"."date_joined" FROM "auth_user" WHERE "auth_user"."id" = 1 LIMIT 21; args=(1,); alias=default
(0.000) SELECT "django_admin_log"."id", "django_admin_log"."action_time", "django_admin_log"."user_id", "django_admin_log"."content_type_id", "django_admin_log"."object_id", "django_admin_log"."object_repr", "django_admin_log"."action_flag", "django_admin_log"."change_message", "auth_user"."id", "auth_user"."password", "auth_user"."last_login", "auth_user"."is_superuser", "auth_user"."username", "auth_user"."first_name", "auth_user"."last_name", "auth_user"."email", "auth_user"."is_staff", "auth_user"."is_active", "auth_user"."date_joined", "django_content_type"."id", "django_content_type"."app_label", "django_content_type"."model" FROM "django_admin_log" INNER JOIN "auth_user" ON ("django_admin_log"."user_id" = "auth_user"."id") LEFT OUTER JOIN "django_content_type" ON ("django_admin_log"."content_type_id" = "django_content_type"."id") WHERE "django_admin_log"."user_id" = 1 ORDER BY "django_admin_log"."action_time" DESC LIMIT 10; args=(1,); alias=default
"GET /admin/ HTTP/1.1" 200 9331
"GET /static/admin/css/dashboard.css HTTP/1.1" 304 0
"GET /static/admin/img/icon-addlink.svg HTTP/1.1" 304 0
"GET /static/admin/img/icon-changelink.svg HTTP/1.1" 304 0
"GET /static/admin/img/icon-deletelink.svg HTTP/1.1" 200 392
(0.000) SELECT "django_session"."session_key", "django_session"."session_data", "django_session"."expire_date" FROM "django_session" WHERE ("django_session"."expire_date" > '2025-03-19 19:25:02.962916' AND "django_session"."session_key" = 'zr6p92ge2xc1ei0tkxa8to7dgxe7fp37') LIMIT 21; args=('2025-03-19 19:25:02.962916', 'zr6p92ge2xc1ei0tkxa8to7dgxe7fp37'); alias=default
(0.000) SELECT "auth_user"."id", "auth_user"."password", "auth_user"."last_login", "auth_user"."is_superuser", "auth_user"."username", "auth_user"."first_name", "auth_user"."last_name", "auth_user"."email", "auth_user"."is_staff", "auth_user"."is_active", "auth_user"."date_joined" FROM "auth_user" WHERE "auth_user"."id" = 1 LIMIT 21; args=(1,); alias=default
(0.000) SELECT COUNT(*) AS "__count" FROM "SearchResult_person"; args=(); alias=default
(0.000) SELECT COUNT(*) AS "__count" FROM "SearchResult_person"; args=(); alias=default
(0.000) SELECT "SearchResult_person"."id", "SearchResult_person"."full_name", "SearchResult_person"."nazvanie", "SearchResult_person"."biography", "SearchResult_person"."image1", "SearchResult_person"."image2", "SearchResult_person"."image3", "SearchResult_person"."image4", "SearchResult_person"."image5" FROM "SearchResult_person" ORDER BY "SearchResult_person"."id" DESC; args=(); alias=default
"GET /admin/SearchResult/person/ HTTP/1.1" 200 9434
"GET /static/admin/css/changelists.css HTTP/1.1" 304 0
"GET /static/admin/js/vendor/jquery/jquery.js HTTP/1.1" 304 0
"GET /static/admin/js/admin/RelatedObjectLookups.js HTTP/1.1" 304 0
(0.000) SELECT "django_session"."session_key", "django_session"."session_data", "django_session"."expire_date" FROM "django_session" WHERE ("django_session"."expire_date" > '2025-03-19 19:25:02.993926' AND "django_session"."session_key" = 'zr6p92ge2xc1ei0tkxa8to7dgxe7fp37') LIMIT 21; args=('2025-03-19 19:25:02.993926', 'zr6p92ge2xc1ei0tkxa8to7dgxe7fp37'); alias=default
"GET /static/admin/js/jquery.init.js HTTP/1.1" 304 0
"GET /static/admin/js/core.js HTTP/1.1" 304 0
"GET /static/admin/js/actions.js HTTP/1.1" 304 0
(0.000) SELECT "auth_user"."id", "auth_user"."password", "auth_user"."last_login", "auth_user"."is_superuser", "auth_user"."username", "auth_user"."first_name", "auth_user"."last_name", "auth_user"."email", "auth_user"."is_staff", "auth_user"."is_active", "auth_user"."date_joined" FROM "auth_user" WHERE "auth_user"."id" = 1 LIMIT 21; args=(1,); alias=default
"GET /static/admin/js/prepopulate.js HTTP/1.1" 304 0
"GET /static/admin/js/urlify.js HTTP/1.1" 304 0
"GET /static/admin/js/vendor/xregexp/xregexp.js HTTP/1.1" 304 0
"GET /static/admin/js/filters.js HTTP/1.1" 304 0
"GET /admin/jsi18n/ HTTP/1.1" 200 16066
"GET /static/admin/img/tooltag-add.svg HTTP/1.1" 304 0
(0.000) SELECT "django_session"."session_key", "django_session"."session_data", "django_session"."expire_date" FROM "django_session" WHERE ("django_session"."expire_date" > '2025-03-19 19:25:03.916228' AND "django_session"."session_key" = 'zr6p92ge2xc1ei0tkxa8to7dgxe7fp37') LIMIT 21; args=('2025-03-19 19:25:03.916228', 'zr6p92ge2xc1ei0tkxa8to7dgxe7fp37'); alias=default
(0.000) SELECT "auth_user"."id", "auth_user"."password", "auth_user"."last_login", "auth_user"."is_superuser", "auth_user"."username", "auth_user"."first_name", "auth_user"."last_name", "auth_user"."email", "auth_user"."is_staff", "auth_user"."is_active", "auth_user"."date_joined" FROM "auth_user" WHERE "auth_user"."id" = 1 LIMIT 21; args=(1,); alias=default
(0.000) BEGIN; args=None; alias=default
(0.000) SELECT "SearchResult_person"."id", "SearchResult_person"."full_name", "SearchResult_person"."nazvanie", "SearchResult_person"."biography", "SearchResult_person"."image1", "SearchResult_person"."image2", "SearchResult_person"."image3", "SearchResult_person"."image4", "SearchResult_person"."image5" FROM "SearchResult_person" WHERE "SearchResult_person"."id" = 2 LIMIT 21; args=(2,); alias=default
(0.000) SELECT "django_content_type"."id", "django_content_type"."app_label", "django_content_type"."model" FROM "django_content_type" WHERE ("django_content_type"."app_label" = 'SearchResult' AND "django_content_type"."model" = 'person') LIMIT 21; args=('SearchResult', 'person'); alias=default
(0.000) COMMIT; args=None; alias=default
"GET /admin/SearchResult/person/2/change/ HTTP/1.1" 200 18705
"GET /static/admin/css/forms.css HTTP/1.1" 304 0
(0.000) SELECT "django_session"."session_key", "django_session"."session_data", "django_session"."expire_date" FROM "django_session" WHERE ("django_session"."expire_date" > '2025-03-19 19:25:03.946238' AND "django_session"."session_key" = 'zr6p92ge2xc1ei0tkxa8to7dgxe7fp37') LIMIT 21; args=('2025-03-19 19:25:03.946238', 'zr6p92ge2xc1ei0tkxa8to7dgxe7fp37'); alias=default
(0.000) SELECT "auth_user"."id", "auth_user"."password", "auth_user"."last_login", "auth_user"."is_superuser", "auth_user"."username", "auth_user"."first_name", "auth_user"."last_name", "auth_user"."email", "auth_user"."is_staff", "auth_user"."is_active", "auth_user"."date_joined" FROM "auth_user" WHERE "auth_user"."id" = 1 LIMIT 21; args=(1,); alias=default
"GET /static/admin/css/widgets.css HTTP/1.1" 304 0
"GET /admin/jsi18n/ HTTP/1.1" 200 16066
(0.000) SELECT "django_session"."session_key", "django_session"."session_data", "django_session"."expire_date" FROM "django_session" WHERE ("django_session"."expire_date" > '2025-03-19 19:25:10.678183' AND "django_session"."session_key" = 'zr6p92ge2xc1ei0tkxa8to7dgxe7fp37') LIMIT 21; args=('2025-03-19 19:25:10.678183', 'zr6p92ge2xc1ei0tkxa8to7dgxe7fp37'); alias=default
(0.000) SELECT "auth_user"."id", "auth_user"."password", "auth_user"."last_login", "auth_user"."is_superuser", "auth_user"."username", "auth_user"."first_name", "auth_user"."last_name", "auth_user"."email", "auth_user"."is_staff", "auth_user"."is_active", "auth_user"."date_joined" FROM "auth_user" WHERE "auth_user"."id" = 1 LIMIT 21; args=(1,); alias=default
(0.000) BEGIN; args=None; alias=default
(0.000) SELECT "SearchResult_person"."id", "SearchResult_person"."full_name", "SearchResult_person"."nazvanie", "SearchResult_person"."biography", "SearchResult_person"."image1", "SearchResult_person"."image2", "SearchResult_person"."image3", "SearchResult_person"."image4", "SearchResult_person"."image5" FROM "SearchResult_person" WHERE "SearchResult_person"."id" = 2 LIMIT 21; args=(2,); alias=default
(0.000) SELECT 1 AS "a" FROM "SearchResult_person" WHERE ("SearchResult_person"."nazvanie" = 'LTZ' AND NOT ("SearchResult_person"."id" = 2)) LIMIT 1; args=(1, 'LTZ', 2); alias=default
(0.000) UPDATE "SearchResult_person" SET "full_name" = 'Шумавцов Алексей Семёнович', "nazvanie" = 'LTZ', "biography" = 'С начала оккупации Шумавцов работал электриком на Людиновском локомобильном заводе, где осенью 1941 года по собственной инициативе организовал диверсию — сжёг склад. По данным ряда источников, именно после этого события начинается формирование подпольной комсомольской группы под руководством Шумавцова. К работе в подполье привлекались комсомольцы, с которыми Алексей дружил или учился вместе, жил по соседству, их родственники (например, среди подпольщиков было сразу несколько представителей семей Апатьевых и Хотеевых). Одной из первых акций уже сложившейся подпольной группы стал подрыв моста в пригородном посёлке Сукремль (сейчас — в черте города Людиново).

7 января 1942 года в ходе Ржевско-Вяземской операции город был освобождён, однако уже 17 января части Красной армии были вынуждены вновь отступить. Фронт надолго стабилизировался в нескольких километрах севернее Людинова.

В этих условиях основной задачей городского подполья становилась разведка. Шумавцов и его группа собирали сведения об укреплениях противника в городе и окрестностях, скоплениях вражеских солдат и бронетехники. Эти данные передавались в партизанский отряд и использовались при организации диверсий, а также при проведении бомбардировок позиций немецких войск в районе Людинова советской авиацией. В частности, в январе 1942 года Алексей Шумавцов провёл успешную разведку укреплений противника в Людинове. Кроме того, подпольщики вели агитационную деятельность в оккупированном городе (распространяли листовки, сводки Совинформбюро, советские газеты) и организовывали собственные диверсионные акции (взрыв электростанции, пожары на военных объектах и объектах тылового обеспечения, минирование дорог).', "image1" = 'static/assets/images/Shumavtsov.jpg', "image2" = 'static/assets/images/72.jpg', "image3" = 'static/assets/images/7dfd1DFXhVY.jpg', "image4" = 'static/assets/images/67_big.jpg', "image5" = '' WHERE "SearchResult_person"."id" = 2; args=('Шумавцов Алексей Семёнович', 'LTZ', 'С начала оккупации Шумавцов работал электриком на Людиновском локомобильном заводе, где осенью 1941 года по собственной инициативе организовал диверсию — сжёг склад. По данным ряда источников, именно после этого события начинается формирование подпольной комсомольской группы под руководством Шумавцова. К работе в подполье привлекались комсомольцы, с которыми Алексей дружил или учился вместе, жил по соседству, их родственники (например, среди подпольщиков было сразу несколько представителей семей Апатьевых и Хотеевых). Одной из первых акций уже сложившейся подпольной группы стал подрыв моста в пригородном посёлке Сукремль (сейчас — в черте города Людиново).\r\n\r\n7 января 1942 года в ходе Ржевско-Вяземской операции город был освобождён, однако уже 17 января части Красной армии были вынуждены вновь отступить. Фронт надолго стабилизировался в нескольких километрах севернее Людинова.\r\n\r\nВ этих условиях основной задачей городского подполья становилась разведка. Шумавцов и его группа собирали сведения об укреплениях противника в городе и окрестностях, скоплениях вражеских солдат и бронетехники. Эти данные передавались в партизанский отряд и использовались при организации диверсий, а также при проведении бомбардировок позиций немецких войск в районе Людинова советской авиацией. В частности, в январе 1942 года Алексей Шумавцов провёл успешную разведку укреплений противника в Людинове. Кроме того, подпольщики вели агитационную деятельность в оккупированном городе (распространяли листовки, сводки Совинформбюро, советские газеты) и организовывали собственные диверсионные акции (взрыв электростанции, пожары на военных объектах и объектах тылового обеспечения, минирование дорог).', 'static/assets/images/Shumavtsov.jpg', 'static/assets/images/72.jpg', 'static/assets/images/7dfd1DFXhVY.jpg', 'static/assets/images/67_big.jpg', '', 2); alias=default
(0.000) INSERT INTO "django_admin_log" ("action_time", "user_id", "content_type_id", "object_id", "object_repr", "action_flag", "change_message") VALUES ('2025-03-19 19:25:10.683186', 1, 7, '2', 'Шумавцов Алексей Семёнович', 2, '[{"changed": {"fields": ["\u041f\u043e\u043b\u043d\u043e\u0435 \u0424\u0418\u041e"]}}]') RETURNING "django_admin_log"."id"; args=('2025-03-19 19:25:10.683186', 1, 7, '2', 'Шумавцов Алексей Семёнович', 2, '[{"changed": {"fields": ["\\u041f\\u043e\\u043b\\u043d\\u043e\\u0435 \\u0424\\u0418\\u041e"]}}]'); alias=default
(0.141) COMMIT; args=None; alias=default
"POST /admin/SearchResult/person/2/change/ HTTP/1.1" 302 0
(0.000) SELECT "django_session"."session_key", "django_session"."session_data", "django_session"."expire_date" FROM "django_session" WHERE ("django_session"."expire_date" > '2025-03-19 19:25:10.835235' AND "django_session"."session_key" = 'zr6p92ge2xc1ei0tkxa8to7dgxe7fp37') LIMIT 21; args=('2025-03-19 19:25:10.835235', 'zr6p92ge2xc1ei0tkxa8to7dgxe7fp37'); alias=default
(0.000) SELECT "auth_user"."id", "auth_user"."password", "auth_user"."last_login", "auth_user"."is_superuser", "auth_user"."username", "auth_user"."first_name", "auth_user"."last_name", "auth_user"."email", "auth_user"."is_staff", "auth_user"."is_active", "auth_user"."date_joined" FROM "auth_user" WHERE "auth_user"."id" = 1 LIMIT 21; args=(1,); alias=default
(0.000) SELECT COUNT(*) AS "__count" FROM "SearchResult_person"; args=(); alias=default
(0.000) SELECT COUNT(*) AS "__count" FROM "SearchResult_person"; args=(); alias=default
(0.000) SELECT "SearchResult_person"."id", "SearchResult_person"."full_name", "SearchResult_person"."nazvanie", "SearchResult_person"."biography", "SearchResult_person"."image1", "SearchResult_person"."image2", "SearchResult_person"."image3", "SearchResult_person"."image4", "SearchResult_person"."image5" FROM "SearchResult_person" ORDER BY "SearchResult_person"."id" DESC; args=(); alias=default
"GET /admin/SearchResult/person/ HTTP/1.1" 200 9731
(0.000) SELECT "django_session"."session_key", "django_session"."session_data", "django_session"."expire_date" FROM "django_session" WHERE ("django_session"."expire_date" > '2025-03-19 19:25:10.855241' AND "django_session"."session_key" = 'zr6p92ge2xc1ei0tkxa8to7dgxe7fp37') LIMIT 21; args=('2025-03-19 19:25:10.855241', 'zr6p92ge2xc1ei0tkxa8to7dgxe7fp37'); alias=default
(0.000) SELECT "auth_user"."id", "auth_user"."password", "auth_user"."last_login", "auth_user"."is_superuser", "auth_user"."username", "auth_user"."first_name", "auth_user"."last_name", "auth_user"."email", "auth_user"."is_staff", "auth_user"."is_active", "auth_user"."date_joined" FROM "auth_user" WHERE "auth_user"."id" = 1 LIMIT 21; args=(1,); alias=default
"GET /admin/jsi18n/ HTTP/1.1" 200 16066
"GET /static/admin/img/icon-yes.svg HTTP/1.1" 304 0
Exception while resolving variable 'logout_message' in template 'index.html'.
Traceback (most recent call last):
  File "D:\BaseDjango\MuzeyProject\.venv\lib\site-packages\django\template\base.py", line 880, in _resolve_lookup
    current = current[bit]
  File "D:\BaseDjango\MuzeyProject\.venv\lib\site-packages\django\template\context.py", line 83, in __getitem__
    raise KeyError(key)
KeyError: 'logout_message'

During handling of the above exception, another exception occurred:

Traceback (most recent call last):
  File "D:\BaseDjango\MuzeyProject\.venv\lib\site-packages\django\template\base.py", line 886, in _resolve_lookup
    if isinstance(current, BaseContext) and getattr(
AttributeError: type object 'RequestContext' has no attribute 'logout_message'

During handling of the above exception, another exception occurred:

Traceback (most recent call last):
  File "D:\BaseDjango\MuzeyProject\.venv\lib\site-packages\django\template\base.py", line 896, in _resolve_lookup
    current = current[int(bit)]
ValueError: invalid literal for int() with base 10: 'logout_message'

During handling of the above exception, another exception occurred:

Traceback (most recent call last):
  File "D:\BaseDjango\MuzeyProject\.venv\lib\site-packages\django\template\base.py", line 903, in _resolve_lookup
    raise VariableDoesNotExist(
django.template.base.VariableDoesNotExist: Failed lookup for key [logout_message] in [{'True': True, 'False': False, 'None': None}, {'csrf_token': <SimpleLazyObject: <function csrf.<locals>._get_val at 0x000001D6C01B8940>>, 'request': <WSGIRequest: GET '/'>, 'user': <SimpleLazyObject: <function AuthenticationMiddleware.process_request.<locals>.<lambda> at 0x000001D6C004C3A0>>, 'perms': PermWrapper(<SimpleLazyObject: <function AuthenticationMiddleware.process_request.<locals>.<lambda> at 0x000001D6C004C3A0>>), 'messages': <FallbackStorage: request=<WSGIRequest: GET '/'>>, 'DEFAULT_MESSAGE_LEVELS': {'DEBUG': 10, 'INFO': 20, 'SUCCESS': 25, 'WARNING': 30, 'ERROR': 40}}, {}]
"GET / HTTP/1.1" 200 12558
(0.000) SELECT "django_session"."session_key", "django_session"."session_data", "django_session"."expire_date" FROM "django_session" WHERE ("django_session"."expire_date" > '2025-03-19 19:26:03.051949' AND "django_session"."session_key" = 'zr6p92ge2xc1ei0tkxa8to7dgxe7fp37') LIMIT 21; args=('2025-03-19 19:26:03.051949', 'zr6p92ge2xc1ei0tkxa8to7dgxe7fp37'); alias=default
(0.000) SELECT "auth_user"."id", "auth_user"."password", "auth_user"."last_login", "auth_user"."is_superuser", "auth_user"."username", "auth_user"."first_name", "auth_user"."last_name", "auth_user"."email", "auth_user"."is_staff", "auth_user"."is_active", "auth_user"."date_joined" FROM "auth_user" WHERE "auth_user"."id" = 1 LIMIT 21; args=(1,); alias=default
(0.000) SELECT "Base_gameresult"."id", "Base_gameresult"."user_id", "Base_gameresult"."score", "Base_gameresult"."date" FROM "Base_gameresult" WHERE "Base_gameresult"."user_id" = 1 LIMIT 1; args=(1,); alias=default
"GET /games/ HTTP/1.1" 200 20223
Exception while resolving variable 'name' in template 'unknown'.
Traceback (most recent call last):
  File "D:\BaseDjango\MuzeyProject\.venv\lib\site-packages\django\core\handlers\exception.py", line 55, in inner
    response = get_response(request)
  File "D:\BaseDjango\MuzeyProject\.venv\lib\site-packages\django\core\handlers\base.py", line 181, in _get_response
    callback, callback_args, callback_kwargs = self.resolve_request(request)
  File "D:\BaseDjango\MuzeyProject\.venv\lib\site-packages\django\core\handlers\base.py", line 313, in resolve_request
    resolver_match = resolver.resolve(request.path_info)
  File "D:\BaseDjango\MuzeyProject\.venv\lib\site-packages\django\urls\resolvers.py", line 702, in resolve
    raise Resolver404({"tried": tried, "path": new_path})
django.urls.exceptions.Resolver404: {'tried': [[<URLPattern 'email/' [name='email']>], [<URLResolver <URLPattern list> (admin:admin) 'admin/'>], [<URLPattern 'search/<str:name>/'>], [<URLPattern 'games/'>], [<URLPattern 'game/<int:id>'>], [<URLPattern 'register/' [name='register']>], [<URLPattern '' [name='home']>], [<URLPattern 'result/<int:ids>/' [name='result']>], [<URLPattern 'video/<int:id>'>], [<URLPattern 'logout/' [name='logout']>], [<URLPattern 'login/' [name='login']>], [<URLPattern 'add_score/<int:id>' [name='add_score']>], [<URLPattern 'add_score/'>]], 'path': 'add_score'}

During handling of the above exception, another exception occurred:

Traceback (most recent call last):
  File "D:\BaseDjango\MuzeyProject\.venv\lib\site-packages\django\template\base.py", line 880, in _resolve_lookup
    current = current[bit]
TypeError: 'URLResolver' object is not subscriptable

During handling of the above exception, another exception occurred:

Traceback (most recent call last):
  File "D:\BaseDjango\MuzeyProject\.venv\lib\site-packages\django\template\base.py", line 890, in _resolve_lookup
    current = getattr(current, bit)
AttributeError: 'URLResolver' object has no attribute 'name'

During handling of the above exception, another exception occurred:

Traceback (most recent call last):
  File "D:\BaseDjango\MuzeyProject\.venv\lib\site-packages\django\template\base.py", line 896, in _resolve_lookup
    current = current[int(bit)]
ValueError: invalid literal for int() with base 10: 'name'

During handling of the above exception, another exception occurred:

Traceback (most recent call last):
  File "D:\BaseDjango\MuzeyProject\.venv\lib\site-packages\django\template\base.py", line 903, in _resolve_lookup
    raise VariableDoesNotExist(
django.template.base.VariableDoesNotExist: Failed lookup for key [name] in <URLResolver <URLPattern list> (admin:admin) 'admin/'>
"GET /add_score HTTP/1.1" 301 0
(0.000) SELECT "django_session"."session_key", "django_session"."session_data", "django_session"."expire_date" FROM "django_session" WHERE ("django_session"."expire_date" > '2025-03-19 19:26:10.394690' AND "django_session"."session_key" = 'zr6p92ge2xc1ei0tkxa8to7dgxe7fp37') LIMIT 21; args=('2025-03-19 19:26:10.394690', 'zr6p92ge2xc1ei0tkxa8to7dgxe7fp37'); alias=default
(0.000) SELECT "auth_user"."id", "auth_user"."password", "auth_user"."last_login", "auth_user"."is_superuser", "auth_user"."username", "auth_user"."first_name", "auth_user"."last_name", "auth_user"."email", "auth_user"."is_staff", "auth_user"."is_active", "auth_user"."date_joined" FROM "auth_user" WHERE "auth_user"."id" = 1 LIMIT 21; args=(1,); alias=default
(0.000) SELECT "Base_gameresult"."id", "Base_gameresult"."user_id", "Base_gameresult"."score", "Base_gameresult"."date" FROM "Base_gameresult" WHERE "Base_gameresult"."user_id" = 1 LIMIT 21; args=(1,); alias=default
(0.109) UPDATE "Base_gameresult" SET "user_id" = 1, "score" = 3, "date" = '2025-03-16 10:58:12.279619' WHERE "Base_gameresult"."id" = 1; args=(1, 3, '2025-03-16 10:58:12.279619', 1); alias=default
"GET /add_score/ HTTP/1.1" 302 0
(0.000) SELECT "django_session"."session_key", "django_session"."session_data", "django_session"."expire_date" FROM "django_session" WHERE ("django_session"."expire_date" > '2025-03-19 19:26:10.509729' AND "django_session"."session_key" = 'zr6p92ge2xc1ei0tkxa8to7dgxe7fp37') LIMIT 21; args=('2025-03-19 19:26:10.509729', 'zr6p92ge2xc1ei0tkxa8to7dgxe7fp37'); alias=default
(0.000) SELECT "auth_user"."id", "auth_user"."password", "auth_user"."last_login", "auth_user"."is_superuser", "auth_user"."username", "auth_user"."first_name", "auth_user"."last_name", "auth_user"."email", "auth_user"."is_staff", "auth_user"."is_active", "auth_user"."date_joined" FROM "auth_user" WHERE "auth_user"."id" = 1 LIMIT 21; args=(1,); alias=default
(0.000) SELECT "Base_gameresult"."id", "Base_gameresult"."user_id", "Base_gameresult"."score", "Base_gameresult"."date" FROM "Base_gameresult" WHERE "Base_gameresult"."user_id" = 1 LIMIT 1; args=(1,); alias=default
"GET /games/ HTTP/1.1" 200 20223
(0.000) SELECT "django_session"."session_key", "django_session"."session_data", "django_session"."expire_date" FROM "django_session" WHERE ("django_session"."expire_date" > '2025-03-19 19:26:15.238312' AND "django_session"."session_key" = 'zr6p92ge2xc1ei0tkxa8to7dgxe7fp37') LIMIT 21; args=('2025-03-19 19:26:15.238312', 'zr6p92ge2xc1ei0tkxa8to7dgxe7fp37'); alias=default
(0.000) SELECT "auth_user"."id", "auth_user"."password", "auth_user"."last_login", "auth_user"."is_superuser", "auth_user"."username", "auth_user"."first_name", "auth_user"."last_name", "auth_user"."email", "auth_user"."is_staff", "auth_user"."is_active", "auth_user"."date_joined" FROM "auth_user" WHERE "auth_user"."id" = 1 LIMIT 21; args=(1,); alias=default
(0.000) SELECT "Base_gameresult"."id", "Base_gameresult"."user_id", "Base_gameresult"."score", "Base_gameresult"."date" FROM "Base_gameresult" WHERE "Base_gameresult"."user_id" = 1 LIMIT 21; args=(1,); alias=default
(0.140) UPDATE "Base_gameresult" SET "user_id" = 1, "score" = 4, "date" = '2025-03-16 10:58:12.279619' WHERE "Base_gameresult"."id" = 1; args=(1, 4, '2025-03-16 10:58:12.279619', 1); alias=default
"GET /add_score/ HTTP/1.1" 302 0
(0.000) SELECT "django_session"."session_key", "django_session"."session_data", "django_session"."expire_date" FROM "django_session" WHERE ("django_session"."expire_date" > '2025-03-19 19:26:15.375357' AND "django_session"."session_key" = 'zr6p92ge2xc1ei0tkxa8to7dgxe7fp37') LIMIT 21; args=('2025-03-19 19:26:15.375357', 'zr6p92ge2xc1ei0tkxa8to7dgxe7fp37'); alias=default
(0.000) SELECT "auth_user"."id", "auth_user"."password", "auth_user"."last_login", "auth_user"."is_superuser", "auth_user"."username", "auth_user"."first_name", "auth_user"."last_name", "auth_user"."email", "auth_user"."is_staff", "auth_user"."is_active", "auth_user"."date_joined" FROM "auth_user" WHERE "auth_user"."id" = 1 LIMIT 21; args=(1,); alias=default
(0.000) SELECT "Base_gameresult"."id", "Base_gameresult"."user_id", "Base_gameresult"."score", "Base_gameresult"."date" FROM "Base_gameresult" WHERE "Base_gameresult"."user_id" = 1 LIMIT 1; args=(1,); alias=default
"GET /games/ HTTP/1.1" 200 20223
(0.000) SELECT "django_session"."session_key", "django_session"."session_data", "django_session"."expire_date" FROM "django_session" WHERE ("django_session"."expire_date" > '2025-03-19 19:26:20.246365' AND "django_session"."session_key" = 'zr6p92ge2xc1ei0tkxa8to7dgxe7fp37') LIMIT 21; args=('2025-03-19 19:26:20.246365', 'zr6p92ge2xc1ei0tkxa8to7dgxe7fp37'); alias=default
(0.015) SELECT "auth_user"."id", "auth_user"."password", "auth_user"."last_login", "auth_user"."is_superuser", "auth_user"."username", "auth_user"."first_name", "auth_user"."last_name", "auth_user"."email", "auth_user"."is_staff", "auth_user"."is_active", "auth_user"."date_joined" FROM "auth_user" WHERE "auth_user"."id" = 1 LIMIT 21; args=(1,); alias=default
(0.000) SELECT "Base_gameresult"."id", "Base_gameresult"."user_id", "Base_gameresult"."score", "Base_gameresult"."date" FROM "Base_gameresult" WHERE "Base_gameresult"."user_id" = 1 LIMIT 21; args=(1,); alias=default
(0.110) UPDATE "Base_gameresult" SET "user_id" = 1, "score" = 5, "date" = '2025-03-16 10:58:12.279619' WHERE "Base_gameresult"."id" = 1; args=(1, 5, '2025-03-16 10:58:12.279619', 1); alias=default
"GET /add_score/ HTTP/1.1" 302 0
(0.000) SELECT "django_session"."session_key", "django_session"."session_data", "django_session"."expire_date" FROM "django_session" WHERE ("django_session"."expire_date" > '2025-03-19 19:26:20.367404' AND "django_session"."session_key" = 'zr6p92ge2xc1ei0tkxa8to7dgxe7fp37') LIMIT 21; args=('2025-03-19 19:26:20.367404', 'zr6p92ge2xc1ei0tkxa8to7dgxe7fp37'); alias=default
(0.000) SELECT "auth_user"."id", "auth_user"."password", "auth_user"."last_login", "auth_user"."is_superuser", "auth_user"."username", "auth_user"."first_name", "auth_user"."last_name", "auth_user"."email", "auth_user"."is_staff", "auth_user"."is_active", "auth_user"."date_joined" FROM "auth_user" WHERE "auth_user"."id" = 1 LIMIT 21; args=(1,); alias=default
(0.000) SELECT "Base_gameresult"."id", "Base_gameresult"."user_id", "Base_gameresult"."score", "Base_gameresult"."date" FROM "Base_gameresult" WHERE "Base_gameresult"."user_id" = 1 LIMIT 1; args=(1,); alias=default
"GET /games/ HTTP/1.1" 200 20816
(0.000) SELECT "django_session"."session_key", "django_session"."session_data", "django_session"."expire_date" FROM "django_session" WHERE ("django_session"."expire_date" > '2025-03-19 19:26:21.860287' AND "django_session"."session_key" = 'zr6p92ge2xc1ei0tkxa8to7dgxe7fp37') LIMIT 21; args=('2025-03-19 19:26:21.860287', 'zr6p92ge2xc1ei0tkxa8to7dgxe7fp37'); alias=default
(0.000) SELECT "auth_user"."id", "auth_user"."password", "auth_user"."last_login", "auth_user"."is_superuser", "auth_user"."username", "auth_user"."first_name", "auth_user"."last_name", "auth_user"."email", "auth_user"."is_staff", "auth_user"."is_active", "auth_user"."date_joined" FROM "auth_user" WHERE "auth_user"."id" = 1 LIMIT 21; args=(1,); alias=default
(0.000) SELECT "Base_gameresult"."id", "Base_gameresult"."user_id", "Base_gameresult"."score", "Base_gameresult"."date" FROM "Base_gameresult" WHERE "Base_gameresult"."user_id" = 1 LIMIT 1; args=(1,); alias=default
"GET /email/ HTTP/1.1" 200 3792
(0.000) SELECT "django_session"."session_key", "django_session"."session_data", "django_session"."expire_date" FROM "django_session" WHERE ("django_session"."expire_date" > '2025-03-19 19:26:24.442040' AND "django_session"."session_key" = 'zr6p92ge2xc1ei0tkxa8to7dgxe7fp37') LIMIT 21; args=('2025-03-19 19:26:24.442040', 'zr6p92ge2xc1ei0tkxa8to7dgxe7fp37'); alias=default
(0.000) SELECT "auth_user"."id", "auth_user"."password", "auth_user"."last_login", "auth_user"."is_superuser", "auth_user"."username", "auth_user"."first_name", "auth_user"."last_name", "auth_user"."email", "auth_user"."is_staff", "auth_user"."is_active", "auth_user"."date_joined" FROM "auth_user" WHERE "auth_user"."id" = 1 LIMIT 21; args=(1,); alias=default
File D:\BaseDjango\MuzeyProject\.venv\Lib\site-packages\PIL\_imagingmath.cp39-win_amd64.pyd first seen with mtime 1733465807.001427
File D:\BaseDjango\MuzeyProject\.venv\Lib\site-packages\PIL\JpegPresets.py first seen with mtime 1733465806.958418
File D:\BaseDjango\MuzeyProject\.venv\Lib\site-packages\PIL\ImageChops.py first seen with mtime 1733465806.9424143
File D:\BaseDjango\MuzeyProject\.venv\Lib\site-packages\PIL\ImageSequence.py first seen with mtime 1733465806.9524167
File D:\BaseDjango\MuzeyProject\.venv\Lib\site-packages\PIL\BmpImagePlugin.py first seen with mtime 1733465806.9274104
File D:\BaseDjango\MuzeyProject\.venv\Lib\site-packages\PIL\ImageFile.py first seen with mtime 1733465806.945415
File D:\BaseDjango\MuzeyProject\.venv\Lib\site-packages\PIL\PpmImagePlugin.py first seen with mtime 1733465806.9684198
File D:\BaseDjango\MuzeyProject\.venv\Lib\site-packages\PIL\GimpPaletteFile.py first seen with mtime 1733465806.9374132
File D:\BaseDjango\MuzeyProject\.venv\Lib\site-packages\PIL\PaletteFile.py first seen with mtime 1733465806.9624188
File D:\BaseDjango\MuzeyProject\.venv\Lib\site-packages\PIL\JpegImagePlugin.py first seen with mtime 1733465806.9574175
File D:\BaseDjango\MuzeyProject\.venv\Lib\site-packages\PIL\ImageMath.py first seen with mtime 1733465806.9484158
File D:\BaseDjango\MuzeyProject\.venv\Lib\site-packages\PIL\ImageOps.py first seen with mtime 1733465806.950416
File D:\BaseDjango\MuzeyProject\.venv\Lib\site-packages\PIL\ImagePalette.py first seen with mtime 1733465806.950416
File D:\BaseDjango\MuzeyProject\.venv\Lib\site-packages\PIL\GifImagePlugin.py first seen with mtime 1733465806.936413
File D:\BaseDjango\MuzeyProject\.venv\Lib\site-packages\PIL\GimpGradientFile.py first seen with mtime 1733465806.9374132
File D:\BaseDjango\MuzeyProject\.venv\Lib\site-packages\PIL\PngImagePlugin.py first seen with mtime 1733465806.9674199
File D:\BaseDjango\MuzeyProject\.venv\Lib\site-packages\django\core\mail\backends\smtp.py first seen with mtime 1733464571.3964193
File D:\BaseDjango\MuzeyProject\.venv\Lib\site-packages\django\core\mail\backends\base.py first seen with mtime 1733464571.3884008
File D:\BaseDjango\MuzeyProject\.venv\Lib\site-packages\django\core\mail\backends\__init__.py first seen with mtime 1733464571.3874018
File C:\Users\admin\AppData\Local\Programs\Python\Python39\Lib\smtplib.py first seen with mtime 1652795110.0
Internal Server Error: /email/
"POST /email/ HTTP/1.1" 500 237
File D:\BaseDjango\MuzeyProject\MuzeyServer\send_email\views.py previous mtime: 1742221357.3865316, current mtime: 1742412420.7548673
D:\BaseDjango\MuzeyProject\MuzeyServer\send_email\views.py notified as changed. Signal results: [(<function template_changed at 0x000001D6BF0A3AF0>, None), (<function translation_file_changed at 0x000001D6BFA97AF0>, None)].
D:\BaseDjango\MuzeyProject\MuzeyServer\send_email\views.py changed, reloading.
Watching for file changes with StatReloader
Waiting for apps ready_event.
Apps ready_event triggered. Sending autoreload_started signal.
Watching dir D:\BaseDjango\MuzeyProject\MuzeyServer\templates with glob **/*.
Watching dir D:\BaseDjango\MuzeyProject\MuzeyServer\locale with glob **/*.mo.
Watching dir D:\BaseDjango\MuzeyProject\MuzeyServer\SearchResult\locale with glob **/*.mo.
Watching dir D:\BaseDjango\MuzeyProject\MuzeyServer\Base\locale with glob **/*.mo.
Watching dir D:\BaseDjango\MuzeyProject\MuzeyServer\GamesList\locale with glob **/*.mo.
Watching dir D:\BaseDjango\MuzeyProject\MuzeyServer\SearchMenu\locale with glob **/*.mo.
(0.000) 
            SELECT name, type FROM sqlite_master
            WHERE type in ('table', 'view') AND NOT name='sqlite_sequence'
            ORDER BY name; args=None; alias=default
(0.000) SELECT "django_migrations"."id", "django_migrations"."app", "django_migrations"."name", "django_migrations"."applied" FROM "django_migrations"; args=(); alias=default
File D:\BaseDjango\MuzeyProject\.venv\Lib\site-packages\django\core\paginator.py first seen with mtime 1733464571.3262625
File D:\BaseDjango\MuzeyProject\.venv\Lib\site-packages\sqlparse\sql.py first seen with mtime 1733464568.1231487
File D:\BaseDjango\MuzeyProject\.venv\Lib\site-packages\django\core\checks\compatibility\__init__.py first seen with mtime 1733464571.3623226
File D:\BaseDjango\MuzeyProject\.venv\Lib\site-packages\django\db\models\base.py first seen with mtime 1733464571.5317433
File D:\BaseDjango\MuzeyProject\.venv\Lib\site-packages\django\contrib\admin\sites.py first seen with mtime 1733464568.6582677
File D:\BaseDjango\MuzeyProject\.venv\Lib\site-packages\django\db\models\signals.py first seen with mtime 1733464571.5427656
File D:\BaseDjango\MuzeyProject\MuzeyServer\GamesList\models.py first seen with mtime 1733464820.7293448
File C:\Users\admin\AppData\Local\Programs\Python\Python39\Lib\asyncio\base_events.py first seen with mtime 1652795110.0
File D:\BaseDjango\MuzeyProject\.venv\Lib\site-packages\django\views\generic\list.py first seen with mtime 1733464571.7873027
File C:\Users\admin\AppData\Local\Programs\Python\Python39\Lib\struct.py first seen with mtime 1652795110.0
File D:\BaseDjango\MuzeyProject\.venv\Lib\site-packages\django\core\handlers\asgi.py first seen with mtime 1733464571.3833804
File D:\BaseDjango\MuzeyProject\.venv\Lib\site-packages\django\forms\__init__.py first seen with mtime 1733464571.57386
File D:\BaseDjango\MuzeyProject\MuzeyServer\SearchResult\__init__.py first seen with mtime 1733465047.6744561
File C:\Users\admin\AppData\Local\Programs\Python\Python39\Lib\encodings\aliases.py first seen with mtime 1652795110.0
File D:\BaseDjango\MuzeyProject\.venv\Lib\site-packages\django\views\static.py first seen with mtime 1733464571.7782624
File C:\Users\admin\AppData\Local\Programs\Python\Python39\Lib\wsgiref\handlers.py first seen with mtime 1652795112.0
File C:\Users\admin\AppData\Local\Programs\Python\Python39\Lib\pkgutil.py first seen with mtime 1652795110.0
File C:\Users\admin\AppData\Local\Programs\Python\Python39\Lib\logging\handlers.py first seen with mtime 1652795110.0
File C:\Users\admin\AppData\Local\Programs\Python\Python39\Lib\urllib\parse.py first seen with mtime 1652795112.0
File C:\Users\admin\AppData\Local\Programs\Python\Python39\Lib\keyword.py first seen with mtime 1652795110.0
File C:\Users\admin\AppData\Local\Programs\Python\Python39\Lib\email\charset.py first seen with mtime 1652795110.0
File D:\BaseDjango\MuzeyProject\.venv\Lib\site-packages\django\db\backends\sqlite3\introspection.py first seen with mtime 1733464571.5126562
File D:\BaseDjango\MuzeyProject\.venv\Lib\site-packages\django\db\backends\base\schema.py first seen with mtime 1733464571.4815729
File C:\Users\admin\AppData\Local\Programs\Python\Python39\Lib\email\_parseaddr.py first seen with mtime 1652795110.0
File D:\BaseDjango\MuzeyProject\.venv\Lib\site-packages\django\db\migrations\operations\models.py first seen with mtime 1733464571.5287201
File C:\Users\admin\AppData\Local\Programs\Python\Python39\DLLs\_lzma.pyd first seen with mtime 1652795162.0
File D:\BaseDjango\MuzeyProject\.venv\Lib\site-packages\django\dispatch\__init__.py first seen with mtime 1733464571.5718408
File C:\Users\admin\AppData\Local\Programs\Python\Python39\DLLs\_sqlite3.pyd first seen with mtime 1652795162.0
File D:\BaseDjango\MuzeyProject\.venv\Lib\site-packages\django\middleware\security.py first seen with mtime 1733464571.7180846
File D:\BaseDjango\MuzeyProject\.venv\Lib\site-packages\django\core\cache\__init__.py first seen with mtime 1733464571.3352826
File D:\BaseDjango\MuzeyProject\.venv\Lib\site-packages\django\db\backends\sqlite3\operations.py first seen with mtime 1733464571.5136783
File D:\BaseDjango\MuzeyProject\.venv\Lib\site-packages\django\urls\conf.py first seen with mtime 1733464571.7441454
File C:\Users\admin\AppData\Local\Programs\Python\Python39\Lib\string.py first seen with mtime 1652795110.0
File C:\Users\admin\AppData\Local\Programs\Python\Python39\Lib\email\_encoded_words.py first seen with mtime 1652795110.0
File C:\Users\admin\AppData\Local\Programs\Python\Python39\Lib\genericpath.py first seen with mtime 1652795110.0
File D:\BaseDjango\MuzeyProject\.venv\Lib\site-packages\django\db\migrations\operations\base.py first seen with mtime 1733464571.5277197
File D:\BaseDjango\MuzeyProject\.venv\Lib\site-packages\django\db\models\fields\related.py first seen with mtime 1733464571.546765
File D:\BaseDjango\MuzeyProject\.venv\Lib\site-packages\django\contrib\admin\apps.py first seen with mtime 1733464568.6522663
File D:\BaseDjango\MuzeyProject\.venv\Lib\site-packages\django\contrib\sessions\backends\__init__.py first seen with mtime 1733464570.997325
File D:\BaseDjango\MuzeyProject\.venv\Lib\site-packages\sqlparse\__init__.py first seen with mtime 1733464568.118148
File C:\Users\admin\AppData\Local\Programs\Python\Python39\Lib\asyncio\sslproto.py first seen with mtime 1652795110.0
File C:\Users\admin\AppData\Local\Programs\Python\Python39\Lib\email\_header_value_parser.py first seen with mtime 1652795110.0
File D:\BaseDjango\MuzeyProject\.venv\Lib\site-packages\django\contrib\contenttypes\checks.py first seen with mtime 1733464569.3994327
File D:\BaseDjango\MuzeyProject\.venv\Lib\site-packages\django\middleware\cache.py first seen with mtime 1733464571.7130628
File C:\Users\admin\AppData\Local\Programs\Python\Python39\Lib\asyncio\base_tasks.py first seen with mtime 1652795110.0
File D:\BaseDjango\MuzeyProject\MuzeyServer\SearchMenu\apps.py first seen with mtime 1733464938.6622224
File C:\Users\admin\AppData\Local\Programs\Python\Python39\Lib\email\mime\base.py first seen with mtime 1652795110.0
File C:\Users\admin\AppData\Local\Programs\Python\Python39\Lib\asyncio\__init__.py first seen with mtime 1652795110.0
File D:\BaseDjango\MuzeyProject\.venv\Lib\site-packages\django\contrib\contenttypes\views.py first seen with mtime 1733464569.401433
File D:\BaseDjango\MuzeyProject\.venv\Lib\site-packages\django\db\models\fields\files.py first seen with mtime 1733464571.5447645
File D:\BaseDjango\MuzeyProject\.venv\Lib\site-packages\django\utils\asyncio.py first seen with mtime 1733464571.7491639
File C:\Users\admin\AppData\Local\Programs\Python\Python39\Lib\gettext.py first seen with mtime 1652795110.0
File C:\Users\admin\AppData\Local\Programs\Python\Python39\Lib\email\parser.py first seen with mtime 1652795110.0
File D:\BaseDjango\MuzeyProject\.venv\Lib\site-packages\django\utils\__init__.py first seen with mtime 1733464571.7471642
File C:\Users\admin\AppData\Local\Programs\Python\Python39\Lib\datetime.py first seen with mtime 1652795110.0
File D:\BaseDjango\MuzeyProject\.venv\Lib\site-packages\django\utils\tree.py first seen with mtime 1733464571.7702415
File D:\BaseDjango\MuzeyProject\.venv\Lib\site-packages\django\core\checks\urls.py first seen with mtime 1733464571.3623226
File C:\Users\admin\AppData\Local\Programs\Python\Python39\Lib\urllib\error.py first seen with mtime 1652795112.0
File D:\BaseDjango\MuzeyProject\.venv\Lib\site-packages\django\template\defaultfilters.py first seen with mtime 1733464571.721085
File C:\Users\admin\AppData\Local\Programs\Python\Python39\Lib\email\policy.py first seen with mtime 1652795110.0
File D:\BaseDjango\MuzeyProject\.venv\Lib\site-packages\asgiref\sync.py first seen with mtime 1733464568.2551785
File D:\BaseDjango\MuzeyProject\.venv\Lib\site-packages\django\core\files\uploadedfile.py first seen with mtime 1733464571.3773606
File D:\BaseDjango\MuzeyProject\.venv\Lib\site-packages\django\core\checks\translation.py first seen with mtime 1733464571.3613224
File C:\Users\admin\AppData\Local\Programs\Python\Python39\Lib\email\contentmanager.py first seen with mtime 1652795110.0
File C:\Users\admin\AppData\Local\Programs\Python\Python39\DLLs\_queue.pyd first seen with mtime 1652795162.0
File C:\Users\admin\AppData\Local\Programs\Python\Python39\Lib\asyncio\trsock.py first seen with mtime 1652795110.0
File C:\Users\admin\AppData\Local\Programs\Python\Python39\Lib\multiprocessing\process.py first seen with mtime 1652795110.0
File D:\BaseDjango\MuzeyProject\.venv\Lib\site-packages\django\core\handlers\base.py first seen with mtime 1733464571.3833804
File D:\BaseDjango\MuzeyProject\.venv\Lib\site-packages\django\contrib\admin\exceptions.py first seen with mtime 1733464568.6542668
File D:\BaseDjango\MuzeyProject\.venv\Lib\site-packages\django\contrib\contenttypes\__init__.py first seen with mtime 1733464569.397432
File D:\BaseDjango\MuzeyProject\.venv\Lib\site-packages\django\db\models\functions\window.py first seen with mtime 1733464571.5658183
File D:\BaseDjango\MuzeyProject\.venv\Lib\site-packages\django\contrib\admin\templatetags\admin_modify.py first seen with mtime 1733464569.0853627
File C:\Users\admin\AppData\Local\Programs\Python\Python39\Lib\uu.py first seen with mtime 1652795112.0
File D:\BaseDjango\MuzeyProject\.venv\Lib\site-packages\PIL\__init__.py first seen with mtime 1733465806.9774215
File D:\BaseDjango\MuzeyProject\.venv\Lib\site-packages\PIL\_imaging.cp39-win_amd64.pyd first seen with mtime 1733465806.9884238
File D:\BaseDjango\MuzeyProject\.venv\Lib\site-packages\django\core\wsgi.py first seen with mtime 1733464571.3342824
File C:\Users\admin\AppData\Local\Programs\Python\Python39\Lib\asyncio\transports.py first seen with mtime 1652795110.0
File C:\Users\admin\AppData\Local\Programs\Python\Python39\Lib\locale.py first seen with mtime 1652795110.0
File D:\BaseDjango\MuzeyProject\.venv\Lib\site-packages\django\db\models\functions\comparison.py first seen with mtime 1733464571.5588002
File D:\BaseDjango\MuzeyProject\.venv\Lib\site-packages\PIL\ExifTags.py first seen with mtime 1733465806.9324121
File D:\BaseDjango\MuzeyProject\.venv\Lib\site-packages\django\core\cache\backends\base.py first seen with mtime 1733464571.3373022
File D:\BaseDjango\MuzeyProject\.venv\Lib\site-packages\django\contrib\messages\__init__.py first seen with mtime 1733464570.721454
File C:\Users\admin\AppData\Local\Programs\Python\Python39\Lib\pathlib.py first seen with mtime 1652795110.0
File D:\BaseDjango\MuzeyProject\.venv\Lib\site-packages\django\core\files\storage\__init__.py first seen with mtime 1733464571.379361
File D:\BaseDjango\MuzeyProject\.venv\Lib\site-packages\django\core\files\storage\base.py first seen with mtime 1733464571.379361
File D:\BaseDjango\MuzeyProject\.venv\Lib\site-packages\django\db\backends\sqlite3\_functions.py first seen with mtime 1733464571.5096555
File C:\Users\admin\AppData\Local\Programs\Python\Python39\Lib\gzip.py first seen with mtime 1652795110.0
File C:\Users\admin\AppData\Local\Programs\Python\Python39\Lib\asyncio\base_futures.py first seen with mtime 1652795110.0
File D:\BaseDjango\MuzeyProject\.venv\Lib\site-packages\django\views\generic\__init__.py first seen with mtime 1733464571.7842817
File D:\BaseDjango\MuzeyProject\.venv\Lib\site-packages\django\template\context.py first seen with mtime 1733464571.7200851
File D:\BaseDjango\MuzeyProject\.venv\Lib\site-packages\django\template\response.py first seen with mtime 1733464571.726105
File D:\BaseDjango\MuzeyProject\.venv\Lib\site-packages\django\utils\termcolors.py first seen with mtime 1733464571.7672222
File C:\Users\admin\AppData\Local\Programs\Python\Python39\Lib\html\entities.py first seen with mtime 1652795110.0
File D:\BaseDjango\MuzeyProject\.venv\Lib\site-packages\django\views\generic\base.py first seen with mtime 1733464571.785282
File C:\Users\admin\AppData\Local\Programs\Python\Python39\Lib\zoneinfo\_common.py first seen with mtime 1652795112.0
File D:\BaseDjango\MuzeyProject\.venv\Lib\site-packages\django\templatetags\__init__.py first seen with mtime 1733464571.734145
File C:\Users\admin\AppData\Local\Programs\Python\Python39\Lib\secrets.py first seen with mtime 1652795110.0
File D:\BaseDjango\MuzeyProject\.venv\Lib\site-packages\django\core\files\uploadhandler.py first seen with mtime 1733464571.3773606
File D:\BaseDjango\MuzeyProject\.venv\Lib\site-packages\django\forms\fields.py first seen with mtime 1733464571.5748599
File C:\Users\admin\AppData\Local\Programs\Python\Python39\Lib\encodings\utf_8.py first seen with mtime 1652795110.0
File D:\BaseDjango\MuzeyProject\.venv\Lib\site-packages\django\core\files\__init__.py first seen with mtime 1733464571.3663418
File D:\BaseDjango\MuzeyProject\.venv\Lib\site-packages\django\contrib\admin\widgets.py first seen with mtime 1733464568.6602683
File D:\BaseDjango\MuzeyProject\.venv\Lib\site-packages\django\core\files\base.py first seen with mtime 1733464571.3663418
File D:\BaseDjango\MuzeyProject\.venv\Lib\site-packages\django\core\checks\model_checks.py first seen with mtime 1733464571.359322
File D:\BaseDjango\MuzeyProject\.venv\Lib\site-packages\django\template\library.py first seen with mtime 1733464571.7241046
File C:\Users\admin\AppData\Local\Programs\Python\Python39\Lib\getpass.py first seen with mtime 1652795110.0
File D:\BaseDjango\MuzeyProject\.venv\Lib\site-packages\django\core\management\commands\__init__.py first seen with mtime 1733464571.4184556
File D:\BaseDjango\MuzeyProject\.venv\Lib\site-packages\django\contrib\auth\admin.py first seen with mtime 1733464569.2343957
File D:\BaseDjango\MuzeyProject\.venv\Lib\site-packages\django\urls\exceptions.py first seen with mtime 1733464571.7451646
File D:\BaseDjango\MuzeyProject\.venv\Lib\site-packages\django\utils\encoding.py first seen with mtime 1733464571.7582026
File C:\Users\admin\AppData\Local\Programs\Python\Python39\Lib\email\iterators.py first seen with mtime 1652795110.0
File C:\Users\admin\AppData\Local\Programs\Python\Python39\Lib\json\encoder.py first seen with mtime 1652795110.0
File C:\Users\admin\AppData\Local\Programs\Python\Python39\Lib\collections\__init__.py first seen with mtime 1652795110.0
File D:\BaseDjango\MuzeyProject\.venv\Lib\site-packages\django\template\smartif.py first seen with mtime 1733464571.726105
File C:\Users\admin\AppData\Local\Programs\Python\Python39\Lib\email\message.py first seen with mtime 1652795110.0
File C:\Users\admin\AppData\Local\Programs\Python\Python39\Lib\weakref.py first seen with mtime 1652795112.0
File C:\Users\admin\AppData\Local\Programs\Python\Python39\DLLs\_hashlib.pyd first seen with mtime 1652795162.0
File D:\BaseDjango\MuzeyProject\.venv\Lib\site-packages\django\contrib\auth\middleware.py first seen with mtime 1733464569.2403972
File D:\BaseDjango\MuzeyProject\.venv\Lib\site-packages\django\utils\ipv6.py first seen with mtime 1733464571.7622032
File D:\BaseDjango\MuzeyProject\.venv\Lib\site-packages\django\urls\utils.py first seen with mtime 1733464571.7461636
File D:\BaseDjango\MuzeyProject\.venv\Lib\site-packages\django\contrib\sessions\apps.py first seen with mtime 1733464570.9943247
File D:\BaseDjango\MuzeyProject\.venv\Lib\site-packages\django\template\base.py first seen with mtime 1733464571.7200851
File D:\BaseDjango\MuzeyProject\.venv\Lib\site-packages\django\utils\functional.py first seen with mtime 1733464571.7592025
File D:\BaseDjango\MuzeyProject\.venv\Lib\site-packages\django\utils\html.py first seen with mtime 1733464571.7602026
File C:\Users\admin\AppData\Local\Programs\Python\Python39\Lib\email\base64mime.py first seen with mtime 1652795110.0
File D:\BaseDjango\MuzeyProject\.venv\Lib\site-packages\django\forms\widgets.py first seen with mtime 1733464571.5788605
File D:\BaseDjango\MuzeyProject\.venv\Lib\site-packages\django\contrib\messages\storage\base.py first seen with mtime 1733464570.726472
File C:\Users\admin\AppData\Local\Programs\Python\Python39\Lib\importlib\util.py first seen with mtime 1652795110.0
File D:\BaseDjango\MuzeyProject\.venv\Lib\site-packages\sqlparse\keywords.py first seen with mtime 1733464568.1211486
File D:\BaseDjango\MuzeyProject\.venv\Lib\site-packages\django\contrib\staticfiles\finders.py first seen with mtime 1733464571.310219
File C:\Users\admin\AppData\Local\Programs\Python\Python39\Lib\importlib\abc.py first seen with mtime 1652795110.0
File C:\Users\admin\AppData\Local\Programs\Python\Python39\Lib\asyncio\exceptions.py first seen with mtime 1652795110.0
File C:\Users\admin\AppData\Local\Programs\Python\Python39\Lib\fnmatch.py first seen with mtime 1652795110.0
File D:\BaseDjango\MuzeyProject\.venv\Lib\site-packages\django\contrib\admin\templatetags\log.py first seen with mtime 1733464569.086363
File D:\BaseDjango\MuzeyProject\.venv\Lib\site-packages\sqlparse\filters\__init__.py first seen with mtime 1733464568.1271496
File D:\BaseDjango\MuzeyProject\.venv\Lib\site-packages\django\core\cache\backends\locmem.py first seen with mtime 1733464571.3393009
File D:\BaseDjango\MuzeyProject\.venv\Lib\site-packages\django\core\checks\security\csrf.py first seen with mtime 1733464571.365342
File C:\Users\admin\AppData\Local\Programs\Python\Python39\Lib\_compression.py first seen with mtime 1652795110.0
File C:\Users\admin\AppData\Local\Programs\Python\Python39\Lib\stat.py first seen with mtime 1652795110.0
File D:\BaseDjango\MuzeyProject\.venv\Lib\site-packages\django\core\exceptions.py first seen with mtime 1733464571.3262625
File D:\BaseDjango\MuzeyProject\.venv\Lib\site-packages\django\utils\safestring.py first seen with mtime 1733464571.7672222
File D:\BaseDjango\MuzeyProject\.venv\Lib\site-packages\django\conf\global_settings.py first seen with mtime 1733464568.4152143
File D:\BaseDjango\MuzeyProject\.venv\Lib\site-packages\django\urls\converters.py first seen with mtime 1733464571.7451646
File D:\BaseDjango\MuzeyProject\.venv\Lib\site-packages\django\utils\itercompat.py first seen with mtime 1733464571.763223
File C:\Users\admin\AppData\Local\Programs\Python\Python39\Lib\statistics.py first seen with mtime 1652795110.0
File D:\BaseDjango\MuzeyProject\.venv\Lib\site-packages\django\core\cache\backends\filebased.py first seen with mtime 1733464571.338301
File D:\BaseDjango\MuzeyProject\.venv\Lib\site-packages\django\templatetags\static.py first seen with mtime 1733464571.7361436
File C:\Users\admin\AppData\Local\Programs\Python\Python39\Lib\multiprocessing\context.py first seen with mtime 1652795110.0
File C:\Users\admin\AppData\Local\Programs\Python\Python39\Lib\fractions.py first seen with mtime 1652795110.0
File D:\BaseDjango\MuzeyProject\.venv\Lib\site-packages\django\utils\dates.py first seen with mtime 1733464571.7541828
File D:\BaseDjango\MuzeyProject\.venv\Lib\site-packages\django\db\models\sql\subqueries.py first seen with mtime 1733464571.5708406
File D:\BaseDjango\MuzeyProject\.venv\Lib\site-packages\django\http\__init__.py first seen with mtime 1733464571.7100637
File D:\BaseDjango\MuzeyProject\.venv\Lib\site-packages\django\db\models\functions\mixins.py first seen with mtime 1733464571.560819
File D:\BaseDjango\MuzeyProject\.venv\Lib\site-packages\django\contrib\staticfiles\apps.py first seen with mtime 1733464571.3092191
File D:\BaseDjango\MuzeyProject\.venv\Lib\site-packages\django\contrib\staticfiles\management\commands\__init__.py first seen with mtime 1733464571.3182206
File D:\BaseDjango\MuzeyProject\.venv\Lib\site-packages\PIL\_binary.py first seen with mtime 1733465806.9784217
File D:\BaseDjango\MuzeyProject\MuzeyServer\Base\apps.py first seen with mtime 1733464812.0479295
File D:\BaseDjango\MuzeyProject\.venv\Lib\site-packages\django\db\models\functions\__init__.py first seen with mtime 1733464571.5588002
File D:\BaseDjango\MuzeyProject\.venv\Lib\site-packages\django\contrib\contenttypes\fields.py first seen with mtime 1733464569.3994327
File D:\BaseDjango\MuzeyProject\.venv\Lib\site-packages\django\db\backends\sqlite3\client.py first seen with mtime 1733464571.5106559
File D:\BaseDjango\MuzeyProject\.venv\Lib\site-packages\django\templatetags\l10n.py first seen with mtime 1733464571.7361436
File D:\BaseDjango\MuzeyProject\.venv\Lib\site-packages\django\db\migrations\exceptions.py first seen with mtime 1733464571.5166779
File D:\BaseDjango\MuzeyProject\.venv\Lib\site-packages\django\contrib\auth\management\__init__.py first seen with mtime 1733464569.3864298
File C:\Users\admin\AppData\Local\Programs\Python\Python39\Lib\asyncio\constants.py first seen with mtime 1652795110.0
File D:\BaseDjango\MuzeyProject\.venv\Lib\site-packages\django\core\serializers\base.py first seen with mtime 1733464571.4675303
File D:\BaseDjango\MuzeyProject\.venv\Lib\site-packages\django\db\backends\__init__.py first seen with mtime 1733464571.4745731
File C:\Users\admin\AppData\Local\Programs\Python\Python39\Lib\traceback.py first seen with mtime 1652795112.0
File D:\BaseDjango\MuzeyProject\.venv\Lib\site-packages\django\utils\timezone.py first seen with mtime 1733464571.769243
File C:\Users\admin\AppData\Local\Programs\Python\Python39\Lib\uuid.py first seen with mtime 1652795112.0
File D:\BaseDjango\MuzeyProject\.venv\Lib\site-packages\django\db\backends\signals.py first seen with mtime 1733464571.475572
File D:\BaseDjango\MuzeyProject\.venv\Lib\site-packages\django\db\migrations\utils.py first seen with mtime 1733464571.5257215
File C:\Users\admin\AppData\Local\Programs\Python\Python39\Lib\asyncio\format_helpers.py first seen with mtime 1652795110.0
File C:\Users\admin\AppData\Local\Programs\Python\Python39\Lib\email\mime\text.py first seen with mtime 1652795110.0
File D:\BaseDjango\MuzeyProject\.venv\Lib\site-packages\django\db\backends\sqlite3\creation.py first seen with mtime 1733464571.511656
File D:\BaseDjango\MuzeyProject\.venv\Lib\site-packages\django\template\backends\base.py first seen with mtime 1733464571.7281253
File C:\Users\admin\AppData\Local\Programs\Python\Python39\DLLs\_overlapped.pyd first seen with mtime 1652795162.0
File D:\BaseDjango\MuzeyProject\.venv\Lib\site-packages\django\dispatch\dispatcher.py first seen with mtime 1733464571.5728612
File D:\BaseDjango\MuzeyProject\.venv\Lib\site-packages\django\contrib\auth\apps.py first seen with mtime 1733464569.235396
File D:\BaseDjango\MuzeyProject\.venv\Lib\site-packages\django\contrib\auth\backends.py first seen with mtime 1733464569.235396
File D:\BaseDjango\MuzeyProject\.venv\Lib\site-packages\django\core\files\storage\handler.py first seen with mtime 1733464571.3803613
File D:\BaseDjango\MuzeyProject\.venv\Lib\site-packages\django\db\models\aggregates.py first seen with mtime 1733464571.5307207
File C:\Users\admin\AppData\Local\Programs\Python\Python39\Lib\socketserver.py first seen with mtime 1652795110.0
File D:\BaseDjango\MuzeyProject\.venv\Lib\site-packages\django\middleware\csrf.py first seen with mtime 1733464571.715063
File D:\BaseDjango\MuzeyProject\.venv\Lib\site-packages\django\db\models\query.py first seen with mtime 1733464571.5407434
File D:\BaseDjango\MuzeyProject\.venv\Lib\site-packages\django\core\checks\database.py first seen with mtime 1733464571.346319
File D:\BaseDjango\MuzeyProject\.venv\Lib\site-packages\django\views\generic\dates.py first seen with mtime 1733464571.785282
File D:\BaseDjango\MuzeyProject\MuzeyServer\send_email\views.py first seen with mtime 1742412420.7548673
File D:\BaseDjango\MuzeyProject\.venv\Lib\site-packages\sqlparse\formatter.py first seen with mtime 1733464568.1211486
File C:\Users\admin\AppData\Local\Programs\Python\Python39\Lib\asyncio\log.py first seen with mtime 1652795110.0
File D:\BaseDjango\MuzeyProject\.venv\Lib\site-packages\sqlparse\lexer.py first seen with mtime 1733464568.122149
File C:\Users\admin\AppData\Local\Programs\Python\Python39\Lib\sre_parse.py first seen with mtime 1652795110.0
File C:\Users\admin\AppData\Local\Programs\Python\Python39\Lib\pprint.py first seen with mtime 1652795110.0
File D:\BaseDjango\MuzeyProject\.venv\Lib\site-packages\django\contrib\admin\__init__.py first seen with mtime 1733464568.651266
File D:\BaseDjango\MuzeyProject\.venv\Lib\site-packages\django\db\backends\base\client.py first seen with mtime 1733464571.477572
File D:\BaseDjango\MuzeyProject\.venv\Lib\site-packages\django\utils\log.py first seen with mtime 1733464571.7642217
File C:\Users\admin\AppData\Local\Programs\Python\Python39\Lib\reprlib.py first seen with mtime 1652795110.0
File D:\BaseDjango\MuzeyProject\.venv\Lib\site-packages\django\views\decorators\csrf.py first seen with mtime 1733464571.781283
File C:\Users\admin\AppData\Local\Programs\Python\Python39\Lib\functools.py first seen with mtime 1652795110.0
File C:\Users\admin\AppData\Local\Programs\Python\Python39\DLLs\select.pyd first seen with mtime 1652795162.0
File D:\BaseDjango\MuzeyProject\MuzeyServer\MuzeyServer\__init__.py first seen with mtime 1733464675.8648503
File D:\BaseDjango\MuzeyProject\.venv\Lib\site-packages\django\contrib\staticfiles\utils.py first seen with mtime 1733464571.3162203
File C:\Users\admin\AppData\Local\Programs\Python\Python39\Lib\asyncio\selector_events.py first seen with mtime 1652795110.0
File D:\BaseDjango\MuzeyProject\.venv\Lib\site-packages\django\template\loader.py first seen with mtime 1733464571.7251048
File C:\Users\admin\AppData\Local\Programs\Python\Python39\Lib\ntpath.py first seen with mtime 1652795110.0
File D:\BaseDjango\MuzeyProject\MuzeyServer\SearchMenu\__init__.py first seen with mtime 1733464938.664223
File D:\BaseDjango\MuzeyProject\.venv\Lib\site-packages\django\utils\hashable.py first seen with mtime 1733464571.7602026
File D:\BaseDjango\MuzeyProject\.venv\Lib\site-packages\django\utils\translation\reloader.py first seen with mtime 1733464571.7732427
File D:\BaseDjango\MuzeyProject\.venv\Lib\site-packages\django\views\defaults.py first seen with mtime 1733464571.7772622
File C:\Users\admin\AppData\Local\Programs\Python\Python39\Lib\http\client.py first seen with mtime 1652795110.0
File D:\BaseDjango\MuzeyProject\.venv\Lib\site-packages\django\forms\models.py first seen with mtime 1733464571.5768602
File C:\Users\admin\AppData\Local\Programs\Python\Python39\Lib\difflib.py first seen with mtime 1652795110.0
File D:\BaseDjango\MuzeyProject\.venv\Lib\site-packages\django\db\backends\base\creation.py first seen with mtime 1733464571.4785724
File D:\BaseDjango\MuzeyProject\.venv\Lib\site-packages\django\core\mail\utils.py first seen with mtime 1733464571.386381
File C:\Users\admin\AppData\Local\Programs\Python\Python39\Lib\http\cookies.py first seen with mtime 1652795110.0
File D:\BaseDjango\MuzeyProject\MuzeyServer\SearchResult\models.py first seen with mtime 1742122438.618652
File C:\Users\admin\AppData\Local\Programs\Python\Python39\Lib\ctypes\_endian.py first seen with mtime 1652795110.0
File D:\BaseDjango\MuzeyProject\.venv\Lib\site-packages\django\core\management\__init__.py first seen with mtime 1733464571.3964193
File C:\Users\admin\AppData\Local\Programs\Python\Python39\Lib\ast.py first seen with mtime 1652795110.0
File D:\BaseDjango\MuzeyProject\MuzeyServer\send_email\__init__.py first seen with mtime 1737631813.390819
File D:\BaseDjango\MuzeyProject\.venv\Lib\site-packages\django\utils\timesince.py first seen with mtime 1733464571.769243
File D:\BaseDjango\MuzeyProject\MuzeyServer\GamesList\admin.py first seen with mtime 1733464820.7233436
File D:\BaseDjango\MuzeyProject\.venv\Lib\site-packages\django\contrib\auth\tokens.py first seen with mtime 1733464569.2433977
File C:\Users\admin\AppData\Local\Programs\Python\Python39\Lib\encodings\__init__.py first seen with mtime 1652795110.0
File D:\BaseDjango\MuzeyProject\MuzeyServer\SearchResult\admin.py first seen with mtime 1733465975.2854438
File D:\BaseDjango\MuzeyProject\.venv\Lib\site-packages\django\forms\boundfield.py first seen with mtime 1733464571.57386
File C:\Users\admin\AppData\Local\Programs\Python\Python39\Lib\subprocess.py first seen with mtime 1652795110.0
File D:\BaseDjango\MuzeyProject\.venv\Lib\site-packages\django\core\checks\compatibility\django_4_0.py first seen with mtime 1733464571.363323
File D:\BaseDjango\MuzeyProject\.venv\Lib\site-packages\django\db\migrations\operations\special.py first seen with mtime 1733464571.5297203
File C:\Users\admin\AppData\Local\Programs\Python\Python39\Lib\ctypes\__init__.py first seen with mtime 1652795110.0
File C:\Users\admin\AppData\Local\Programs\Python\Python39\Lib\wsgiref\util.py first seen with mtime 1652795112.0
File C:\Users\admin\AppData\Local\Programs\Python\Python39\Lib\asyncio\windows_utils.py first seen with mtime 1652795110.0
File D:\BaseDjango\MuzeyProject\.venv\Lib\site-packages\django\urls\__init__.py first seen with mtime 1733464571.743145
File D:\BaseDjango\MuzeyProject\.venv\Lib\site-packages\django\db\models\query_utils.py first seen with mtime 1733464571.5417435
File D:\BaseDjango\MuzeyProject\.venv\Lib\site-packages\django\contrib\admin\templatetags\admin_urls.py first seen with mtime 1733464569.0853627
File C:\Users\admin\AppData\Local\Programs\Python\Python39\Lib\hmac.py first seen with mtime 1652795110.0
File C:\Users\admin\AppData\Local\Programs\Python\Python39\Lib\shutil.py first seen with mtime 1652795110.0
File D:\BaseDjango\MuzeyProject\.venv\Lib\site-packages\django\core\files\temp.py first seen with mtime 1733464571.3693423
File C:\Users\admin\AppData\Local\Programs\Python\Python39\Lib\importlib\machinery.py first seen with mtime 1652795110.0
File D:\BaseDjango\MuzeyProject\.venv\Lib\site-packages\django\core\checks\caches.py first seen with mtime 1733464571.3453188
File C:\Users\admin\AppData\Local\Programs\Python\Python39\Lib\bisect.py first seen with mtime 1652795110.0
File D:\BaseDjango\MuzeyProject\.venv\Lib\site-packages\django\core\servers\__init__.py first seen with mtime 1733464571.4715526
File C:\Users\admin\AppData\Local\Programs\Python\Python39\Lib\sysconfig.py first seen with mtime 1652795110.0
File C:\Users\admin\AppData\Local\Programs\Python\Python39\Lib\typing.py first seen with mtime 1652795112.0
File D:\BaseDjango\MuzeyProject\.venv\Lib\site-packages\django\utils\translation\__init__.py first seen with mtime 1733464571.772242
File C:\Users\admin\AppData\Local\Programs\Python\Python39\Lib\email\_policybase.py first seen with mtime 1652795110.0
File D:\BaseDjango\MuzeyProject\.venv\Lib\site-packages\sqlparse\filters\right_margin.py first seen with mtime 1733464568.12915
File D:\BaseDjango\MuzeyProject\.venv\Lib\site-packages\django\core\checks\templates.py first seen with mtime 1733464571.3613224
File C:\Users\admin\AppData\Local\Programs\Python\Python39\Lib\__future__.py first seen with mtime 1652795110.0
File D:\BaseDjango\MuzeyProject\.venv\Lib\site-packages\django\utils\datastructures.py first seen with mtime 1733464571.7521827
File D:\BaseDjango\MuzeyProject\.venv\Lib\site-packages\django\utils\lorem_ipsum.py first seen with mtime 1733464571.7652216
File D:\BaseDjango\MuzeyProject\.venv\Lib\site-packages\django\db\backends\base\validation.py first seen with mtime 1733464571.4815729
File C:\Users\admin\AppData\Local\Programs\Python\Python39\Lib\token.py first seen with mtime 1652795112.0
File C:\Users\admin\AppData\Local\Programs\Python\Python39\Lib\email\encoders.py first seen with mtime 1652795110.0
File D:\BaseDjango\MuzeyProject\.venv\Lib\site-packages\django\contrib\admin\filters.py first seen with mtime 1733464568.6552672
File C:\Users\admin\AppData\Local\Programs\Python\Python39\DLLs\_zoneinfo.pyd first seen with mtime 1652795162.0
File D:\BaseDjango\MuzeyProject\.venv\Lib\site-packages\django\utils\duration.py first seen with mtime 1733464571.7572038
File D:\BaseDjango\MuzeyProject\.venv\Lib\site-packages\PIL\_imagingft.cp39-win_amd64.pyd first seen with mtime 1733465806.9994264
File D:\BaseDjango\MuzeyProject\.venv\Lib\site-packages\django\contrib\auth\base_user.py first seen with mtime 1733464569.2363963
File D:\BaseDjango\MuzeyProject\.venv\Lib\site-packages\django\core\files\locks.py first seen with mtime 1733464571.3683424
File D:\BaseDjango\MuzeyProject\.venv\Lib\site-packages\django\__init__.py first seen with mtime 1733464568.4112132
File C:\Users\admin\AppData\Local\Programs\Python\Python39\Lib\queue.py first seen with mtime 1652795110.0
File D:\BaseDjango\MuzeyProject\.venv\Lib\site-packages\django\db\backends\base\introspection.py first seen with mtime 1733464571.4795725
File D:\BaseDjango\MuzeyProject\.venv\Lib\site-packages\django\views\decorators\cache.py first seen with mtime 1733464571.7802627
File D:\BaseDjango\MuzeyProject\.venv\Lib\site-packages\django\db\transaction.py first seen with mtime 1733464571.4725528
File C:\Users\admin\AppData\Local\Programs\Python\Python39\DLLs\_asyncio.pyd first seen with mtime 1652795162.0
File D:\BaseDjango\MuzeyProject\.venv\Lib\site-packages\django\core\__init__.py first seen with mtime 1733464571.3242414
File D:\BaseDjango\MuzeyProject\.venv\Lib\site-packages\django\db\backends\base\operations.py first seen with mtime 1733464571.4805734
File D:\BaseDjango\MuzeyProject\.venv\Lib\site-packages\django\db\models\deletion.py first seen with mtime 1733464571.533742
File C:\Users\admin\AppData\Local\Programs\Python\Python39\Lib\email\generator.py first seen with mtime 1652795110.0
File C:\Users\admin\AppData\Local\Programs\Python\Python39\Lib\logging\__init__.py first seen with mtime 1652795110.0
File D:\BaseDjango\MuzeyProject\.venv\Lib\site-packages\django\core\signals.py first seen with mtime 1733464571.3272624
File D:\BaseDjango\MuzeyProject\.venv\Lib\site-packages\django\utils\dateformat.py first seen with mtime 1733464571.7531826
File D:\BaseDjango\MuzeyProject\.venv\Lib\site-packages\django\contrib\contenttypes\models.py first seen with mtime 1733464569.401433
File D:\BaseDjango\MuzeyProject\.venv\Lib\site-packages\django\db\models\functions\datetime.py first seen with mtime 1733464571.5598004
File D:\BaseDjango\MuzeyProject\.venv\Lib\site-packages\sqlparse\filters\others.py first seen with mtime 1733464568.1281497
File D:\BaseDjango\MuzeyProject\.venv\Lib\site-packages\django\contrib\sessions\__init__.py first seen with mtime 1733464570.9933245
File C:\Users\admin\AppData\Local\Programs\Python\Python39\Lib\asyncio\futures.py first seen with mtime 1652795110.0
File D:\BaseDjango\MuzeyProject\.venv\Lib\site-packages\django\db\models\sql\constants.py first seen with mtime 1733464571.5688398
File D:\BaseDjango\MuzeyProject\.venv\Lib\site-packages\django\core\signing.py first seen with mtime 1733464571.3272624
File D:\BaseDjango\MuzeyProject\.venv\Lib\site-packages\sqlparse\engine\grouping.py first seen with mtime 1733464568.125149
File D:\BaseDjango\MuzeyProject\.venv\Lib\site-packages\django\contrib\staticfiles\checks.py first seen with mtime 1733464571.310219
File D:\BaseDjango\MuzeyProject\.venv\Lib\site-packages\django\conf\locale\__init__.py first seen with mtime 1733464568.4222155
File D:\BaseDjango\MuzeyProject\MuzeyServer\GamesList\apps.py first seen with mtime 1733464820.7283447
File D:\BaseDjango\MuzeyProject\.venv\Lib\site-packages\django\contrib\staticfiles\views.py first seen with mtime 1733464571.3172204
File D:\BaseDjango\MuzeyProject\.venv\Lib\site-packages\django\db\migrations\__init__.py first seen with mtime 1733464571.5156775
File D:\BaseDjango\MuzeyProject\MuzeyServer\Base\views.py first seen with mtime 1742129107.892427
File D:\BaseDjango\MuzeyProject\.venv\Lib\site-packages\django\http\cookie.py first seen with mtime 1733464571.7110627
File D:\BaseDjango\MuzeyProject\.venv\Lib\site-packages\django\template\loaders\app_directories.py first seen with mtime 1733464571.7311242
File D:\BaseDjango\MuzeyProject\.venv\Lib\site-packages\django\template\loaders\__init__.py first seen with mtime 1733464571.7311242
File D:\BaseDjango\MuzeyProject\.venv\Lib\site-packages\django\forms\forms.py first seen with mtime 1733464571.57586
File D:\BaseDjango\MuzeyProject\.venv\Lib\site-packages\django\urls\resolvers.py first seen with mtime 1733464571.7461636
File D:\BaseDjango\MuzeyProject\.venv\Lib\site-packages\django\core\checks\__init__.py first seen with mtime 1733464571.3443189
File D:\BaseDjango\MuzeyProject\.venv\Lib\site-packages\django\db\models\constraints.py first seen with mtime 1733464571.5327415
File D:\BaseDjango\MuzeyProject\.venv\Lib\site-packages\django\views\generic\detail.py first seen with mtime 1733464571.7862823
File D:\BaseDjango\MuzeyProject\.venv\Lib\site-packages\django\core\checks\security\__init__.py first seen with mtime 1733464571.363323
File D:\BaseDjango\MuzeyProject\.venv\Lib\site-packages\PIL\_deprecate.py first seen with mtime 1733465806.979422
File D:\BaseDjango\MuzeyProject\.venv\Lib\site-packages\django\contrib\auth\checks.py first seen with mtime 1733464569.2363963
File C:\Users\admin\AppData\Local\Programs\Python\Python39\Lib\asyncio\streams.py first seen with mtime 1652795110.0
File C:\Users\admin\AppData\Local\Programs\Python\Python39\Lib\codecs.py first seen with mtime 1652795110.0
File C:\Users\admin\AppData\Local\Programs\Python\Python39\Lib\copyreg.py first seen with mtime 1652795110.0
File C:\Users\admin\AppData\Local\Programs\Python\Python39\DLLs\_decimal.pyd first seen with mtime 1652795162.0
File D:\BaseDjango\MuzeyProject\.venv\Lib\site-packages\django\contrib\staticfiles\__init__.py first seen with mtime 1733464571.3092191
File C:\Users\admin\AppData\Local\Programs\Python\Python39\Lib\random.py first seen with mtime 1652795110.0
File C:\Users\admin\AppData\Local\Programs\Python\Python39\Lib\base64.py first seen with mtime 1652795110.0
File D:\BaseDjango\MuzeyProject\MuzeyServer\Base\__init__.py first seen with mtime 1733464812.04993
File D:\BaseDjango\MuzeyProject\.venv\Lib\site-packages\django\core\handlers\wsgi.py first seen with mtime 1733464571.3843806
File C:\Users\admin\AppData\Local\Programs\Python\Python39\Lib\contextvars.py first seen with mtime 1652795110.0
File C:\Users\admin\AppData\Local\Programs\Python\Python39\Lib\asyncio\runners.py first seen with mtime 1652795110.0
File C:\Users\admin\AppData\Local\Programs\Python\Python39\Lib\asyncio\subprocess.py first seen with mtime 1652795110.0
File D:\BaseDjango\MuzeyProject\.venv\Lib\site-packages\django\templatetags\tz.py first seen with mtime 1733464571.7371438
File D:\BaseDjango\MuzeyProject\.venv\Lib\site-packages\django\core\mail\__init__.py first seen with mtime 1733464571.385381
File D:\BaseDjango\MuzeyProject\.venv\Lib\site-packages\django\db\models\lookups.py first seen with mtime 1733464571.538743
File D:\BaseDjango\MuzeyProject\.venv\Lib\site-packages\django\db\models\options.py first seen with mtime 1733464571.5407434
File D:\BaseDjango\MuzeyProject\.venv\Lib\site-packages\django\db\models\utils.py first seen with mtime 1733464571.5427656
File D:\BaseDjango\MuzeyProject\.venv\Lib\site-packages\django\utils\crypto.py first seen with mtime 1733464571.7521827
File D:\BaseDjango\MuzeyProject\.venv\Lib\site-packages\django\http\response.py first seen with mtime 1733464571.7120624
File D:\BaseDjango\MuzeyProject\.venv\Lib\site-packages\django\conf\__init__.py first seen with mtime 1733464568.4142137
File D:\BaseDjango\MuzeyProject\.venv\Lib\site-packages\django\core\checks\messages.py first seen with mtime 1733464571.3473194
File D:\BaseDjango\MuzeyProject\.venv\Lib\site-packages\django\core\files\move.py first seen with mtime 1733464571.3683424
File C:\Users\admin\AppData\Local\Programs\Python\Python39\Lib\urllib\response.py first seen with mtime 1652795112.0
File C:\Users\admin\AppData\Local\Programs\Python\Python39\Lib\zoneinfo\_tzpath.py first seen with mtime 1652795112.0
File D:\BaseDjango\MuzeyProject\.venv\Lib\site-packages\django\contrib\auth\__init__.py first seen with mtime 1733464569.2333956
File D:\BaseDjango\MuzeyProject\.venv\Lib\site-packages\django\contrib\admin\decorators.py first seen with mtime 1733464568.6532667
File C:\Users\admin\AppData\Local\Programs\Python\Python39\Lib\json\decoder.py first seen with mtime 1652795110.0
File D:\BaseDjango\MuzeyProject\.venv\Lib\site-packages\django\db\models\fields\related_descriptors.py first seen with mtime 1733464571.5567992
File C:\Users\admin\AppData\Local\Programs\Python\Python39\Lib\posixpath.py first seen with mtime 1652795110.0
File D:\BaseDjango\MuzeyProject\.venv\Lib\site-packages\django\contrib\auth\signals.py first seen with mtime 1733464569.2423975
File C:\Users\admin\AppData\Local\Programs\Python\Python39\Lib\asyncio\staggered.py first seen with mtime 1652795110.0
File D:\BaseDjango\MuzeyProject\.venv\Lib\site-packages\django\core\files\storage\filesystem.py first seen with mtime 1733464571.3803613
File D:\BaseDjango\MuzeyProject\.venv\Lib\site-packages\django\forms\renderers.py first seen with mtime 1733464571.577861
File D:\BaseDjango\MuzeyProject\.venv\Lib\site-packages\django\views\i18n.py first seen with mtime 1733464571.7782624
File D:\BaseDjango\MuzeyProject\.venv\Lib\site-packages\asgiref\__init__.py first seen with mtime 1733464568.2511775
File D:\BaseDjango\MuzeyProject\.venv\Lib\site-packages\django\core\cache\utils.py first seen with mtime 1733464571.3362825
File C:\Users\admin\AppData\Local\Programs\Python\Python39\Lib\multiprocessing\reduction.py first seen with mtime 1652795110.0
File D:\BaseDjango\MuzeyProject\.venv\Lib\site-packages\asgiref\current_thread_executor.py first seen with mtime 1733464568.252178
File D:\BaseDjango\MuzeyProject\.venv\Lib\site-packages\django\middleware\__init__.py first seen with mtime 1733464571.7130628
File C:\Users\admin\AppData\Local\Programs\Python\Python39\Lib\ctypes\wintypes.py first seen with mtime 1652795110.0
File C:\Users\admin\AppData\Local\Programs\Python\Python39\Lib\abc.py first seen with mtime 1652795110.0
File D:\BaseDjango\MuzeyProject\.venv\Lib\site-packages\PIL\ImageMode.py first seen with mtime 1733465806.949416
File D:\BaseDjango\MuzeyProject\.venv\Lib\site-packages\sqlparse\filters\reindent.py first seen with mtime 1733464568.12915
File C:\Users\admin\AppData\Local\Programs\Python\Python39\Lib\importlib\__init__.py first seen with mtime 1652795110.0
File C:\Users\admin\AppData\Local\Programs\Python\Python39\Lib\opcode.py first seen with mtime 1652795110.0
File C:\Users\admin\AppData\Local\Programs\Python\Python39\Lib\inspect.py first seen with mtime 1652795110.0
File D:\BaseDjango\MuzeyProject\.venv\Lib\site-packages\django\forms\formsets.py first seen with mtime 1733464571.57586
File C:\Users\admin\AppData\Local\Programs\Python\Python39\Lib\sqlite3\dbapi2.py first seen with mtime 1652795110.0
File D:\BaseDjango\MuzeyProject\.venv\Lib\site-packages\django\db\models\sql\__init__.py first seen with mtime 1733464571.5668416
File C:\Users\admin\AppData\Local\Programs\Python\Python39\Lib\concurrent\futures\thread.py first seen with mtime 1652795110.0
File C:\Users\admin\AppData\Local\Programs\Python\Python39\Lib\urllib\__init__.py first seen with mtime 1652795112.0
File D:\BaseDjango\MuzeyProject\.venv\Lib\site-packages\django\contrib\auth\hashers.py first seen with mtime 1733464569.2403972
File D:\BaseDjango\MuzeyProject\.venv\Lib\site-packages\django\contrib\staticfiles\management\__init__.py first seen with mtime 1733464571.3172204
File D:\BaseDjango\MuzeyProject\.venv\Lib\site-packages\django\contrib\contenttypes\forms.py first seen with mtime 1733464569.4004328
File D:\BaseDjango\MuzeyProject\.venv\Lib\site-packages\django\contrib\sites\__init__.py first seen with mtime 1733464571.1477766
File C:\Users\admin\AppData\Local\Programs\Python\Python39\Lib\_collections_abc.py first seen with mtime 1652795110.0
File C:\Users\admin\AppData\Local\Programs\Python\Python39\DLLs\_ctypes.pyd first seen with mtime 1652795162.0
File C:\Users\admin\AppData\Local\Programs\Python\Python39\Lib\types.py first seen with mtime 1652795112.0
File D:\BaseDjango\MuzeyProject\.venv\Lib\site-packages\django\db\backends\sqlite3\__init__.py first seen with mtime 1733464571.5096555
File D:\BaseDjango\MuzeyProject\.venv\Lib\site-packages\PIL\Image.py first seen with mtime 1733465806.941414
File D:\BaseDjango\MuzeyProject\.venv\Lib\site-packages\sqlparse\cli.py first seen with mtime 1733464568.1191483
File D:\BaseDjango\MuzeyProject\MuzeyServer\MuzeyServer\settings.py first seen with mtime 1742412256.1179948
File C:\Users\admin\AppData\Local\Programs\Python\Python39\Lib\_bootlocale.py first seen with mtime 1652795110.0
File D:\BaseDjango\MuzeyProject\.venv\Lib\site-packages\django\template\engine.py first seen with mtime 1733464571.7231042
File D:\BaseDjango\MuzeyProject\.venv\Lib\site-packages\django\core\management\commands\runserver.py first seen with mtime 1733464571.4595292
File D:\BaseDjango\MuzeyProject\MuzeyServer\SearchMenu\views.py first seen with mtime 1739203012.594634
File C:\Users\admin\AppData\Local\Programs\Python\Python39\Lib\tempfile.py first seen with mtime 1652795110.0
File D:\BaseDjango\MuzeyProject\.venv\Lib\site-packages\django\core\management\color.py first seen with mtime 1733464571.3984199
File C:\Users\admin\AppData\Local\Programs\Python\Python39\Lib\re.py first seen with mtime 1652795110.0
File C:\Users\admin\AppData\Local\Programs\Python\Python39\Lib\zoneinfo\__init__.py first seen with mtime 1652795112.0
File D:\BaseDjango\MuzeyProject\.venv\Lib\site-packages\sqlparse\filters\output.py first seen with mtime 1733464568.1281497
File C:\Users\admin\AppData\Local\Programs\Python\Python39\Lib\email\mime\multipart.py first seen with mtime 1652795110.0
File D:\BaseDjango\MuzeyProject\.venv\Lib\site-packages\django\contrib\admin\models.py first seen with mtime 1733464568.6562672
File C:\Users\admin\AppData\Local\Programs\Python\Python39\Lib\selectors.py first seen with mtime 1652795110.0
File D:\BaseDjango\MuzeyProject\.venv\Lib\site-packages\django\utils\text.py first seen with mtime 1733464571.768222
File C:\Users\admin\AppData\Local\Programs\Python\Python39\Lib\ssl.py first seen with mtime 1652795110.0
File D:\BaseDjango\MuzeyProject\.venv\Lib\site-packages\django\db\models\fields\proxy.py first seen with mtime 1733464571.5457647
File C:\Users\admin\AppData\Local\Programs\Python\Python39\Lib\_weakrefset.py first seen with mtime 1652795110.0
File C:\Users\admin\AppData\Local\Programs\Python\Python39\Lib\asyncio\events.py first seen with mtime 1652795110.0
File D:\BaseDjango\MuzeyProject\.venv\Lib\site-packages\django\core\files\storage\memory.py first seen with mtime 1733464571.3813818
File C:\Users\admin\AppData\Local\Programs\Python\Python39\Lib\asyncio\locks.py first seen with mtime 1652795110.0
File C:\Users\admin\AppData\Local\Programs\Python\Python39\DLLs\_socket.pyd first seen with mtime 1652795162.0
File D:\BaseDjango\MuzeyProject\.venv\Lib\site-packages\django\contrib\messages\utils.py first seen with mtime 1733464570.724473
File C:\Users\admin\AppData\Local\Programs\Python\Python39\Lib\calendar.py first seen with mtime 1652795110.0
File D:\BaseDjango\MuzeyProject\.venv\Lib\site-packages\django\core\validators.py first seen with mtime 1733464571.3342824
File D:\BaseDjango\MuzeyProject\.venv\Lib\site-packages\django\utils\decorators.py first seen with mtime 1733464571.7561831
File C:\Users\admin\AppData\Local\Programs\Python\Python39\DLLs\_ssl.pyd first seen with mtime 1652795162.0
File C:\Users\admin\AppData\Local\Programs\Python\Python39\Lib\nturl2path.py first seen with mtime 1652795110.0
File D:\BaseDjango\MuzeyProject\.venv\Lib\site-packages\django\contrib\admin\templatetags\admin_list.py first seen with mtime 1733464569.0843625
File D:\BaseDjango\MuzeyProject\MuzeyServer\manage.py first seen with mtime 1733464675.8608496
File D:\BaseDjango\MuzeyProject\.venv\Lib\site-packages\django\core\management\base.py first seen with mtime 1733464571.3974197
File D:\BaseDjango\MuzeyProject\.venv\Lib\site-packages\django\contrib\admin\views\autocomplete.py first seen with mtime 1733464569.087363
File D:\BaseDjango\MuzeyProject\.venv\Lib\site-packages\sqlparse\filters\aligned_indent.py first seen with mtime 1733464568.1271496
File D:\BaseDjango\MuzeyProject\MuzeyServer\GamesList\views.py first seen with mtime 1742135042.3997183
File D:\BaseDjango\MuzeyProject\.venv\Lib\site-packages\django\core\files\utils.py first seen with mtime 1733464571.3783607
File D:\BaseDjango\MuzeyProject\.venv\Lib\site-packages\django\shortcuts.py first seen with mtime 1733464568.4122136
File D:\BaseDjango\MuzeyProject\.venv\Lib\site-packages\PIL\_typing.py first seen with mtime 1733465807.0044277
File D:\BaseDjango\MuzeyProject\.venv\Lib\site-packages\django\templatetags\cache.py first seen with mtime 1733464571.7351434
File D:\BaseDjango\MuzeyProject\.venv\Lib\site-packages\django\utils\numberformat.py first seen with mtime 1733464571.7662218
File D:\BaseDjango\MuzeyProject\.venv\Lib\site-packages\django\db\backends\sqlite3\features.py first seen with mtime 1733464571.5126562
File C:\Users\admin\AppData\Local\Programs\Python\Python39\Lib\json\scanner.py first seen with mtime 1652795110.0
File D:\BaseDjango\MuzeyProject\.venv\Lib\site-packages\django\template\exceptions.py first seen with mtime 1733464571.7231042
File C:\Users\admin\AppData\Local\Programs\Python\Python39\Lib\decimal.py first seen with mtime 1652795110.0
File D:\BaseDjango\MuzeyProject\.venv\Lib\site-packages\django\contrib\staticfiles\management\commands\runserver.py first seen with mtime 1733464571.3192418
File D:\BaseDjango\MuzeyProject\.venv\Lib\site-packages\_distutils_hack\__init__.py first seen with mtime 1733464432.163577
File C:\Users\admin\AppData\Local\Programs\Python\Python39\Lib\concurrent\futures\_base.py first seen with mtime 1652795110.0
File D:\BaseDjango\MuzeyProject\.venv\Lib\site-packages\django\views\csrf.py first seen with mtime 1733464571.7762623
File D:\BaseDjango\MuzeyProject\.venv\Lib\site-packages\django\core\checks\registry.py first seen with mtime 1733464571.360322
File D:\BaseDjango\MuzeyProject\.venv\Lib\site-packages\django\apps\registry.py first seen with mtime 1733464568.4142137
File D:\BaseDjango\MuzeyProject\.venv\Lib\site-packages\django\template\utils.py first seen with mtime 1733464571.7271051
File D:\BaseDjango\MuzeyProject\.venv\Lib\site-packages\django\urls\base.py first seen with mtime 1733464571.743145
File C:\Users\admin\AppData\Local\Programs\Python\Python39\Lib\argparse.py first seen with mtime 1652795110.0
File C:\Users\admin\AppData\Local\Programs\Python\Python39\Lib\http\server.py first seen with mtime 1652795110.0
File C:\Users\admin\AppData\Local\Programs\Python\Python39\Lib\_markupbase.py first seen with mtime 1652795110.0
File C:\Users\admin\AppData\Local\Programs\Python\Python39\Lib\email\headerregistry.py first seen with mtime 1652795110.0
File C:\Users\admin\AppData\Local\Programs\Python\Python39\Lib\warnings.py first seen with mtime 1652795112.0
File D:\BaseDjango\MuzeyProject\.venv\Lib\site-packages\django\db\models\__init__.py first seen with mtime 1733464571.5297203
File D:\BaseDjango\MuzeyProject\.venv\Lib\site-packages\django\core\checks\files.py first seen with mtime 1733464571.346319
File D:\BaseDjango\MuzeyProject\.venv\Lib\site-packages\_virtualenv.py first seen with mtime 1733464431.870555
File D:\BaseDjango\MuzeyProject\.venv\Lib\site-packages\django\utils\regex_helper.py first seen with mtime 1733464571.7662218
File C:\Users\admin\AppData\Local\Programs\Python\Python39\Lib\asyncio\queues.py first seen with mtime 1652795110.0
File D:\BaseDjango\MuzeyProject\.venv\Lib\site-packages\sqlparse\filters\tokens.py first seen with mtime 1733464568.1301503
File D:\BaseDjango\MuzeyProject\.venv\Lib\site-packages\django\template\loaders\cached.py first seen with mtime 1733464571.7321243
File D:\BaseDjango\MuzeyProject\MuzeyServer\GamesList\__init__.py first seen with mtime 1733464820.7313454
File C:\Users\admin\AppData\Local\Programs\Python\Python39\Lib\heapq.py first seen with mtime 1652795110.0
File C:\Users\admin\AppData\Local\Programs\Python\Python39\Lib\ipaddress.py first seen with mtime 1652795110.0
File C:\Users\admin\AppData\Local\Programs\Python\Python39\Lib\quopri.py first seen with mtime 1652795110.0
File D:\BaseDjango\MuzeyProject\.venv\Lib\site-packages\django\conf\urls\__init__.py first seen with mtime 1733464568.6492655
File D:\BaseDjango\MuzeyProject\.venv\Lib\site-packages\typing_extensions.py first seen with mtime 1733464568.0651357
File D:\BaseDjango\MuzeyProject\.venv\Lib\site-packages\django\db\models\sql\where.py first seen with mtime 1733464571.5708406
File D:\BaseDjango\MuzeyProject\.venv\Lib\site-packages\django\db\backends\base\features.py first seen with mtime 1733464571.4785724
File D:\BaseDjango\MuzeyProject\.venv\Lib\site-packages\PIL\_util.py first seen with mtime 1733465807.0054276
File C:\Users\admin\AppData\Local\Programs\Python\Python39\Lib\wsgiref\__init__.py first seen with mtime 1652795112.0
File D:\BaseDjango\MuzeyProject\.venv\Lib\site-packages\django\core\mail\message.py first seen with mtime 1733464571.386381
File C:\Users\admin\AppData\Local\Programs\Python\Python39\Lib\html\__init__.py first seen with mtime 1652795110.0
File C:\Users\admin\AppData\Local\Programs\Python\Python39\Lib\site.py first seen with mtime 1652795110.0
File C:\Users\admin\AppData\Local\Programs\Python\Python39\Lib\wsgiref\headers.py first seen with mtime 1652795112.0
File C:\Users\admin\AppData\Local\Programs\Python\Python39\Lib\copy.py first seen with mtime 1652795110.0
File D:\BaseDjango\MuzeyProject\.venv\Lib\site-packages\django\db\migrations\operations\__init__.py first seen with mtime 1733464571.5267198
File D:\BaseDjango\MuzeyProject\.venv\Lib\site-packages\django\utils\inspect.py first seen with mtime 1733464571.7622032
File C:\Users\admin\AppData\Local\Programs\Python\Python39\Lib\email\mime\nonmultipart.py first seen with mtime 1652795110.0
File C:\Users\admin\AppData\Local\Programs\Python\Python39\Lib\socket.py first seen with mtime 1652795110.0
File D:\BaseDjango\MuzeyProject\.venv\Lib\site-packages\django\contrib\sessions\models.py first seen with mtime 1733464570.996325
File C:\Users\admin\AppData\Local\Programs\Python\Python39\Lib\hashlib.py first seen with mtime 1652795110.0
File C:\Users\admin\AppData\Local\Programs\Python\Python39\Lib\email\quoprimime.py first seen with mtime 1652795110.0
File C:\Users\admin\AppData\Local\Programs\Python\Python39\Lib\sre_constants.py first seen with mtime 1652795110.0
File D:\BaseDjango\MuzeyProject\.venv\Lib\site-packages\django\views\decorators\common.py first seen with mtime 1733464571.781283
File D:\BaseDjango\MuzeyProject\.venv\Lib\site-packages\django\contrib\contenttypes\admin.py first seen with mtime 1733464569.397432
File C:\Users\admin\AppData\Local\Programs\Python\Python39\DLLs\_uuid.pyd first seen with mtime 1652795162.0
File C:\Users\admin\AppData\Local\Programs\Python\Python39\Lib\_compat_pickle.py first seen with mtime 1652795110.0
File D:\BaseDjango\MuzeyProject\.venv\Lib\site-packages\django\utils\version.py first seen with mtime 1733464571.7712417
File C:\Users\admin\AppData\Local\Programs\Python\Python39\Lib\email\mime\__init__.py first seen with mtime 1652795110.0
File D:\BaseDjango\MuzeyProject\.venv\Lib\site-packages\PIL\ImageDraw.py first seen with mtime 1733465806.944415
File D:\BaseDjango\MuzeyProject\.venv\Lib\site-packages\django\templatetags\i18n.py first seen with mtime 1733464571.7351434
File C:\Users\admin\AppData\Local\Programs\Python\Python39\Lib\contextlib.py first seen with mtime 1652795110.0
File D:\BaseDjango\MuzeyProject\.venv\Lib\site-packages\django\contrib\auth\validators.py first seen with mtime 1733464569.2443984
File C:\Users\admin\AppData\Local\Programs\Python\Python39\Lib\asyncio\proactor_events.py first seen with mtime 1652795110.0
File D:\BaseDjango\MuzeyProject\.venv\Lib\site-packages\django\contrib\sessions\middleware.py first seen with mtime 1733464570.996325
File D:\BaseDjango\MuzeyProject\.venv\Lib\site-packages\django\contrib\auth\decorators.py first seen with mtime 1733464569.2383966
File D:\BaseDjango\MuzeyProject\.venv\Lib\site-packages\django\contrib\sessions\base_session.py first seen with mtime 1733464570.9943247
File D:\BaseDjango\MuzeyProject\MuzeyServer\SearchResult\apps.py first seen with mtime 1733465047.6724558
File D:\BaseDjango\MuzeyProject\.venv\Lib\site-packages\django\core\serializers\python.py first seen with mtime 1733464571.4695525
File D:\BaseDjango\MuzeyProject\.venv\Lib\site-packages\django\template\autoreload.py first seen with mtime 1733464571.7190845
File D:\BaseDjango\MuzeyProject\.venv\Lib\site-packages\django\db\backends\utils.py first seen with mtime 1733464571.475572
File D:\BaseDjango\MuzeyProject\.venv\Lib\site-packages\django\db\models\functions\text.py first seen with mtime 1733464571.561818
File D:\BaseDjango\MuzeyProject\.venv\Lib\site-packages\PIL\_version.py first seen with mtime 1733465807.006428
File D:\BaseDjango\MuzeyProject\.venv\Lib\site-packages\django\utils\translation\trans_real.py first seen with mtime 1733464571.7752633
File D:\BaseDjango\MuzeyProject\.venv\Lib\site-packages\django\http\request.py first seen with mtime 1733464571.7120624
File C:\Users\admin\AppData\Local\Programs\Python\Python39\Lib\encodings\cp1251.py first seen with mtime 1652795110.0
File C:\Users\admin\AppData\Local\Programs\Python\Python39\Lib\enum.py first seen with mtime 1652795110.0
File C:\Users\admin\AppData\Local\Programs\Python\Python39\Lib\email\utils.py first seen with mtime 1652795110.0
File D:\BaseDjango\MuzeyProject\.venv\Lib\site-packages\django\contrib\admin\views\__init__.py first seen with mtime 1733464569.087363
File C:\Users\admin\AppData\Local\Programs\Python\Python39\Lib\urllib\request.py first seen with mtime 1652795112.0
File D:\BaseDjango\MuzeyProject\.venv\Lib\site-packages\django\template\loaders\base.py first seen with mtime 1733464571.7321243
File C:\Users\admin\AppData\Local\Programs\Python\Python39\Lib\pickle.py first seen with mtime 1652795110.0
File D:\BaseDjango\MuzeyProject\.venv\Lib\site-packages\django\core\handlers\__init__.py first seen with mtime 1733464571.3823805
File D:\BaseDjango\MuzeyProject\.venv\Lib\site-packages\sqlparse\engine\__init__.py first seen with mtime 1733464568.1241488
File D:\BaseDjango\MuzeyProject\.venv\Lib\site-packages\django\apps\__init__.py first seen with mtime 1733464568.4132137
File D:\BaseDjango\MuzeyProject\.venv\Lib\site-packages\django\db\models\enums.py first seen with mtime 1733464571.5367427
File D:\BaseDjango\MuzeyProject\.venv\Lib\site-packages\PIL\TiffTags.py first seen with mtime 1733465806.973421
File C:\Users\admin\AppData\Local\Programs\Python\Python39\Lib\asyncio\base_subprocess.py first seen with mtime 1652795110.0
File D:\BaseDjango\MuzeyProject\.venv\Lib\site-packages\django\db\utils.py first seen with mtime 1733464571.473553
File D:\BaseDjango\MuzeyProject\.venv\Lib\site-packages\django\core\checks\security\base.py first seen with mtime 1733464571.3643432
File D:\BaseDjango\MuzeyProject\.venv\Lib\site-packages\django\db\models\expressions.py first seen with mtime 1733464571.537743
File D:\BaseDjango\MuzeyProject\.venv\Lib\site-packages\django\utils\dateparse.py first seen with mtime 1733464571.7541828
File D:\BaseDjango\MuzeyProject\.venv\Lib\site-packages\django\contrib\staticfiles\handlers.py first seen with mtime 1733464571.3112192
File D:\BaseDjango\MuzeyProject\.venv\Lib\site-packages\django\utils\http.py first seen with mtime 1733464571.7612028
File C:\Users\admin\AppData\Local\Programs\Python\Python39\Lib\encodings\latin_1.py first seen with mtime 1652795110.0
File D:\BaseDjango\MuzeyProject\.venv\Lib\site-packages\django\core\cache\backends\__init__.py first seen with mtime 1733464571.3362825
File D:\BaseDjango\MuzeyProject\.venv\Lib\site-packages\django\core\files\storage\mixins.py first seen with mtime 1733464571.3823805
File D:\BaseDjango\MuzeyProject\MuzeyServer\Base\models.py first seen with mtime 1742134843.2951288
File D:\BaseDjango\MuzeyProject\.venv\Lib\site-packages\django\contrib\admin\utils.py first seen with mtime 1733464568.659268
File D:\BaseDjango\MuzeyProject\.venv\Lib\site-packages\django\contrib\admin\options.py first seen with mtime 1733464568.6572673
File C:\Users\admin\AppData\Local\Programs\Python\Python39\Lib\asyncio\windows_events.py first seen with mtime 1652795110.0
File C:\Users\admin\AppData\Local\Programs\Python\Python39\Lib\_sitebuiltins.py first seen with mtime 1652795110.0
File C:\Users\admin\AppData\Local\Programs\Python\Python39\Lib\collections\abc.py first seen with mtime 1652795110.0
File D:\BaseDjango\MuzeyProject\.venv\Lib\site-packages\django\template\defaulttags.py first seen with mtime 1733464571.722106
File D:\BaseDjango\MuzeyProject\.venv\Lib\site-packages\django\contrib\auth\password_validation.py first seen with mtime 1733464569.2423975
File D:\BaseDjango\MuzeyProject\.venv\Lib\site-packages\django\template\loader_tags.py first seen with mtime 1733464571.7251048
File D:\BaseDjango\MuzeyProject\.venv\Lib\site-packages\django\views\generic\edit.py first seen with mtime 1733464571.7873027
File D:\BaseDjango\MuzeyProject\MuzeyServer\Base\admin.py first seen with mtime 1742129082.4737725
File D:\BaseDjango\MuzeyProject\.venv\Lib\site-packages\django\core\checks\security\sessions.py first seen with mtime 1733464571.365342
File D:\BaseDjango\MuzeyProject\.venv\Lib\site-packages\django\utils\module_loading.py first seen with mtime 1733464571.7652216
File C:\Users\admin\AppData\Local\Programs\Python\Python39\Lib\lzma.py first seen with mtime 1652795110.0
File D:\BaseDjango\MuzeyProject\.venv\Lib\site-packages\django\contrib\messages\api.py first seen with mtime 1733464570.721454
File C:\Users\admin\AppData\Local\Programs\Python\Python39\Lib\sre_compile.py first seen with mtime 1652795110.0
File D:\BaseDjango\MuzeyProject\.venv\Lib\site-packages\django\contrib\sites\shortcuts.py first seen with mtime 1733464571.1527772
File D:\BaseDjango\MuzeyProject\.venv\Lib\site-packages\django\db\models\manager.py first seen with mtime 1733464571.5397432
File D:\BaseDjango\MuzeyProject\.venv\Lib\site-packages\asgiref\local.py first seen with mtime 1733464568.2531781
File C:\Users\admin\AppData\Local\Programs\Python\Python39\DLLs\unicodedata.pyd first seen with mtime 1652795164.0
File D:\BaseDjango\MuzeyProject\.venv\Lib\site-packages\django\db\backends\ddl_references.py first seen with mtime 1733464571.4745731
File C:\Users\admin\AppData\Local\Programs\Python\Python39\Lib\logging\config.py first seen with mtime 1652795110.0
File D:\BaseDjango\MuzeyProject\.venv\Lib\site-packages\django\forms\utils.py first seen with mtime 1733464571.5788605
File C:\Users\admin\AppData\Local\Programs\Python\Python39\Lib\mimetypes.py first seen with mtime 1652795110.0
File D:\BaseDjango\MuzeyProject\.venv\Lib\site-packages\django\db\models\sql\query.py first seen with mtime 1733464571.5698402
File D:\BaseDjango\MuzeyProject\.venv\Lib\site-packages\django\contrib\auth\models.py first seen with mtime 1733464569.2413974
File D:\BaseDjango\MuzeyProject\.venv\Lib\site-packages\django\core\handlers\exception.py first seen with mtime 1733464571.3843806
File D:\BaseDjango\MuzeyProject\.venv\Lib\site-packages\django\contrib\sites\requests.py first seen with mtime 1733464571.1517773
File D:\BaseDjango\MuzeyProject\.venv\Lib\site-packages\django\db\models\functions\math.py first seen with mtime 1733464571.560819
File C:\Users\admin\AppData\Local\Programs\Python\Python39\Lib\sqlite3\__init__.py first seen with mtime 1652795110.0
File C:\Users\admin\AppData\Local\Programs\Python\Python39\Lib\html\parser.py first seen with mtime 1652795110.0
File D:\BaseDjango\MuzeyProject\.venv\Lib\site-packages\django\views\decorators\debug.py first seen with mtime 1733464571.7822816
File D:\BaseDjango\MuzeyProject\.venv\Lib\site-packages\django\db\models\fields\mixins.py first seen with mtime 1733464571.5457647
File D:\BaseDjango\MuzeyProject\.venv\Lib\site-packages\django\db\models\sql\datastructures.py first seen with mtime 1733464571.5688398
File C:\Users\admin\AppData\Local\Programs\Python\Python39\Lib\io.py first seen with mtime 1652795110.0
File C:\Users\admin\AppData\Local\Programs\Python\Python39\Lib\asyncio\tasks.py first seen with mtime 1652795110.0
File D:\BaseDjango\MuzeyProject\.venv\Lib\site-packages\django\template\__init__.py first seen with mtime 1733464571.7180846
File D:\BaseDjango\MuzeyProject\.venv\Lib\site-packages\django\contrib\contenttypes\apps.py first seen with mtime 1733464569.3984332
File D:\BaseDjango\MuzeyProject\.venv\Lib\site-packages\django\db\models\fields\__init__.py first seen with mtime 1733464571.5437646
File C:\Users\admin\AppData\Local\Programs\Python\Python39\Lib\os.py first seen with mtime 1652795110.0
File D:\BaseDjango\MuzeyProject\.venv\Lib\site-packages\sqlparse\tokens.py first seen with mtime 1733464568.1231487
File D:\BaseDjango\MuzeyProject\.venv\Lib\site-packages\django\contrib\admin\views\main.py first seen with mtime 1733464569.0893638
File D:\BaseDjango\MuzeyProject\.venv\Lib\site-packages\django\db\models\fields\json.py first seen with mtime 1733464571.5447645
File D:\BaseDjango\MuzeyProject\.venv\Lib\site-packages\django\contrib\messages\storage\__init__.py first seen with mtime 1733464570.7254715
File D:\BaseDjango\MuzeyProject\.venv\Lib\site-packages\django\db\migrations\operations\fields.py first seen with mtime 1733464571.5277197
File D:\BaseDjango\MuzeyProject\.venv\Lib\site-packages\sqlparse\exceptions.py first seen with mtime 1733464568.1201484
File D:\BaseDjango\MuzeyProject\.venv\Lib\site-packages\django\contrib\messages\apps.py first seen with mtime 1733464570.7224536
File D:\BaseDjango\MuzeyProject\.venv\Lib\site-packages\django\template\loaders\filesystem.py first seen with mtime 1733464571.7331245
File D:\BaseDjango\MuzeyProject\.venv\Lib\site-packages\sqlparse\utils.py first seen with mtime 1733464568.1241488
File D:\BaseDjango\MuzeyProject\.venv\Lib\site-packages\django\utils\topological_sort.py first seen with mtime 1733464571.7702415
File D:\BaseDjango\MuzeyProject\.venv\Lib\site-packages\django\db\models\constants.py first seen with mtime 1733464571.5317433
File C:\Users\admin\AppData\Local\Programs\Python\Python39\Lib\threading.py first seen with mtime 1652795112.0
File D:\BaseDjango\MuzeyProject\.venv\Lib\site-packages\PIL\features.py first seen with mtime 1733465807.0094292
File D:\BaseDjango\MuzeyProject\.venv\Lib\site-packages\django\views\decorators\__init__.py first seen with mtime 1733464571.7792625
File D:\BaseDjango\MuzeyProject\.venv\Lib\site-packages\django\db\models\indexes.py first seen with mtime 1733464571.538743
File D:\BaseDjango\MuzeyProject\.venv\Lib\site-packages\django\contrib\admin\helpers.py first seen with mtime 1733464568.6562672
File D:\BaseDjango\MuzeyProject\.venv\Lib\site-packages\django\core\servers\basehttp.py first seen with mtime 1733464571.4715526
File D:\BaseDjango\MuzeyProject\.venv\Lib\site-packages\django\contrib\admin\actions.py first seen with mtime 1733464568.651266
File D:\BaseDjango\MuzeyProject\.venv\Lib\site-packages\django\db\backends\sqlite3\base.py first seen with mtime 1733464571.5106559
File C:\Users\admin\AppData\Local\Programs\Python\Python39\Lib\linecache.py first seen with mtime 1652795110.0
File C:\Users\admin\AppData\Local\Programs\Python\Python39\DLLs\_bz2.pyd first seen with mtime 1652795172.0
File D:\BaseDjango\MuzeyProject\.venv\Lib\site-packages\django\apps\config.py first seen with mtime 1733464568.4132137
File D:\BaseDjango\MuzeyProject\.venv\Lib\site-packages\django\views\debug.py first seen with mtime 1733464571.7772622
File C:\Users\admin\AppData\Local\Programs\Python\Python39\Lib\platform.py first seen with mtime 1652795110.0
File D:\BaseDjango\MuzeyProject\.venv\Lib\site-packages\django\http\multipartparser.py first seen with mtime 1733464571.7110627
File D:\BaseDjango\MuzeyProject\.venv\Lib\site-packages\django\utils\cache.py first seen with mtime 1733464571.751184
File D:\BaseDjango\MuzeyProject\.venv\Lib\site-packages\django\db\migrations\state.py first seen with mtime 1733464571.5246992
File D:\BaseDjango\MuzeyProject\.venv\Lib\site-packages\django\db\models\fields\related_lookups.py first seen with mtime 1733464571.5578
File D:\BaseDjango\MuzeyProject\.venv\Lib\site-packages\django\utils\deprecation.py first seen with mtime 1733464571.7561831
File C:\Users\admin\AppData\Local\Programs\Python\Python39\Lib\wsgiref\simple_server.py first seen with mtime 1652795112.0
File D:\BaseDjango\MuzeyProject\MuzeyServer\MuzeyServer\urls.py first seen with mtime 1742123548.7479253
File D:\BaseDjango\MuzeyProject\.venv\Lib\site-packages\sqlparse\engine\filter_stack.py first seen with mtime 1733464568.125149
File C:\Users\admin\AppData\Local\Programs\Python\Python39\Lib\operator.py first seen with mtime 1652795110.0
File C:\Users\admin\AppData\Local\Programs\Python\Python39\Lib\asyncio\threads.py first seen with mtime 1652795110.0
File D:\BaseDjango\MuzeyProject\.venv\Lib\site-packages\django\template\backends\django.py first seen with mtime 1733464571.729124
File C:\Users\admin\AppData\Local\Programs\Python\Python39\Lib\bz2.py first seen with mtime 1652795110.0
File D:\BaseDjango\MuzeyProject\.venv\Lib\site-packages\django\contrib\admin\checks.py first seen with mtime 1733464568.6532667
File C:\Users\admin\AppData\Local\Programs\Python\Python39\Lib\asyncio\coroutines.py first seen with mtime 1652795110.0
File C:\Users\admin\AppData\Local\Programs\Python\Python39\Lib\dis.py first seen with mtime 1652795110.0
File D:\BaseDjango\MuzeyProject\.venv\Lib\site-packages\django\views\__init__.py first seen with mtime 1733464571.7752633
File D:\BaseDjango\MuzeyProject\.venv\Lib\site-packages\django\contrib\contenttypes\management\__init__.py first seen with mtime 1733464569.535463
File D:\BaseDjango\MuzeyProject\.venv\Lib\site-packages\django\contrib\__init__.py first seen with mtime 1733464568.650266
File C:\Users\admin\AppData\Local\Programs\Python\Python39\Lib\email\header.py first seen with mtime 1652795110.0
File C:\Users\admin\AppData\Local\Programs\Python\Python39\Lib\glob.py first seen with mtime 1652795110.0
File D:\BaseDjango\MuzeyProject\MuzeyServer\SearchMenu\models.py first seen with mtime 1733558091.3495717
File D:\BaseDjango\MuzeyProject\.venv\Lib\site-packages\django\core\serializers\__init__.py first seen with mtime 1733464571.4665303
File D:\BaseDjango\MuzeyProject\.venv\Lib\site-packages\django\db\backends\base\__init__.py first seen with mtime 1733464571.476572
File D:\BaseDjango\MuzeyProject\.venv\Lib\site-packages\django\core\serializers\json.py first seen with mtime 1733464571.4675303
File C:\Users\admin\AppData\Local\Programs\Python\Python39\Lib\concurrent\futures\__init__.py first seen with mtime 1652795110.0
File D:\BaseDjango\MuzeyProject\.venv\Lib\site-packages\django\db\backends\base\base.py first seen with mtime 1733464571.477572
File D:\BaseDjango\MuzeyProject\.venv\Lib\site-packages\django\db\models\fields\reverse_related.py first seen with mtime 1733464571.5578
File C:\Users\admin\AppData\Local\Programs\Python\Python39\Lib\multiprocessing\__init__.py first seen with mtime 1652795110.0
File C:\Users\admin\AppData\Local\Programs\Python\Python39\Lib\numbers.py first seen with mtime 1652795110.0
File D:\BaseDjango\MuzeyProject\MuzeyServer\Base\forms.py first seen with mtime 1738593210.2819538
File D:\BaseDjango\MuzeyProject\MuzeyServer\SearchMenu\admin.py first seen with mtime 1733464938.6552207
File C:\Users\admin\AppData\Local\Programs\Python\Python39\Lib\asyncio\protocols.py first seen with mtime 1652795110.0
File C:\Users\admin\AppData\Local\Programs\Python\Python39\Lib\tokenize.py first seen with mtime 1652795112.0
File C:\Users\admin\AppData\Local\Programs\Python\Python39\Lib\json\__init__.py first seen with mtime 1652795110.0
File D:\BaseDjango\MuzeyProject\.venv\Lib\site-packages\PIL\ImageFont.py first seen with mtime 1733465806.9474156
File D:\BaseDjango\MuzeyProject\.venv\Lib\site-packages\django\template\backends\__init__.py first seen with mtime 1733464571.7271051
File C:\Users\admin\AppData\Local\Programs\Python\Python39\Lib\email\__init__.py first seen with mtime 1652795110.0
File C:\Users\admin\AppData\Local\Programs\Python\Python39\Lib\http\__init__.py first seen with mtime 1652795110.0
File C:\Users\admin\AppData\Local\Programs\Python\Python39\Lib\email\mime\message.py first seen with mtime 1652795110.0
File D:\BaseDjango\MuzeyProject\.venv\Lib\site-packages\django\utils\formats.py first seen with mtime 1733464571.7592025
File D:\BaseDjango\MuzeyProject\.venv\Lib\site-packages\django\utils\_os.py first seen with mtime 1733464571.7471642
File D:\BaseDjango\MuzeyProject\.venv\Lib\site-packages\django\utils\connection.py first seen with mtime 1733464571.751184
File C:\Users\admin\AppData\Local\Programs\Python\Python39\Lib\email\errors.py first seen with mtime 1652795110.0
File D:\BaseDjango\MuzeyProject\.venv\Lib\site-packages\django\core\checks\async_checks.py first seen with mtime 1733464571.3453188
File D:\BaseDjango\MuzeyProject\.venv\Lib\site-packages\django\db\__init__.py first seen with mtime 1733464571.4725528
File D:\BaseDjango\MuzeyProject\MuzeyServer\SearchResult\views.py first seen with mtime 1733725445.2956367
File C:\Users\admin\AppData\Local\Programs\Python\Python39\Lib\concurrent\__init__.py first seen with mtime 1652795110.0
File D:\BaseDjango\MuzeyProject\.venv\Lib\site-packages\django\db\migrations\migration.py first seen with mtime 1733464571.5216987
File D:\BaseDjango\MuzeyProject\.venv\Lib\site-packages\django\db\backends\sqlite3\schema.py first seen with mtime 1733464571.5146773
File D:\BaseDjango\MuzeyProject\.venv\Lib\site-packages\django\contrib\auth\forms.py first seen with mtime 1733464569.239397
File C:\Users\admin\AppData\Local\Programs\Python\Python39\Lib\signal.py first seen with mtime 1652795110.0
File D:\BaseDjango\MuzeyProject\.venv\Lib\site-packages\django\contrib\admin\templatetags\__init__.py first seen with mtime 1733464569.083362
File D:\BaseDjango\MuzeyProject\.venv\Lib\site-packages\PIL\ImageColor.py first seen with mtime 1733465806.9434142
File C:\Users\admin\AppData\Local\Programs\Python\Python39\Lib\email\feedparser.py first seen with mtime 1652795110.0
File D:\BaseDjango\MuzeyProject\.venv\Lib\site-packages\sqlparse\engine\statement_splitter.py first seen with mtime 1733464568.1261494
File D:\BaseDjango\MuzeyProject\.venv\Lib\site-packages\django\contrib\admin\templatetags\base.py first seen with mtime 1733464569.086363
File D:\BaseDjango\MuzeyProject\.venv\Lib\site-packages\django\core\files\images.py first seen with mtime 1733464571.367342
File D:\BaseDjango\MuzeyProject\.venv\Lib\site-packages\django\utils\autoreload.py first seen with mtime 1733464571.7491639
File D:\BaseDjango\MuzeyProject\.venv\Lib\site-packages\django\utils\deconstruct.py first seen with mtime 1733464571.755183
File D:\BaseDjango\MuzeyProject\.venv\Lib\site-packages\django\contrib\messages\constants.py first seen with mtime 1733464570.7224536
File D:\BaseDjango\MuzeyProject\MuzeyServer\templates\game_1.html first seen with mtime 1741426684.985973
File D:\BaseDjango\MuzeyProject\MuzeyServer\templates\game_2.html first seen with mtime 1741426410.3674054
File D:\BaseDjango\MuzeyProject\MuzeyServer\templates\game_3.html first seen with mtime 1741807144.2613888
File D:\BaseDjango\MuzeyProject\MuzeyServer\templates\game_4.html first seen with mtime 1741426410.3684058
File D:\BaseDjango\MuzeyProject\MuzeyServer\templates\game_5.html first seen with mtime 1741426410.3684058
File D:\BaseDjango\MuzeyProject\MuzeyServer\templates\game_6.html first seen with mtime 1741426410.3694053
File D:\BaseDjango\MuzeyProject\MuzeyServer\templates\game_7.html first seen with mtime 1741426410.3704062
File D:\BaseDjango\MuzeyProject\MuzeyServer\templates\index.html first seen with mtime 1742129546.125297
File D:\BaseDjango\MuzeyProject\MuzeyServer\templates\login.html first seen with mtime 1742126128.8308303
File D:\BaseDjango\MuzeyProject\MuzeyServer\templates\page1.html first seen with mtime 1742315093.0240977
File D:\BaseDjango\MuzeyProject\MuzeyServer\templates\page2.html first seen with mtime 1739371559.2016268
File D:\BaseDjango\MuzeyProject\MuzeyServer\templates\page3.html first seen with mtime 1742125008.8995664
File D:\BaseDjango\MuzeyProject\MuzeyServer\templates\register_visitor.html first seen with mtime 1738683858.7223306
File D:\BaseDjango\MuzeyProject\MuzeyServer\templates\send_email.html first seen with mtime 1742128846.3268332
File D:\BaseDjango\MuzeyProject\MuzeyServer\templates\video_r1.html first seen with mtime 1738680981.7228174
File D:\BaseDjango\MuzeyProject\MuzeyServer\templates\video_r2.html first seen with mtime 1739605313.5841815
File D:\BaseDjango\MuzeyProject\MuzeyServer\templates\video_r3.html first seen with mtime 1739605345.5963705
File D:\BaseDjango\MuzeyProject\MuzeyServer\templates\video_r4.html first seen with mtime 1739605347.1947796
File D:\BaseDjango\MuzeyProject\MuzeyServer\templates\video_r5.html first seen with mtime 1739605313.553174
File D:\BaseDjango\MuzeyProject\MuzeyServer\MuzeyServer\wsgi.py first seen with mtime 1733464675.8638504
File D:\BaseDjango\MuzeyProject\.venv\Lib\site-packages\django\contrib\auth\migrations\0007_alter_validators_add_error_messages.py first seen with mtime 1733464569.392431
File D:\BaseDjango\MuzeyProject\MuzeyServer\Base\migrations\0002_remove_playerprofile_user_delete_customuser_and_more.py first seen with mtime 1742129920.714744
File D:\BaseDjango\MuzeyProject\.venv\Lib\site-packages\django\contrib\auth\migrations\0001_initial.py first seen with mtime 1733464569.38843
File D:\BaseDjango\MuzeyProject\MuzeyServer\SearchResult\migrations\__init__.py first seen with mtime 1733465047.6754563
File D:\BaseDjango\MuzeyProject\.venv\Lib\site-packages\django\contrib\sessions\exceptions.py first seen with mtime 1733464570.9953246
File D:\BaseDjango\MuzeyProject\.venv\Lib\site-packages\django\contrib\sessions\migrations\__init__.py first seen with mtime 1733464571.1427577
File D:\BaseDjango\MuzeyProject\.venv\Lib\site-packages\django\contrib\contenttypes\migrations\0002_remove_content_type_name.py first seen with mtime 1733464569.5374632
File D:\BaseDjango\MuzeyProject\.venv\Lib\site-packages\django\contrib\auth\migrations\0009_alter_user_last_name_max_length.py first seen with mtime 1733464569.3934312
File D:\BaseDjango\MuzeyProject\.venv\Lib\site-packages\django\contrib\auth\migrations\0003_alter_user_email_max_length.py first seen with mtime 1733464569.3894303
File D:\BaseDjango\MuzeyProject\.venv\Lib\site-packages\django\contrib\admin\migrations\0003_logentry_add_action_flag_choices.py first seen with mtime 1733464568.9723375
File D:\BaseDjango\MuzeyProject\.venv\Lib\site-packages\django\contrib\admin\migrations\0002_logentry_remove_auto_add.py first seen with mtime 1733464568.9713373
File D:\BaseDjango\MuzeyProject\.venv\Lib\site-packages\django\contrib\auth\migrations\__init__.py first seen with mtime 1733464569.3954318
File D:\BaseDjango\MuzeyProject\.venv\Lib\site-packages\django\contrib\auth\migrations\0004_alter_user_username_opts.py first seen with mtime 1733464569.3904307
File D:\BaseDjango\MuzeyProject\.venv\Lib\site-packages\django\contrib\sessions\backends\base.py first seen with mtime 1733464570.998344
File D:\BaseDjango\MuzeyProject\.venv\Lib\site-packages\django\db\migrations\recorder.py first seen with mtime 1733464571.523699
File D:\BaseDjango\MuzeyProject\.venv\Lib\site-packages\django\contrib\sessions\migrations\0001_initial.py first seen with mtime 1733464571.1417577
File D:\BaseDjango\MuzeyProject\.venv\Lib\site-packages\django\middleware\common.py first seen with mtime 1733464571.715063
File D:\BaseDjango\MuzeyProject\.venv\Lib\site-packages\django\middleware\clickjacking.py first seen with mtime 1733464571.7140627
File D:\BaseDjango\MuzeyProject\.venv\Lib\site-packages\django\contrib\auth\migrations\0002_alter_permission_name_max_length.py first seen with mtime 1733464569.3894303
File D:\BaseDjango\MuzeyProject\.venv\Lib\site-packages\django\contrib\admin\migrations\__init__.py first seen with mtime 1733464568.9733384
File D:\BaseDjango\MuzeyProject\.venv\Lib\site-packages\django\db\migrations\executor.py first seen with mtime 1733464571.5166779
File D:\BaseDjango\MuzeyProject\.venv\Lib\site-packages\django\contrib\auth\migrations\0011_update_proxy_permissions.py first seen with mtime 1733464569.3944314
File D:\BaseDjango\MuzeyProject\.venv\Lib\site-packages\django\contrib\auth\migrations\0005_alter_user_last_login_null.py first seen with mtime 1733464569.3904307
File D:\BaseDjango\MuzeyProject\.venv\Lib\site-packages\django\db\models\sql\compiler.py first seen with mtime 1733464571.5678396
File D:\BaseDjango\MuzeyProject\.venv\Lib\site-packages\django\db\migrations\graph.py first seen with mtime 1733464571.517678
File D:\BaseDjango\MuzeyProject\MuzeyServer\SearchMenu\migrations\__init__.py first seen with mtime 1733464938.6652231
File D:\BaseDjango\MuzeyProject\.venv\Lib\site-packages\django\contrib\auth\migrations\0006_require_contenttypes_0002.py first seen with mtime 1733464569.3914306
File D:\BaseDjango\MuzeyProject\.venv\Lib\site-packages\django\contrib\auth\migrations\0008_alter_user_username_max_length.py first seen with mtime 1733464569.392431
File D:\BaseDjango\MuzeyProject\.venv\Lib\site-packages\django\contrib\admin\migrations\0001_initial.py first seen with mtime 1733464568.9713373
File D:\BaseDjango\MuzeyProject\.venv\Lib\site-packages\django\contrib\messages\middleware.py first seen with mtime 1733464570.7234538
File D:\BaseDjango\MuzeyProject\MuzeyServer\Base\migrations\0001_initial.py first seen with mtime 1742122906.7414672
File D:\BaseDjango\MuzeyProject\.venv\Lib\site-packages\django\contrib\auth\migrations\0012_alter_user_first_name_max_length.py first seen with mtime 1733464569.3944314
File D:\BaseDjango\MuzeyProject\.venv\Lib\site-packages\django\contrib\contenttypes\migrations\0001_initial.py first seen with mtime 1733464569.5374632
File D:\BaseDjango\MuzeyProject\MuzeyServer\GamesList\migrations\__init__.py first seen with mtime 1733464820.7323449
File D:\BaseDjango\MuzeyProject\.venv\Lib\site-packages\django\contrib\auth\migrations\0010_alter_group_name_max_length.py first seen with mtime 1733464569.3934312
File D:\BaseDjango\MuzeyProject\.venv\Lib\site-packages\django\contrib\sessions\backends\db.py first seen with mtime 1733464571.0003426
File D:\BaseDjango\MuzeyProject\.venv\Lib\site-packages\django\db\migrations\loader.py first seen with mtime 1733464571.5186775
File C:\Users\admin\AppData\Local\Programs\Python\Python39\Lib\stringprep.py first seen with mtime 1652795110.0
File C:\Users\admin\AppData\Local\Programs\Python\Python39\Lib\encodings\idna.py first seen with mtime 1652795110.0
File D:\BaseDjango\MuzeyProject\MuzeyServer\Base\migrations\__init__.py first seen with mtime 1733464812.0509298
File D:\BaseDjango\MuzeyProject\MuzeyServer\SearchResult\migrations\0001_initial.py first seen with mtime 1742122906.7394667
File D:\BaseDjango\MuzeyProject\.venv\Lib\site-packages\django\contrib\contenttypes\migrations\__init__.py first seen with mtime 1733464569.5384636
(0.000) SELECT "django_session"."session_key", "django_session"."session_data", "django_session"."expire_date" FROM "django_session" WHERE ("django_session"."expire_date" > '2025-03-19 19:27:05.343595' AND "django_session"."session_key" = 'zr6p92ge2xc1ei0tkxa8to7dgxe7fp37') LIMIT 21; args=('2025-03-19 19:27:05.343595', 'zr6p92ge2xc1ei0tkxa8to7dgxe7fp37'); alias=default
(0.000) SELECT "auth_user"."id", "auth_user"."password", "auth_user"."last_login", "auth_user"."is_superuser", "auth_user"."username", "auth_user"."first_name", "auth_user"."last_name", "auth_user"."email", "auth_user"."is_staff", "auth_user"."is_active", "auth_user"."date_joined" FROM "auth_user" WHERE "auth_user"."id" = 1 LIMIT 21; args=(1,); alias=default
(0.000) SELECT "Base_gameresult"."id", "Base_gameresult"."user_id", "Base_gameresult"."score", "Base_gameresult"."date" FROM "Base_gameresult" WHERE "Base_gameresult"."user_id" = 1 LIMIT 1; args=(1,); alias=default
"GET /email/ HTTP/1.1" 200 3792
File D:\BaseDjango\MuzeyProject\.venv\Lib\site-packages\django\contrib\messages\context_processors.py first seen with mtime 1733464570.7234538
File D:\BaseDjango\MuzeyProject\.venv\Lib\site-packages\django\template\context_processors.py first seen with mtime 1733464571.721085
File D:\BaseDjango\MuzeyProject\.venv\Lib\site-packages\django\contrib\messages\storage\cookie.py first seen with mtime 1733464570.726472
File D:\BaseDjango\MuzeyProject\.venv\Lib\site-packages\django\contrib\sessions\serializers.py first seen with mtime 1733464570.997325
File D:\BaseDjango\MuzeyProject\.venv\Lib\site-packages\django\contrib\messages\storage\session.py first seen with mtime 1733464570.7284722
File D:\BaseDjango\MuzeyProject\.venv\Lib\site-packages\django\contrib\messages\storage\fallback.py first seen with mtime 1733464570.727472
File D:\BaseDjango\MuzeyProject\.venv\Lib\site-packages\django\contrib\auth\context_processors.py first seen with mtime 1733464569.2383966
(0.000) SELECT "django_session"."session_key", "django_session"."session_data", "django_session"."expire_date" FROM "django_session" WHERE ("django_session"."expire_date" > '2025-03-19 19:27:07.966453' AND "django_session"."session_key" = 'zr6p92ge2xc1ei0tkxa8to7dgxe7fp37') LIMIT 21; args=('2025-03-19 19:27:07.966453', 'zr6p92ge2xc1ei0tkxa8to7dgxe7fp37'); alias=default
(0.000) SELECT "auth_user"."id", "auth_user"."password", "auth_user"."last_login", "auth_user"."is_superuser", "auth_user"."username", "auth_user"."first_name", "auth_user"."last_name", "auth_user"."email", "auth_user"."is_staff", "auth_user"."is_active", "auth_user"."date_joined" FROM "auth_user" WHERE "auth_user"."id" = 1 LIMIT 21; args=(1,); alias=default
File D:\BaseDjango\MuzeyProject\.venv\Lib\site-packages\PIL\ImageFile.py first seen with mtime 1733465806.945415
File D:\BaseDjango\MuzeyProject\.venv\Lib\site-packages\PIL\_imagingmath.cp39-win_amd64.pyd first seen with mtime 1733465807.001427
File D:\BaseDjango\MuzeyProject\.venv\Lib\site-packages\PIL\ImageChops.py first seen with mtime 1733465806.9424143
File D:\BaseDjango\MuzeyProject\.venv\Lib\site-packages\PIL\PngImagePlugin.py first seen with mtime 1733465806.9674199
File D:\BaseDjango\MuzeyProject\.venv\Lib\site-packages\PIL\GifImagePlugin.py first seen with mtime 1733465806.936413
File D:\BaseDjango\MuzeyProject\.venv\Lib\site-packages\PIL\BmpImagePlugin.py first seen with mtime 1733465806.9274104
File D:\BaseDjango\MuzeyProject\.venv\Lib\site-packages\PIL\GimpPaletteFile.py first seen with mtime 1733465806.9374132
File D:\BaseDjango\MuzeyProject\.venv\Lib\site-packages\PIL\ImagePalette.py first seen with mtime 1733465806.950416
File D:\BaseDjango\MuzeyProject\.venv\Lib\site-packages\PIL\ImageOps.py first seen with mtime 1733465806.950416
File D:\BaseDjango\MuzeyProject\.venv\Lib\site-packages\PIL\ImageMath.py first seen with mtime 1733465806.9484158
File D:\BaseDjango\MuzeyProject\.venv\Lib\site-packages\PIL\JpegImagePlugin.py first seen with mtime 1733465806.9574175
File D:\BaseDjango\MuzeyProject\.venv\Lib\site-packages\PIL\JpegPresets.py first seen with mtime 1733465806.958418
File D:\BaseDjango\MuzeyProject\.venv\Lib\site-packages\PIL\GimpGradientFile.py first seen with mtime 1733465806.9374132
File D:\BaseDjango\MuzeyProject\.venv\Lib\site-packages\PIL\PaletteFile.py first seen with mtime 1733465806.9624188
File D:\BaseDjango\MuzeyProject\.venv\Lib\site-packages\PIL\ImageSequence.py first seen with mtime 1733465806.9524167
File D:\BaseDjango\MuzeyProject\.venv\Lib\site-packages\PIL\PpmImagePlugin.py first seen with mtime 1733465806.9684198
File D:\BaseDjango\MuzeyProject\.venv\Lib\site-packages\django\core\mail\backends\smtp.py first seen with mtime 1733464571.3964193
File C:\Users\admin\AppData\Local\Programs\Python\Python39\Lib\smtplib.py first seen with mtime 1652795110.0
File D:\BaseDjango\MuzeyProject\.venv\Lib\site-packages\django\core\mail\backends\__init__.py first seen with mtime 1733464571.3874018
File D:\BaseDjango\MuzeyProject\.venv\Lib\site-packages\django\core\mail\backends\base.py first seen with mtime 1733464571.3884008
Internal Server Error: /email/
"POST /email/ HTTP/1.1" 500 237
File D:\BaseDjango\MuzeyProject\MuzeyServer\MuzeyServer\settings.py previous mtime: 1742412256.1179948, current mtime: 1742412761.5308957
D:\BaseDjango\MuzeyProject\MuzeyServer\MuzeyServer\settings.py notified as changed. Signal results: [(<function template_changed at 0x000001FF45263AF0>, None), (<function translation_file_changed at 0x000001FF45C57AF0>, None)].
D:\BaseDjango\MuzeyProject\MuzeyServer\MuzeyServer\settings.py changed, reloading.
Watching for file changes with StatReloader
Waiting for apps ready_event.
Apps ready_event triggered. Sending autoreload_started signal.
Watching dir D:\BaseDjango\MuzeyProject\MuzeyServer\templates with glob **/*.
Watching dir D:\BaseDjango\MuzeyProject\MuzeyServer\locale with glob **/*.mo.
Watching dir D:\BaseDjango\MuzeyProject\MuzeyServer\SearchResult\locale with glob **/*.mo.
Watching dir D:\BaseDjango\MuzeyProject\MuzeyServer\Base\locale with glob **/*.mo.
Watching dir D:\BaseDjango\MuzeyProject\MuzeyServer\GamesList\locale with glob **/*.mo.
Watching dir D:\BaseDjango\MuzeyProject\MuzeyServer\SearchMenu\locale with glob **/*.mo.
(0.000) 
            SELECT name, type FROM sqlite_master
            WHERE type in ('table', 'view') AND NOT name='sqlite_sequence'
            ORDER BY name; args=None; alias=default
(0.000) SELECT "django_migrations"."id", "django_migrations"."app", "django_migrations"."name", "django_migrations"."applied" FROM "django_migrations"; args=(); alias=default
File D:\BaseDjango\MuzeyProject\.venv\Lib\site-packages\django\db\transaction.py first seen with mtime 1733464571.4725528
File D:\BaseDjango\MuzeyProject\.venv\Lib\site-packages\django\db\models\utils.py first seen with mtime 1733464571.5427656
File D:\BaseDjango\MuzeyProject\.venv\Lib\site-packages\django\core\mail\message.py first seen with mtime 1733464571.386381
File C:\Users\admin\AppData\Local\Programs\Python\Python39\Lib\email\encoders.py first seen with mtime 1652795110.0
File D:\BaseDjango\MuzeyProject\.venv\Lib\site-packages\django\core\cache\__init__.py first seen with mtime 1733464571.3352826
File D:\BaseDjango\MuzeyProject\.venv\Lib\site-packages\sqlparse\filters\right_margin.py first seen with mtime 1733464568.12915
File C:\Users\admin\AppData\Local\Programs\Python\Python39\Lib\dis.py first seen with mtime 1652795110.0
File D:\BaseDjango\MuzeyProject\.venv\Lib\site-packages\django\db\backends\base\__init__.py first seen with mtime 1733464571.476572
File D:\BaseDjango\MuzeyProject\.venv\Lib\site-packages\django\utils\dateformat.py first seen with mtime 1733464571.7531826
File C:\Users\admin\AppData\Local\Programs\Python\Python39\Lib\encodings\__init__.py first seen with mtime 1652795110.0
File D:\BaseDjango\MuzeyProject\.venv\Lib\site-packages\django\contrib\admin\views\autocomplete.py first seen with mtime 1733464569.087363
File D:\BaseDjango\MuzeyProject\.venv\Lib\site-packages\django\utils\__init__.py first seen with mtime 1733464571.7471642
File D:\BaseDjango\MuzeyProject\.venv\Lib\site-packages\django\db\models\fields\mixins.py first seen with mtime 1733464571.5457647
File C:\Users\admin\AppData\Local\Programs\Python\Python39\Lib\pkgutil.py first seen with mtime 1652795110.0
File D:\BaseDjango\MuzeyProject\MuzeyServer\Base\apps.py first seen with mtime 1733464812.0479295
File C:\Users\admin\AppData\Local\Programs\Python\Python39\Lib\asyncio\base_tasks.py first seen with mtime 1652795110.0
File C:\Users\admin\AppData\Local\Programs\Python\Python39\Lib\asyncio\constants.py first seen with mtime 1652795110.0
File D:\BaseDjango\MuzeyProject\.venv\Lib\site-packages\django\core\cache\backends\filebased.py first seen with mtime 1733464571.338301
File D:\BaseDjango\MuzeyProject\.venv\Lib\site-packages\django\core\files\locks.py first seen with mtime 1733464571.3683424
File D:\BaseDjango\MuzeyProject\.venv\Lib\site-packages\django\contrib\admin\options.py first seen with mtime 1733464568.6572673
File D:\BaseDjango\MuzeyProject\.venv\Lib\site-packages\django\apps\registry.py first seen with mtime 1733464568.4142137
File D:\BaseDjango\MuzeyProject\.venv\Lib\site-packages\asgiref\sync.py first seen with mtime 1733464568.2551785
File D:\BaseDjango\MuzeyProject\.venv\Lib\site-packages\django\core\checks\security\__init__.py first seen with mtime 1733464571.363323
File C:\Users\admin\AppData\Local\Programs\Python\Python39\Lib\collections\__init__.py first seen with mtime 1652795110.0
File D:\BaseDjango\MuzeyProject\.venv\Lib\site-packages\django\contrib\admin\decorators.py first seen with mtime 1733464568.6532667
File D:\BaseDjango\MuzeyProject\.venv\Lib\site-packages\django\contrib\messages\storage\__init__.py first seen with mtime 1733464570.7254715
File D:\BaseDjango\MuzeyProject\.venv\Lib\site-packages\django\db\models\fields\related.py first seen with mtime 1733464571.546765
File C:\Users\admin\AppData\Local\Programs\Python\Python39\Lib\ssl.py first seen with mtime 1652795110.0
File C:\Users\admin\AppData\Local\Programs\Python\Python39\Lib\string.py first seen with mtime 1652795110.0
File C:\Users\admin\AppData\Local\Programs\Python\Python39\Lib\asyncio\subprocess.py first seen with mtime 1652795110.0
File C:\Users\admin\AppData\Local\Programs\Python\Python39\Lib\logging\__init__.py first seen with mtime 1652795110.0
File D:\BaseDjango\MuzeyProject\.venv\Lib\site-packages\sqlparse\filters\others.py first seen with mtime 1733464568.1281497
File C:\Users\admin\AppData\Local\Programs\Python\Python39\Lib\threading.py first seen with mtime 1652795112.0
File C:\Users\admin\AppData\Local\Programs\Python\Python39\Lib\urllib\__init__.py first seen with mtime 1652795112.0
File D:\BaseDjango\MuzeyProject\.venv\Lib\site-packages\django\db\models\functions\math.py first seen with mtime 1733464571.560819
File D:\BaseDjango\MuzeyProject\.venv\Lib\site-packages\django\template\defaulttags.py first seen with mtime 1733464571.722106
File C:\Users\admin\AppData\Local\Programs\Python\Python39\Lib\asyncio\base_events.py first seen with mtime 1652795110.0
File D:\BaseDjango\MuzeyProject\.venv\Lib\site-packages\sqlparse\engine\statement_splitter.py first seen with mtime 1733464568.1261494
File C:\Users\admin\AppData\Local\Programs\Python\Python39\Lib\email\base64mime.py first seen with mtime 1652795110.0
File C:\Users\admin\AppData\Local\Programs\Python\Python39\Lib\mimetypes.py first seen with mtime 1652795110.0
File C:\Users\admin\AppData\Local\Programs\Python\Python39\Lib\email\headerregistry.py first seen with mtime 1652795110.0
File D:\BaseDjango\MuzeyProject\.venv\Lib\site-packages\django\contrib\contenttypes\admin.py first seen with mtime 1733464569.397432
File D:\BaseDjango\MuzeyProject\.venv\Lib\site-packages\PIL\ExifTags.py first seen with mtime 1733465806.9324121
File D:\BaseDjango\MuzeyProject\.venv\Lib\site-packages\django\contrib\__init__.py first seen with mtime 1733464568.650266
File D:\BaseDjango\MuzeyProject\.venv\Lib\site-packages\django\core\cache\backends\__init__.py first seen with mtime 1733464571.3362825
File C:\Users\admin\AppData\Local\Programs\Python\Python39\Lib\email\header.py first seen with mtime 1652795110.0
File D:\BaseDjango\MuzeyProject\.venv\Lib\site-packages\PIL\_imagingft.cp39-win_amd64.pyd first seen with mtime 1733465806.9994264
File C:\Users\admin\AppData\Local\Programs\Python\Python39\Lib\socketserver.py first seen with mtime 1652795110.0
File D:\BaseDjango\MuzeyProject\.venv\Lib\site-packages\django\utils\translation\reloader.py first seen with mtime 1733464571.7732427
File C:\Users\admin\AppData\Local\Programs\Python\Python39\Lib\email\utils.py first seen with mtime 1652795110.0
File C:\Users\admin\AppData\Local\Programs\Python\Python39\Lib\importlib\machinery.py first seen with mtime 1652795110.0
File D:\BaseDjango\MuzeyProject\.venv\Lib\site-packages\django\db\backends\base\validation.py first seen with mtime 1733464571.4815729
File D:\BaseDjango\MuzeyProject\.venv\Lib\site-packages\django\core\files\storage\__init__.py first seen with mtime 1733464571.379361
File D:\BaseDjango\MuzeyProject\.venv\Lib\site-packages\django\db\backends\base\creation.py first seen with mtime 1733464571.4785724
File D:\BaseDjango\MuzeyProject\.venv\Lib\site-packages\django\core\handlers\__init__.py first seen with mtime 1733464571.3823805
File D:\BaseDjango\MuzeyProject\.venv\Lib\site-packages\django\db\backends\sqlite3\introspection.py first seen with mtime 1733464571.5126562
File D:\BaseDjango\MuzeyProject\.venv\Lib\site-packages\django\views\decorators\__init__.py first seen with mtime 1733464571.7792625
File C:\Users\admin\AppData\Local\Programs\Python\Python39\Lib\logging\config.py first seen with mtime 1652795110.0
File C:\Users\admin\AppData\Local\Programs\Python\Python39\DLLs\_lzma.pyd first seen with mtime 1652795162.0
File D:\BaseDjango\MuzeyProject\.venv\Lib\site-packages\sqlparse\filters\tokens.py first seen with mtime 1733464568.1301503
File C:\Users\admin\AppData\Local\Programs\Python\Python39\Lib\importlib\util.py first seen with mtime 1652795110.0
File D:\BaseDjango\MuzeyProject\.venv\Lib\site-packages\django\views\generic\detail.py first seen with mtime 1733464571.7862823
File C:\Users\admin\AppData\Local\Programs\Python\Python39\Lib\pprint.py first seen with mtime 1652795110.0
File C:\Users\admin\AppData\Local\Programs\Python\Python39\DLLs\select.pyd first seen with mtime 1652795162.0
File C:\Users\admin\AppData\Local\Programs\Python\Python39\Lib\enum.py first seen with mtime 1652795110.0
File D:\BaseDjango\MuzeyProject\.venv\Lib\site-packages\PIL\ImageDraw.py first seen with mtime 1733465806.944415
File C:\Users\admin\AppData\Local\Programs\Python\Python39\Lib\_collections_abc.py first seen with mtime 1652795110.0
File D:\BaseDjango\MuzeyProject\.venv\Lib\site-packages\django\contrib\sessions\base_session.py first seen with mtime 1733464570.9943247
File D:\BaseDjango\MuzeyProject\.venv\Lib\site-packages\django\contrib\auth\management\__init__.py first seen with mtime 1733464569.3864298
File D:\BaseDjango\MuzeyProject\.venv\Lib\site-packages\django\views\i18n.py first seen with mtime 1733464571.7782624
File D:\BaseDjango\MuzeyProject\.venv\Lib\site-packages\django\db\models\indexes.py first seen with mtime 1733464571.538743
File C:\Users\admin\AppData\Local\Programs\Python\Python39\Lib\secrets.py first seen with mtime 1652795110.0
File D:\BaseDjango\MuzeyProject\.venv\Lib\site-packages\sqlparse\formatter.py first seen with mtime 1733464568.1211486
File D:\BaseDjango\MuzeyProject\.venv\Lib\site-packages\django\shortcuts.py first seen with mtime 1733464568.4122136
File D:\BaseDjango\MuzeyProject\MuzeyServer\SearchResult\views.py first seen with mtime 1733725445.2956367
File D:\BaseDjango\MuzeyProject\.venv\Lib\site-packages\django\contrib\messages\api.py first seen with mtime 1733464570.721454
File D:\BaseDjango\MuzeyProject\.venv\Lib\site-packages\PIL\ImageFont.py first seen with mtime 1733465806.9474156
File D:\BaseDjango\MuzeyProject\.venv\Lib\site-packages\django\db\backends\base\introspection.py first seen with mtime 1733464571.4795725
File D:\BaseDjango\MuzeyProject\MuzeyServer\GamesList\models.py first seen with mtime 1733464820.7293448
File C:\Users\admin\AppData\Local\Programs\Python\Python39\Lib\email\mime\text.py first seen with mtime 1652795110.0
File C:\Users\admin\AppData\Local\Programs\Python\Python39\Lib\multiprocessing\reduction.py first seen with mtime 1652795110.0
File C:\Users\admin\AppData\Local\Programs\Python\Python39\Lib\bz2.py first seen with mtime 1652795110.0
File C:\Users\admin\AppData\Local\Programs\Python\Python39\Lib\sqlite3\dbapi2.py first seen with mtime 1652795110.0
File D:\BaseDjango\MuzeyProject\MuzeyServer\manage.py first seen with mtime 1733464675.8608496
File D:\BaseDjango\MuzeyProject\.venv\Lib\site-packages\PIL\TiffTags.py first seen with mtime 1733465806.973421
File C:\Users\admin\AppData\Local\Programs\Python\Python39\DLLs\_hashlib.pyd first seen with mtime 1652795162.0
File D:\BaseDjango\MuzeyProject\MuzeyServer\MuzeyServer\urls.py first seen with mtime 1742123548.7479253
File C:\Users\admin\AppData\Local\Programs\Python\Python39\Lib\asyncio\queues.py first seen with mtime 1652795110.0
File D:\BaseDjango\MuzeyProject\.venv\Lib\site-packages\django\views\defaults.py first seen with mtime 1733464571.7772622
File C:\Users\admin\AppData\Local\Programs\Python\Python39\Lib\email\_encoded_words.py first seen with mtime 1652795110.0
File C:\Users\admin\AppData\Local\Programs\Python\Python39\Lib\json\decoder.py first seen with mtime 1652795110.0
File D:\BaseDjango\MuzeyProject\.venv\Lib\site-packages\sqlparse\engine\filter_stack.py first seen with mtime 1733464568.125149
File D:\BaseDjango\MuzeyProject\.venv\Lib\site-packages\django\urls\base.py first seen with mtime 1733464571.743145
File D:\BaseDjango\MuzeyProject\.venv\Lib\site-packages\django\core\cache\backends\locmem.py first seen with mtime 1733464571.3393009
File D:\BaseDjango\MuzeyProject\.venv\Lib\site-packages\django\contrib\admin\templatetags\admin_modify.py first seen with mtime 1733464569.0853627
File D:\BaseDjango\MuzeyProject\.venv\Lib\site-packages\sqlparse\filters\reindent.py first seen with mtime 1733464568.12915
File C:\Users\admin\AppData\Local\Programs\Python\Python39\Lib\linecache.py first seen with mtime 1652795110.0
File D:\BaseDjango\MuzeyProject\.venv\Lib\site-packages\sqlparse\keywords.py first seen with mtime 1733464568.1211486
File C:\Users\admin\AppData\Local\Programs\Python\Python39\Lib\wsgiref\headers.py first seen with mtime 1652795112.0
File C:\Users\admin\AppData\Local\Programs\Python\Python39\Lib\site.py first seen with mtime 1652795110.0
File D:\BaseDjango\MuzeyProject\.venv\Lib\site-packages\django\db\backends\sqlite3\operations.py first seen with mtime 1733464571.5136783
File D:\BaseDjango\MuzeyProject\.venv\Lib\site-packages\django\template\base.py first seen with mtime 1733464571.7200851
File D:\BaseDjango\MuzeyProject\.venv\Lib\site-packages\django\db\models\expressions.py first seen with mtime 1733464571.537743
File D:\BaseDjango\MuzeyProject\.venv\Lib\site-packages\django\views\generic\__init__.py first seen with mtime 1733464571.7842817
File D:\BaseDjango\MuzeyProject\.venv\Lib\site-packages\django\template\response.py first seen with mtime 1733464571.726105
File D:\BaseDjango\MuzeyProject\.venv\Lib\site-packages\django\core\checks\files.py first seen with mtime 1733464571.346319
File D:\BaseDjango\MuzeyProject\.venv\Lib\site-packages\django\utils\datastructures.py first seen with mtime 1733464571.7521827
File D:\BaseDjango\MuzeyProject\.venv\Lib\site-packages\PIL\Image.py first seen with mtime 1733465806.941414
File D:\BaseDjango\MuzeyProject\.venv\Lib\site-packages\django\forms\models.py first seen with mtime 1733464571.5768602
File C:\Users\admin\AppData\Local\Programs\Python\Python39\Lib\email\_parseaddr.py first seen with mtime 1652795110.0
File D:\BaseDjango\MuzeyProject\.venv\Lib\site-packages\django\conf\__init__.py first seen with mtime 1733464568.4142137
File D:\BaseDjango\MuzeyProject\.venv\Lib\site-packages\django\templatetags\i18n.py first seen with mtime 1733464571.7351434
File D:\BaseDjango\MuzeyProject\.venv\Lib\site-packages\django\contrib\staticfiles\management\__init__.py first seen with mtime 1733464571.3172204
File C:\Users\admin\AppData\Local\Programs\Python\Python39\Lib\asyncio\transports.py first seen with mtime 1652795110.0
File D:\BaseDjango\MuzeyProject\.venv\Lib\site-packages\django\core\checks\urls.py first seen with mtime 1733464571.3623226
File D:\BaseDjango\MuzeyProject\.venv\Lib\site-packages\django\contrib\auth\admin.py first seen with mtime 1733464569.2343957
File D:\BaseDjango\MuzeyProject\.venv\Lib\site-packages\sqlparse\engine\__init__.py first seen with mtime 1733464568.1241488
File D:\BaseDjango\MuzeyProject\.venv\Lib\site-packages\django\core\checks\model_checks.py first seen with mtime 1733464571.359322
File D:\BaseDjango\MuzeyProject\.venv\Lib\site-packages\django\utils\timesince.py first seen with mtime 1733464571.769243
File D:\BaseDjango\MuzeyProject\.venv\Lib\site-packages\django\contrib\admin\views\main.py first seen with mtime 1733464569.0893638
File C:\Users\admin\AppData\Local\Programs\Python\Python39\Lib\json\scanner.py first seen with mtime 1652795110.0
File D:\BaseDjango\MuzeyProject\.venv\Lib\site-packages\django\db\backends\sqlite3\base.py first seen with mtime 1733464571.5106559
File C:\Users\admin\AppData\Local\Programs\Python\Python39\Lib\asyncio\base_futures.py first seen with mtime 1652795110.0
File C:\Users\admin\AppData\Local\Programs\Python\Python39\Lib\sre_constants.py first seen with mtime 1652795110.0
File C:\Users\admin\AppData\Local\Programs\Python\Python39\Lib\asyncio\__init__.py first seen with mtime 1652795110.0
File C:\Users\admin\AppData\Local\Programs\Python\Python39\Lib\email\feedparser.py first seen with mtime 1652795110.0
File C:\Users\admin\AppData\Local\Programs\Python\Python39\Lib\argparse.py first seen with mtime 1652795110.0
File C:\Users\admin\AppData\Local\Programs\Python\Python39\Lib\zoneinfo\_common.py first seen with mtime 1652795112.0
File C:\Users\admin\AppData\Local\Programs\Python\Python39\Lib\email\mime\base.py first seen with mtime 1652795110.0
File D:\BaseDjango\MuzeyProject\.venv\Lib\site-packages\django\utils\timezone.py first seen with mtime 1733464571.769243
File D:\BaseDjango\MuzeyProject\.venv\Lib\site-packages\django\contrib\staticfiles\management\commands\runserver.py first seen with mtime 1733464571.3192418
File D:\BaseDjango\MuzeyProject\.venv\Lib\site-packages\django\db\models\aggregates.py first seen with mtime 1733464571.5307207
File D:\BaseDjango\MuzeyProject\.venv\Lib\site-packages\django\core\__init__.py first seen with mtime 1733464571.3242414
File C:\Users\admin\AppData\Local\Programs\Python\Python39\Lib\email\quoprimime.py first seen with mtime 1652795110.0
File D:\BaseDjango\MuzeyProject\.venv\Lib\site-packages\django\views\generic\edit.py first seen with mtime 1733464571.7873027
File D:\BaseDjango\MuzeyProject\.venv\Lib\site-packages\django\utils\topological_sort.py first seen with mtime 1733464571.7702415
File D:\BaseDjango\MuzeyProject\.venv\Lib\site-packages\django\core\serializers\json.py first seen with mtime 1733464571.4675303
File D:\BaseDjango\MuzeyProject\.venv\Lib\site-packages\django\template\backends\django.py first seen with mtime 1733464571.729124
File D:\BaseDjango\MuzeyProject\.venv\Lib\site-packages\django\core\exceptions.py first seen with mtime 1733464571.3262625
File D:\BaseDjango\MuzeyProject\.venv\Lib\site-packages\django\core\management\base.py first seen with mtime 1733464571.3974197
File D:\BaseDjango\MuzeyProject\MuzeyServer\SearchMenu\models.py first seen with mtime 1733558091.3495717
File D:\BaseDjango\MuzeyProject\.venv\Lib\site-packages\django\db\migrations\operations\base.py first seen with mtime 1733464571.5277197
File D:\BaseDjango\MuzeyProject\.venv\Lib\site-packages\django\utils\asyncio.py first seen with mtime 1733464571.7491639
File C:\Users\admin\AppData\Local\Programs\Python\Python39\Lib\importlib\abc.py first seen with mtime 1652795110.0
File D:\BaseDjango\MuzeyProject\.venv\Lib\site-packages\django\db\models\sql\where.py first seen with mtime 1733464571.5708406
File C:\Users\admin\AppData\Local\Programs\Python\Python39\Lib\gettext.py first seen with mtime 1652795110.0
File C:\Users\admin\AppData\Local\Programs\Python\Python39\Lib\hmac.py first seen with mtime 1652795110.0
File C:\Users\admin\AppData\Local\Programs\Python\Python39\Lib\gzip.py first seen with mtime 1652795110.0
File D:\BaseDjango\MuzeyProject\.venv\Lib\site-packages\django\core\management\commands\__init__.py first seen with mtime 1733464571.4184556
File D:\BaseDjango\MuzeyProject\.venv\Lib\site-packages\django\core\serializers\base.py first seen with mtime 1733464571.4675303
File C:\Users\admin\AppData\Local\Programs\Python\Python39\Lib\functools.py first seen with mtime 1652795110.0
File D:\BaseDjango\MuzeyProject\.venv\Lib\site-packages\django\utils\numberformat.py first seen with mtime 1733464571.7662218
File C:\Users\admin\AppData\Local\Programs\Python\Python39\Lib\asyncio\runners.py first seen with mtime 1652795110.0
File D:\BaseDjango\MuzeyProject\.venv\Lib\site-packages\django\contrib\sessions\models.py first seen with mtime 1733464570.996325
File D:\BaseDjango\MuzeyProject\.venv\Lib\site-packages\django\db\backends\base\schema.py first seen with mtime 1733464571.4815729
File D:\BaseDjango\MuzeyProject\.venv\Lib\site-packages\django\dispatch\__init__.py first seen with mtime 1733464571.5718408
File D:\BaseDjango\MuzeyProject\.venv\Lib\site-packages\django\views\decorators\debug.py first seen with mtime 1733464571.7822816
File C:\Users\admin\AppData\Local\Programs\Python\Python39\Lib\sqlite3\__init__.py first seen with mtime 1652795110.0
File D:\BaseDjango\MuzeyProject\.venv\Lib\site-packages\django\utils\decorators.py first seen with mtime 1733464571.7561831
File C:\Users\admin\AppData\Local\Programs\Python\Python39\Lib\wsgiref\simple_server.py first seen with mtime 1652795112.0
File D:\BaseDjango\MuzeyProject\.venv\Lib\site-packages\django\core\management\color.py first seen with mtime 1733464571.3984199
File C:\Users\admin\AppData\Local\Programs\Python\Python39\Lib\email\mime\nonmultipart.py first seen with mtime 1652795110.0
File D:\BaseDjango\MuzeyProject\.venv\Lib\site-packages\django\contrib\contenttypes\apps.py first seen with mtime 1733464569.3984332
File D:\BaseDjango\MuzeyProject\.venv\Lib\site-packages\django\forms\widgets.py first seen with mtime 1733464571.5788605
File C:\Users\admin\AppData\Local\Programs\Python\Python39\Lib\asyncio\format_helpers.py first seen with mtime 1652795110.0
File C:\Users\admin\AppData\Local\Programs\Python\Python39\Lib\multiprocessing\context.py first seen with mtime 1652795110.0
File D:\BaseDjango\MuzeyProject\.venv\Lib\site-packages\django\template\smartif.py first seen with mtime 1733464571.726105
File C:\Users\admin\AppData\Local\Programs\Python\Python39\Lib\_compression.py first seen with mtime 1652795110.0
File C:\Users\admin\AppData\Local\Programs\Python\Python39\Lib\abc.py first seen with mtime 1652795110.0
File C:\Users\admin\AppData\Local\Programs\Python\Python39\Lib\contextlib.py first seen with mtime 1652795110.0
File D:\BaseDjango\MuzeyProject\.venv\Lib\site-packages\django\db\models\sql\query.py first seen with mtime 1733464571.5698402
File C:\Users\admin\AppData\Local\Programs\Python\Python39\Lib\uu.py first seen with mtime 1652795112.0
File D:\BaseDjango\MuzeyProject\.venv\Lib\site-packages\django\__init__.py first seen with mtime 1733464568.4112132
File D:\BaseDjango\MuzeyProject\MuzeyServer\send_email\__init__.py first seen with mtime 1737631813.390819
File D:\BaseDjango\MuzeyProject\.venv\Lib\site-packages\django\db\models\query.py first seen with mtime 1733464571.5407434
File D:\BaseDjango\MuzeyProject\.venv\Lib\site-packages\django\template\backends\base.py first seen with mtime 1733464571.7281253
File C:\Users\admin\AppData\Local\Programs\Python\Python39\DLLs\_ctypes.pyd first seen with mtime 1652795162.0
File C:\Users\admin\AppData\Local\Programs\Python\Python39\Lib\warnings.py first seen with mtime 1652795112.0
File D:\BaseDjango\MuzeyProject\.venv\Lib\site-packages\sqlparse\__init__.py first seen with mtime 1733464568.118148
File D:\BaseDjango\MuzeyProject\.venv\Lib\site-packages\django\core\checks\compatibility\django_4_0.py first seen with mtime 1733464571.363323
File D:\BaseDjango\MuzeyProject\MuzeyServer\SearchResult\admin.py first seen with mtime 1733465975.2854438
File D:\BaseDjango\MuzeyProject\.venv\Lib\site-packages\_virtualenv.py first seen with mtime 1733464431.870555
File C:\Users\admin\AppData\Local\Programs\Python\Python39\Lib\sre_compile.py first seen with mtime 1652795110.0
File C:\Users\admin\AppData\Local\Programs\Python\Python39\Lib\asyncio\events.py first seen with mtime 1652795110.0
File D:\BaseDjango\MuzeyProject\.venv\Lib\site-packages\sqlparse\exceptions.py first seen with mtime 1733464568.1201484
File D:\BaseDjango\MuzeyProject\.venv\Lib\site-packages\PIL\_util.py first seen with mtime 1733465807.0054276
File D:\BaseDjango\MuzeyProject\.venv\Lib\site-packages\django\core\mail\__init__.py first seen with mtime 1733464571.385381
File D:\BaseDjango\MuzeyProject\.venv\Lib\site-packages\django\templatetags\tz.py first seen with mtime 1733464571.7371438
File D:\BaseDjango\MuzeyProject\MuzeyServer\GamesList\admin.py first seen with mtime 1733464820.7233436
File C:\Users\admin\AppData\Local\Programs\Python\Python39\Lib\multiprocessing\process.py first seen with mtime 1652795110.0
File C:\Users\admin\AppData\Local\Programs\Python\Python39\Lib\asyncio\windows_utils.py first seen with mtime 1652795110.0
File C:\Users\admin\AppData\Local\Programs\Python\Python39\Lib\pathlib.py first seen with mtime 1652795110.0
File C:\Users\admin\AppData\Local\Programs\Python\Python39\Lib\urllib\response.py first seen with mtime 1652795112.0
File D:\BaseDjango\MuzeyProject\.venv\Lib\site-packages\django\contrib\messages\__init__.py first seen with mtime 1733464570.721454
File D:\BaseDjango\MuzeyProject\.venv\Lib\site-packages\django\db\backends\sqlite3\client.py first seen with mtime 1733464571.5106559
File D:\BaseDjango\MuzeyProject\.venv\Lib\site-packages\django\contrib\admin\apps.py first seen with mtime 1733464568.6522663
File D:\BaseDjango\MuzeyProject\.venv\Lib\site-packages\django\db\migrations\operations\fields.py first seen with mtime 1733464571.5277197
File D:\BaseDjango\MuzeyProject\.venv\Lib\site-packages\django\db\models\functions\comparison.py first seen with mtime 1733464571.5588002
File C:\Users\admin\AppData\Local\Programs\Python\Python39\Lib\asyncio\proactor_events.py first seen with mtime 1652795110.0
File D:\BaseDjango\MuzeyProject\.venv\Lib\site-packages\django\core\handlers\base.py first seen with mtime 1733464571.3833804
File D:\BaseDjango\MuzeyProject\.venv\Lib\site-packages\django\views\static.py first seen with mtime 1733464571.7782624
File C:\Users\admin\AppData\Local\Programs\Python\Python39\Lib\json\encoder.py first seen with mtime 1652795110.0
File C:\Users\admin\AppData\Local\Programs\Python\Python39\Lib\html\parser.py first seen with mtime 1652795110.0
File C:\Users\admin\AppData\Local\Programs\Python\Python39\Lib\_markupbase.py first seen with mtime 1652795110.0
File C:\Users\admin\AppData\Local\Programs\Python\Python39\Lib\email\errors.py first seen with mtime 1652795110.0
File D:\BaseDjango\MuzeyProject\.venv\Lib\site-packages\django\conf\global_settings.py first seen with mtime 1733464568.4152143
File D:\BaseDjango\MuzeyProject\.venv\Lib\site-packages\django\db\models\functions\mixins.py first seen with mtime 1733464571.560819
File D:\BaseDjango\MuzeyProject\.venv\Lib\site-packages\PIL\ImageColor.py first seen with mtime 1733465806.9434142
File C:\Users\admin\AppData\Local\Programs\Python\Python39\Lib\email\policy.py first seen with mtime 1652795110.0
File D:\BaseDjango\MuzeyProject\.venv\Lib\site-packages\django\db\models\functions\window.py first seen with mtime 1733464571.5658183
File C:\Users\admin\AppData\Local\Programs\Python\Python39\Lib\ctypes\__init__.py first seen with mtime 1652795110.0
File D:\BaseDjango\MuzeyProject\.venv\Lib\site-packages\django\urls\exceptions.py first seen with mtime 1733464571.7451646
File C:\Users\admin\AppData\Local\Programs\Python\Python39\Lib\ast.py first seen with mtime 1652795110.0
File D:\BaseDjango\MuzeyProject\.venv\Lib\site-packages\django\contrib\staticfiles\checks.py first seen with mtime 1733464571.310219
File D:\BaseDjango\MuzeyProject\.venv\Lib\site-packages\django\core\paginator.py first seen with mtime 1733464571.3262625
File D:\BaseDjango\MuzeyProject\.venv\Lib\site-packages\django\contrib\admin\checks.py first seen with mtime 1733464568.6532667
File D:\BaseDjango\MuzeyProject\.venv\Lib\site-packages\django\template\loader.py first seen with mtime 1733464571.7251048
File D:\BaseDjango\MuzeyProject\.venv\Lib\site-packages\django\db\backends\__init__.py first seen with mtime 1733464571.4745731
File C:\Users\admin\AppData\Local\Programs\Python\Python39\Lib\urllib\parse.py first seen with mtime 1652795112.0
File C:\Users\admin\AppData\Local\Programs\Python\Python39\Lib\http\cookies.py first seen with mtime 1652795110.0
File D:\BaseDjango\MuzeyProject\MuzeyServer\GamesList\__init__.py first seen with mtime 1733464820.7313454
File D:\BaseDjango\MuzeyProject\.venv\Lib\site-packages\django\contrib\contenttypes\forms.py first seen with mtime 1733464569.4004328
File D:\BaseDjango\MuzeyProject\.venv\Lib\site-packages\django\db\models\sql\datastructures.py first seen with mtime 1733464571.5688398
File D:\BaseDjango\MuzeyProject\.venv\Lib\site-packages\django\db\models\fields\related_descriptors.py first seen with mtime 1733464571.5567992
File C:\Users\admin\AppData\Local\Programs\Python\Python39\Lib\asyncio\trsock.py first seen with mtime 1652795110.0
File D:\BaseDjango\MuzeyProject\.venv\Lib\site-packages\django\views\decorators\csrf.py first seen with mtime 1733464571.781283
File D:\BaseDjango\MuzeyProject\.venv\Lib\site-packages\asgiref\current_thread_executor.py first seen with mtime 1733464568.252178
File C:\Users\admin\AppData\Local\Programs\Python\Python39\Lib\urllib\error.py first seen with mtime 1652795112.0
File C:\Users\admin\AppData\Local\Programs\Python\Python39\Lib\keyword.py first seen with mtime 1652795110.0
File D:\BaseDjango\MuzeyProject\.venv\Lib\site-packages\django\core\wsgi.py first seen with mtime 1733464571.3342824
File D:\BaseDjango\MuzeyProject\.venv\Lib\site-packages\django\core\serializers\python.py first seen with mtime 1733464571.4695525
File D:\BaseDjango\MuzeyProject\.venv\Lib\site-packages\django\utils\deconstruct.py first seen with mtime 1733464571.755183
File D:\BaseDjango\MuzeyProject\.venv\Lib\site-packages\sqlparse\filters\output.py first seen with mtime 1733464568.1281497
File D:\BaseDjango\MuzeyProject\.venv\Lib\site-packages\django\utils\duration.py first seen with mtime 1733464571.7572038
File D:\BaseDjango\MuzeyProject\.venv\Lib\site-packages\django\views\decorators\common.py first seen with mtime 1733464571.781283
File D:\BaseDjango\MuzeyProject\.venv\Lib\site-packages\django\contrib\auth\apps.py first seen with mtime 1733464569.235396
File C:\Users\admin\AppData\Local\Programs\Python\Python39\Lib\stat.py first seen with mtime 1652795110.0
File D:\BaseDjango\MuzeyProject\.venv\Lib\site-packages\django\db\models\fields\related_lookups.py first seen with mtime 1733464571.5578
File C:\Users\admin\AppData\Local\Programs\Python\Python39\Lib\urllib\request.py first seen with mtime 1652795112.0
File D:\BaseDjango\MuzeyProject\MuzeyServer\SearchMenu\admin.py first seen with mtime 1733464938.6552207
File D:\BaseDjango\MuzeyProject\.venv\Lib\site-packages\django\utils\connection.py first seen with mtime 1733464571.751184
File D:\BaseDjango\MuzeyProject\.venv\Lib\site-packages\django\template\autoreload.py first seen with mtime 1733464571.7190845
File D:\BaseDjango\MuzeyProject\.venv\Lib\site-packages\django\db\models\signals.py first seen with mtime 1733464571.5427656
File C:\Users\admin\AppData\Local\Programs\Python\Python39\Lib\multiprocessing\__init__.py first seen with mtime 1652795110.0
File D:\BaseDjango\MuzeyProject\.venv\Lib\site-packages\django\db\backends\sqlite3\_functions.py first seen with mtime 1733464571.5096555
File D:\BaseDjango\MuzeyProject\.venv\Lib\site-packages\django\forms\__init__.py first seen with mtime 1733464571.57386
File C:\Users\admin\AppData\Local\Programs\Python\Python39\Lib\asyncio\tasks.py first seen with mtime 1652795110.0
File D:\BaseDjango\MuzeyProject\.venv\Lib\site-packages\django\template\loaders\app_directories.py first seen with mtime 1733464571.7311242
File D:\BaseDjango\MuzeyProject\.venv\Lib\site-packages\django\middleware\cache.py first seen with mtime 1733464571.7130628
File D:\BaseDjango\MuzeyProject\.venv\Lib\site-packages\django\db\models\functions\__init__.py first seen with mtime 1733464571.5588002
File C:\Users\admin\AppData\Local\Programs\Python\Python39\DLLs\_sqlite3.pyd first seen with mtime 1652795162.0
File D:\BaseDjango\MuzeyProject\.venv\Lib\site-packages\django\forms\boundfield.py first seen with mtime 1733464571.57386
File C:\Users\admin\AppData\Local\Programs\Python\Python39\Lib\fractions.py first seen with mtime 1652795110.0
File D:\BaseDjango\MuzeyProject\.venv\Lib\site-packages\django\db\models\options.py first seen with mtime 1733464571.5407434
File D:\BaseDjango\MuzeyProject\MuzeyServer\send_email\views.py first seen with mtime 1742412420.7548673
File C:\Users\admin\AppData\Local\Programs\Python\Python39\Lib\opcode.py first seen with mtime 1652795110.0
File D:\BaseDjango\MuzeyProject\.venv\Lib\site-packages\django\db\models\fields\reverse_related.py first seen with mtime 1733464571.5578
File C:\Users\admin\AppData\Local\Programs\Python\Python39\Lib\codecs.py first seen with mtime 1652795110.0
File D:\BaseDjango\MuzeyProject\.venv\Lib\site-packages\django\http\__init__.py first seen with mtime 1733464571.7100637
File C:\Users\admin\AppData\Local\Programs\Python\Python39\Lib\statistics.py first seen with mtime 1652795110.0
File C:\Users\admin\AppData\Local\Programs\Python\Python39\Lib\inspect.py first seen with mtime 1652795110.0
File D:\BaseDjango\MuzeyProject\.venv\Lib\site-packages\django\contrib\admin\templatetags\base.py first seen with mtime 1733464569.086363
File C:\Users\admin\AppData\Local\Programs\Python\Python39\Lib\bisect.py first seen with mtime 1652795110.0
File D:\BaseDjango\MuzeyProject\.venv\Lib\site-packages\django\utils\_os.py first seen with mtime 1733464571.7471642
File D:\BaseDjango\MuzeyProject\MuzeyServer\SearchMenu\__init__.py first seen with mtime 1733464938.664223
File D:\BaseDjango\MuzeyProject\.venv\Lib\site-packages\django\db\models\base.py first seen with mtime 1733464571.5317433
File D:\BaseDjango\MuzeyProject\.venv\Lib\site-packages\PIL\_deprecate.py first seen with mtime 1733465806.979422
File D:\BaseDjango\MuzeyProject\MuzeyServer\Base\models.py first seen with mtime 1742134843.2951288
File D:\BaseDjango\MuzeyProject\.venv\Lib\site-packages\django\contrib\contenttypes\fields.py first seen with mtime 1733464569.3994327
File C:\Users\admin\AppData\Local\Programs\Python\Python39\Lib\types.py first seen with mtime 1652795112.0
File D:\BaseDjango\MuzeyProject\.venv\Lib\site-packages\sqlparse\utils.py first seen with mtime 1733464568.1241488
File D:\BaseDjango\MuzeyProject\.venv\Lib\site-packages\django\contrib\admin\templatetags\admin_urls.py first seen with mtime 1733464569.0853627
File C:\Users\admin\AppData\Local\Programs\Python\Python39\Lib\sysconfig.py first seen with mtime 1652795110.0
File D:\BaseDjango\MuzeyProject\.venv\Lib\site-packages\django\contrib\sessions\__init__.py first seen with mtime 1733464570.9933245
File C:\Users\admin\AppData\Local\Programs\Python\Python39\Lib\email\mime\message.py first seen with mtime 1652795110.0
File C:\Users\admin\AppData\Local\Programs\Python\Python39\Lib\email\_header_value_parser.py first seen with mtime 1652795110.0
File D:\BaseDjango\MuzeyProject\.venv\Lib\site-packages\django\core\mail\utils.py first seen with mtime 1733464571.386381
File D:\BaseDjango\MuzeyProject\.venv\Lib\site-packages\django\db\models\fields\__init__.py first seen with mtime 1733464571.5437646
File D:\BaseDjango\MuzeyProject\.venv\Lib\site-packages\django\contrib\messages\utils.py first seen with mtime 1733464570.724473
File D:\BaseDjango\MuzeyProject\.venv\Lib\site-packages\django\utils\cache.py first seen with mtime 1733464571.751184
File D:\BaseDjango\MuzeyProject\.venv\Lib\site-packages\sqlparse\lexer.py first seen with mtime 1733464568.122149
File C:\Users\admin\AppData\Local\Programs\Python\Python39\DLLs\_bz2.pyd first seen with mtime 1652795172.0
File C:\Users\admin\AppData\Local\Programs\Python\Python39\Lib\json\__init__.py first seen with mtime 1652795110.0
File D:\BaseDjango\MuzeyProject\.venv\Lib\site-packages\django\contrib\auth\decorators.py first seen with mtime 1733464569.2383966
File D:\BaseDjango\MuzeyProject\.venv\Lib\site-packages\django\utils\dateparse.py first seen with mtime 1733464571.7541828
File D:\BaseDjango\MuzeyProject\.venv\Lib\site-packages\django\contrib\staticfiles\handlers.py first seen with mtime 1733464571.3112192
File D:\BaseDjango\MuzeyProject\.venv\Lib\site-packages\django\templatetags\l10n.py first seen with mtime 1733464571.7361436
File D:\BaseDjango\MuzeyProject\.venv\Lib\site-packages\django\utils\inspect.py first seen with mtime 1733464571.7622032
File C:\Users\admin\AppData\Local\Programs\Python\Python39\Lib\ipaddress.py first seen with mtime 1652795110.0
File C:\Users\admin\AppData\Local\Programs\Python\Python39\Lib\wsgiref\handlers.py first seen with mtime 1652795112.0
File D:\BaseDjango\MuzeyProject\MuzeyServer\SearchResult\apps.py first seen with mtime 1733465047.6724558
File C:\Users\admin\AppData\Local\Programs\Python\Python39\Lib\weakref.py first seen with mtime 1652795112.0
File D:\BaseDjango\MuzeyProject\MuzeyServer\Base\forms.py first seen with mtime 1738593210.2819538
File D:\BaseDjango\MuzeyProject\.venv\Lib\site-packages\django\contrib\messages\constants.py first seen with mtime 1733464570.7224536
File C:\Users\admin\AppData\Local\Programs\Python\Python39\Lib\email\mime\multipart.py first seen with mtime 1652795110.0
File D:\BaseDjango\MuzeyProject\.venv\Lib\site-packages\django\utils\ipv6.py first seen with mtime 1733464571.7622032
File D:\BaseDjango\MuzeyProject\.venv\Lib\site-packages\django\utils\autoreload.py first seen with mtime 1733464571.7491639
File D:\BaseDjango\MuzeyProject\.venv\Lib\site-packages\django\db\models\constraints.py first seen with mtime 1733464571.5327415
File C:\Users\admin\AppData\Local\Programs\Python\Python39\Lib\token.py first seen with mtime 1652795112.0
File D:\BaseDjango\MuzeyProject\.venv\Lib\site-packages\django\utils\formats.py first seen with mtime 1733464571.7592025
File D:\BaseDjango\MuzeyProject\MuzeyServer\GamesList\views.py first seen with mtime 1742135042.3997183
File D:\BaseDjango\MuzeyProject\.venv\Lib\site-packages\django\contrib\auth\middleware.py first seen with mtime 1733464569.2403972
File D:\BaseDjango\MuzeyProject\.venv\Lib\site-packages\django\utils\regex_helper.py first seen with mtime 1733464571.7662218
File C:\Users\admin\AppData\Local\Programs\Python\Python39\Lib\http\server.py first seen with mtime 1652795110.0
File C:\Users\admin\AppData\Local\Programs\Python\Python39\Lib\getpass.py first seen with mtime 1652795110.0
File D:\BaseDjango\MuzeyProject\.venv\Lib\site-packages\PIL\_imaging.cp39-win_amd64.pyd first seen with mtime 1733465806.9884238
File D:\BaseDjango\MuzeyProject\.venv\Lib\site-packages\django\db\backends\utils.py first seen with mtime 1733464571.475572
File C:\Users\admin\AppData\Local\Programs\Python\Python39\Lib\genericpath.py first seen with mtime 1652795110.0
File C:\Users\admin\AppData\Local\Programs\Python\Python39\Lib\contextvars.py first seen with mtime 1652795110.0
File C:\Users\admin\AppData\Local\Programs\Python\Python39\Lib\_bootlocale.py first seen with mtime 1652795110.0
File D:\BaseDjango\MuzeyProject\.venv\Lib\site-packages\django\db\models\deletion.py first seen with mtime 1733464571.533742
File C:\Users\admin\AppData\Local\Programs\Python\Python39\Lib\base64.py first seen with mtime 1652795110.0
File C:\Users\admin\AppData\Local\Programs\Python\Python39\DLLs\_overlapped.pyd first seen with mtime 1652795162.0
File C:\Users\admin\AppData\Local\Programs\Python\Python39\Lib\re.py first seen with mtime 1652795110.0
File D:\BaseDjango\MuzeyProject\.venv\Lib\site-packages\PIL\ImageMode.py first seen with mtime 1733465806.949416
File C:\Users\admin\AppData\Local\Programs\Python\Python39\Lib\asyncio\locks.py first seen with mtime 1652795110.0
File D:\BaseDjango\MuzeyProject\.venv\Lib\site-packages\django\core\files\storage\filesystem.py first seen with mtime 1733464571.3803613
File D:\BaseDjango\MuzeyProject\.venv\Lib\site-packages\django\db\migrations\operations\models.py first seen with mtime 1733464571.5287201
File C:\Users\admin\AppData\Local\Programs\Python\Python39\Lib\quopri.py first seen with mtime 1652795110.0
File C:\Users\admin\AppData\Local\Programs\Python\Python39\Lib\http\__init__.py first seen with mtime 1652795110.0
File D:\BaseDjango\MuzeyProject\.venv\Lib\site-packages\django\contrib\auth\tokens.py first seen with mtime 1733464569.2433977
File D:\BaseDjango\MuzeyProject\.venv\Lib\site-packages\django\utils\text.py first seen with mtime 1733464571.768222
File C:\Users\admin\AppData\Local\Programs\Python\Python39\Lib\asyncio\selector_events.py first seen with mtime 1652795110.0
File D:\BaseDjango\MuzeyProject\.venv\Lib\site-packages\django\contrib\admin\actions.py first seen with mtime 1733464568.651266
File C:\Users\admin\AppData\Local\Programs\Python\Python39\Lib\io.py first seen with mtime 1652795110.0
File D:\BaseDjango\MuzeyProject\.venv\Lib\site-packages\django\http\cookie.py first seen with mtime 1733464571.7110627
File D:\BaseDjango\MuzeyProject\.venv\Lib\site-packages\django\core\checks\messages.py first seen with mtime 1733464571.3473194
File C:\Users\admin\AppData\Local\Programs\Python\Python39\Lib\socket.py first seen with mtime 1652795110.0
File D:\BaseDjango\MuzeyProject\.venv\Lib\site-packages\sqlparse\filters\__init__.py first seen with mtime 1733464568.1271496
File D:\BaseDjango\MuzeyProject\.venv\Lib\site-packages\django\core\management\commands\runserver.py first seen with mtime 1733464571.4595292
File D:\BaseDjango\MuzeyProject\.venv\Lib\site-packages\django\forms\utils.py first seen with mtime 1733464571.5788605
File C:\Users\admin\AppData\Local\Programs\Python\Python39\Lib\asyncio\sslproto.py first seen with mtime 1652795110.0
File C:\Users\admin\AppData\Local\Programs\Python\Python39\Lib\zoneinfo\__init__.py first seen with mtime 1652795112.0
File D:\BaseDjango\MuzeyProject\.venv\Lib\site-packages\django\utils\version.py first seen with mtime 1733464571.7712417
File D:\BaseDjango\MuzeyProject\.venv\Lib\site-packages\django\forms\formsets.py first seen with mtime 1733464571.57586
File D:\BaseDjango\MuzeyProject\.venv\Lib\site-packages\django\template\engine.py first seen with mtime 1733464571.7231042
File D:\BaseDjango\MuzeyProject\.venv\Lib\site-packages\sqlparse\sql.py first seen with mtime 1733464568.1231487
File D:\BaseDjango\MuzeyProject\.venv\Lib\site-packages\django\contrib\admin\templatetags\log.py first seen with mtime 1733464569.086363
File D:\BaseDjango\MuzeyProject\.venv\Lib\site-packages\django\db\backends\sqlite3\features.py first seen with mtime 1733464571.5126562
File D:\BaseDjango\MuzeyProject\.venv\Lib\site-packages\django\contrib\staticfiles\__init__.py first seen with mtime 1733464571.3092191
File D:\BaseDjango\MuzeyProject\MuzeyServer\SearchMenu\views.py first seen with mtime 1739203012.594634
File D:\BaseDjango\MuzeyProject\.venv\Lib\site-packages\django\db\backends\base\operations.py first seen with mtime 1733464571.4805734
File D:\BaseDjango\MuzeyProject\.venv\Lib\site-packages\django\contrib\staticfiles\finders.py first seen with mtime 1733464571.310219
File C:\Users\admin\AppData\Local\Programs\Python\Python39\Lib\asyncio\log.py first seen with mtime 1652795110.0
File C:\Users\admin\AppData\Local\Programs\Python\Python39\Lib\wsgiref\__init__.py first seen with mtime 1652795112.0
File C:\Users\admin\AppData\Local\Programs\Python\Python39\Lib\pickle.py first seen with mtime 1652795110.0
File D:\BaseDjango\MuzeyProject\.venv\Lib\site-packages\django\db\models\manager.py first seen with mtime 1733464571.5397432
File C:\Users\admin\AppData\Local\Programs\Python\Python39\Lib\hashlib.py first seen with mtime 1652795110.0
File D:\BaseDjango\MuzeyProject\.venv\Lib\site-packages\django\contrib\admin\exceptions.py first seen with mtime 1733464568.6542668
File C:\Users\admin\AppData\Local\Programs\Python\Python39\Lib\glob.py first seen with mtime 1652795110.0
File D:\BaseDjango\MuzeyProject\.venv\Lib\site-packages\django\views\generic\dates.py first seen with mtime 1733464571.785282
File D:\BaseDjango\MuzeyProject\.venv\Lib\site-packages\django\db\backends\base\base.py first seen with mtime 1733464571.477572
File C:\Users\admin\AppData\Local\Programs\Python\Python39\Lib\concurrent\futures\thread.py first seen with mtime 1652795110.0
File D:\BaseDjango\MuzeyProject\.venv\Lib\site-packages\PIL\_version.py first seen with mtime 1733465807.006428
File C:\Users\admin\AppData\Local\Programs\Python\Python39\Lib\asyncio\staggered.py first seen with mtime 1652795110.0
File C:\Users\admin\AppData\Local\Programs\Python\Python39\Lib\email\parser.py first seen with mtime 1652795110.0
File C:\Users\admin\AppData\Local\Programs\Python\Python39\Lib\posixpath.py first seen with mtime 1652795110.0
File D:\BaseDjango\MuzeyProject\.venv\Lib\site-packages\django\db\models\functions\datetime.py first seen with mtime 1733464571.5598004
File D:\BaseDjango\MuzeyProject\.venv\Lib\site-packages\django\conf\locale\__init__.py first seen with mtime 1733464568.4222155
File D:\BaseDjango\MuzeyProject\.venv\Lib\site-packages\django\core\checks\security\base.py first seen with mtime 1733464571.3643432
File D:\BaseDjango\MuzeyProject\.venv\Lib\site-packages\django\contrib\contenttypes\checks.py first seen with mtime 1733464569.3994327
File D:\BaseDjango\MuzeyProject\.venv\Lib\site-packages\django\contrib\messages\storage\base.py first seen with mtime 1733464570.726472
File D:\BaseDjango\MuzeyProject\.venv\Lib\site-packages\django\contrib\sites\requests.py first seen with mtime 1733464571.1517773
File C:\Users\admin\AppData\Local\Programs\Python\Python39\Lib\concurrent\__init__.py first seen with mtime 1652795110.0
File D:\BaseDjango\MuzeyProject\.venv\Lib\site-packages\django\db\models\query_utils.py first seen with mtime 1733464571.5417435
File D:\BaseDjango\MuzeyProject\.venv\Lib\site-packages\django\db\models\sql\subqueries.py first seen with mtime 1733464571.5708406
File D:\BaseDjango\MuzeyProject\.venv\Lib\site-packages\django\core\checks\caches.py first seen with mtime 1733464571.3453188
File D:\BaseDjango\MuzeyProject\.venv\Lib\site-packages\django\utils\translation\__init__.py first seen with mtime 1733464571.772242
File D:\BaseDjango\MuzeyProject\.venv\Lib\site-packages\django\core\checks\registry.py first seen with mtime 1733464571.360322
File D:\BaseDjango\MuzeyProject\.venv\Lib\site-packages\django\core\files\move.py first seen with mtime 1733464571.3683424
File D:\BaseDjango\MuzeyProject\MuzeyServer\Base\__init__.py first seen with mtime 1733464812.04993
File D:\BaseDjango\MuzeyProject\.venv\Lib\site-packages\django\core\cache\backends\base.py first seen with mtime 1733464571.3373022
File D:\BaseDjango\MuzeyProject\.venv\Lib\site-packages\django\contrib\staticfiles\management\commands\__init__.py first seen with mtime 1733464571.3182206
File D:\BaseDjango\MuzeyProject\.venv\Lib\site-packages\django\core\files\storage\base.py first seen with mtime 1733464571.379361
File D:\BaseDjango\MuzeyProject\.venv\Lib\site-packages\django\contrib\contenttypes\models.py first seen with mtime 1733464569.401433
File C:\Users\admin\AppData\Local\Programs\Python\Python39\Lib\concurrent\futures\_base.py first seen with mtime 1652795110.0
File D:\BaseDjango\MuzeyProject\.venv\Lib\site-packages\django\contrib\auth\backends.py first seen with mtime 1733464569.235396
File D:\BaseDjango\MuzeyProject\.venv\Lib\site-packages\django\http\response.py first seen with mtime 1733464571.7120624
File C:\Users\admin\AppData\Local\Programs\Python\Python39\Lib\asyncio\threads.py first seen with mtime 1652795110.0
File D:\BaseDjango\MuzeyProject\.venv\Lib\site-packages\sqlparse\cli.py first seen with mtime 1733464568.1191483
File C:\Users\admin\AppData\Local\Programs\Python\Python39\Lib\collections\abc.py first seen with mtime 1652795110.0
File D:\BaseDjango\MuzeyProject\.venv\Lib\site-packages\django\urls\converters.py first seen with mtime 1733464571.7451646
File D:\BaseDjango\MuzeyProject\.venv\Lib\site-packages\django\urls\__init__.py first seen with mtime 1733464571.743145
File D:\BaseDjango\MuzeyProject\.venv\Lib\site-packages\django\template\loader_tags.py first seen with mtime 1733464571.7251048
File D:\BaseDjango\MuzeyProject\.venv\Lib\site-packages\django\utils\tree.py first seen with mtime 1733464571.7702415
File D:\BaseDjango\MuzeyProject\.venv\Lib\site-packages\sqlparse\filters\aligned_indent.py first seen with mtime 1733464568.1271496
File D:\BaseDjango\MuzeyProject\.venv\Lib\site-packages\django\templatetags\cache.py first seen with mtime 1733464571.7351434
File D:\BaseDjango\MuzeyProject\.venv\Lib\site-packages\django\db\models\fields\json.py first seen with mtime 1733464571.5447645
File D:\BaseDjango\MuzeyProject\.venv\Lib\site-packages\django\template\defaultfilters.py first seen with mtime 1733464571.721085
File D:\BaseDjango\MuzeyProject\.venv\Lib\site-packages\django\views\generic\list.py first seen with mtime 1733464571.7873027
File D:\BaseDjango\MuzeyProject\.venv\Lib\site-packages\django\template\__init__.py first seen with mtime 1733464571.7180846
File D:\BaseDjango\MuzeyProject\.venv\Lib\site-packages\django\contrib\auth\hashers.py first seen with mtime 1733464569.2403972
File D:\BaseDjango\MuzeyProject\.venv\Lib\site-packages\django\template\loaders\__init__.py first seen with mtime 1733464571.7311242
File D:\BaseDjango\MuzeyProject\.venv\Lib\site-packages\django\template\exceptions.py first seen with mtime 1733464571.7231042
File D:\BaseDjango\MuzeyProject\.venv\Lib\site-packages\asgiref\local.py first seen with mtime 1733464568.2531781
File D:\BaseDjango\MuzeyProject\.venv\Lib\site-packages\django\utils\termcolors.py first seen with mtime 1733464571.7672222
File D:\BaseDjango\MuzeyProject\.venv\Lib\site-packages\django\db\backends\base\client.py first seen with mtime 1733464571.477572
File D:\BaseDjango\MuzeyProject\.venv\Lib\site-packages\django\db\migrations\__init__.py first seen with mtime 1733464571.5156775
File C:\Users\admin\AppData\Local\Programs\Python\Python39\Lib\signal.py first seen with mtime 1652795110.0
File C:\Users\admin\AppData\Local\Programs\Python\Python39\Lib\locale.py first seen with mtime 1652795110.0
File D:\BaseDjango\MuzeyProject\MuzeyServer\MuzeyServer\__init__.py first seen with mtime 1733464675.8648503
File D:\BaseDjango\MuzeyProject\.venv\Lib\site-packages\django\contrib\staticfiles\views.py first seen with mtime 1733464571.3172204
File C:\Users\admin\AppData\Local\Programs\Python\Python39\Lib\concurrent\futures\__init__.py first seen with mtime 1652795110.0
File D:\BaseDjango\MuzeyProject\.venv\Lib\site-packages\django\contrib\admin\models.py first seen with mtime 1733464568.6562672
File D:\BaseDjango\MuzeyProject\.venv\Lib\site-packages\django\db\migrations\exceptions.py first seen with mtime 1733464571.5166779
File C:\Users\admin\AppData\Local\Programs\Python\Python39\Lib\html\__init__.py first seen with mtime 1652795110.0
File C:\Users\admin\AppData\Local\Programs\Python\Python39\Lib\wsgiref\util.py first seen with mtime 1652795112.0
File D:\BaseDjango\MuzeyProject\.venv\Lib\site-packages\django\middleware\__init__.py first seen with mtime 1733464571.7130628
File D:\BaseDjango\MuzeyProject\.venv\Lib\site-packages\django\core\handlers\exception.py first seen with mtime 1733464571.3843806
File D:\BaseDjango\MuzeyProject\.venv\Lib\site-packages\asgiref\__init__.py first seen with mtime 1733464568.2511775
File D:\BaseDjango\MuzeyProject\.venv\Lib\site-packages\django\utils\html.py first seen with mtime 1733464571.7602026
File D:\BaseDjango\MuzeyProject\.venv\Lib\site-packages\django\templatetags\static.py first seen with mtime 1733464571.7361436
File D:\BaseDjango\MuzeyProject\.venv\Lib\site-packages\django\utils\translation\trans_real.py first seen with mtime 1733464571.7752633
File D:\BaseDjango\MuzeyProject\.venv\Lib\site-packages\django\contrib\staticfiles\utils.py first seen with mtime 1733464571.3162203
File C:\Users\admin\AppData\Local\Programs\Python\Python39\Lib\email\message.py first seen with mtime 1652795110.0
File C:\Users\admin\AppData\Local\Programs\Python\Python39\Lib\email\_policybase.py first seen with mtime 1652795110.0
File D:\BaseDjango\MuzeyProject\.venv\Lib\site-packages\django\core\checks\async_checks.py first seen with mtime 1733464571.3453188
File D:\BaseDjango\MuzeyProject\.venv\Lib\site-packages\django\core\management\__init__.py first seen with mtime 1733464571.3964193
File C:\Users\admin\AppData\Local\Programs\Python\Python39\Lib\difflib.py first seen with mtime 1652795110.0
File D:\BaseDjango\MuzeyProject\.venv\Lib\site-packages\django\db\migrations\operations\__init__.py first seen with mtime 1733464571.5267198
File D:\BaseDjango\MuzeyProject\.venv\Lib\site-packages\django\utils\crypto.py first seen with mtime 1733464571.7521827
File D:\BaseDjango\MuzeyProject\.venv\Lib\site-packages\django\views\debug.py first seen with mtime 1733464571.7772622
File C:\Users\admin\AppData\Local\Programs\Python\Python39\Lib\tempfile.py first seen with mtime 1652795110.0
File D:\BaseDjango\MuzeyProject\.venv\Lib\site-packages\django\middleware\security.py first seen with mtime 1733464571.7180846
File D:\BaseDjango\MuzeyProject\.venv\Lib\site-packages\django\utils\log.py first seen with mtime 1733464571.7642217
File C:\Users\admin\AppData\Local\Programs\Python\Python39\Lib\struct.py first seen with mtime 1652795110.0
File C:\Users\admin\AppData\Local\Programs\Python\Python39\Lib\nturl2path.py first seen with mtime 1652795110.0
File D:\BaseDjango\MuzeyProject\.venv\Lib\site-packages\django\contrib\sites\shortcuts.py first seen with mtime 1733464571.1527772
File C:\Users\admin\AppData\Local\Programs\Python\Python39\DLLs\_queue.pyd first seen with mtime 1652795162.0
File C:\Users\admin\AppData\Local\Programs\Python\Python39\Lib\email\generator.py first seen with mtime 1652795110.0
File D:\BaseDjango\MuzeyProject\.venv\Lib\site-packages\django\http\request.py first seen with mtime 1733464571.7120624
File D:\BaseDjango\MuzeyProject\.venv\Lib\site-packages\django\core\files\storage\handler.py first seen with mtime 1733464571.3803613
File D:\BaseDjango\MuzeyProject\.venv\Lib\site-packages\django\core\signals.py first seen with mtime 1733464571.3272624
File D:\BaseDjango\MuzeyProject\.venv\Lib\site-packages\django\contrib\auth\checks.py first seen with mtime 1733464569.2363963
File D:\BaseDjango\MuzeyProject\.venv\Lib\site-packages\django\views\generic\base.py first seen with mtime 1733464571.785282
File D:\BaseDjango\MuzeyProject\.venv\Lib\site-packages\django\forms\renderers.py first seen with mtime 1733464571.577861
File D:\BaseDjango\MuzeyProject\.venv\Lib\site-packages\django\core\checks\__init__.py first seen with mtime 1733464571.3443189
File D:\BaseDjango\MuzeyProject\.venv\Lib\site-packages\django\contrib\auth\password_validation.py first seen with mtime 1733464569.2423975
File D:\BaseDjango\MuzeyProject\.venv\Lib\site-packages\django\http\multipartparser.py first seen with mtime 1733464571.7110627
File C:\Users\admin\AppData\Local\Programs\Python\Python39\Lib\ctypes\wintypes.py first seen with mtime 1652795110.0
File D:\BaseDjango\MuzeyProject\.venv\Lib\site-packages\django\db\backends\sqlite3\creation.py first seen with mtime 1733464571.511656
File D:\BaseDjango\MuzeyProject\.venv\Lib\site-packages\django\utils\lorem_ipsum.py first seen with mtime 1733464571.7652216
File C:\Users\admin\AppData\Local\Programs\Python\Python39\Lib\tokenize.py first seen with mtime 1652795112.0
File D:\BaseDjango\MuzeyProject\.venv\Lib\site-packages\django\core\servers\__init__.py first seen with mtime 1733464571.4715526
File D:\BaseDjango\MuzeyProject\.venv\Lib\site-packages\django\db\models\sql\constants.py first seen with mtime 1733464571.5688398
File D:\BaseDjango\MuzeyProject\.venv\Lib\site-packages\django\db\models\constants.py first seen with mtime 1733464571.5317433
File D:\BaseDjango\MuzeyProject\.venv\Lib\site-packages\django\contrib\messages\apps.py first seen with mtime 1733464570.7224536
File D:\BaseDjango\MuzeyProject\.venv\Lib\site-packages\django\contrib\auth\signals.py first seen with mtime 1733464569.2423975
File C:\Users\admin\AppData\Local\Programs\Python\Python39\DLLs\_uuid.pyd first seen with mtime 1652795162.0
File C:\Users\admin\AppData\Local\Programs\Python\Python39\Lib\encodings\cp1251.py first seen with mtime 1652795110.0
File D:\BaseDjango\MuzeyProject\.venv\Lib\site-packages\django\contrib\auth\models.py first seen with mtime 1733464569.2413974
File D:\BaseDjango\MuzeyProject\.venv\Lib\site-packages\django\db\__init__.py first seen with mtime 1733464571.4725528
File D:\BaseDjango\MuzeyProject\MuzeyServer\Base\views.py first seen with mtime 1742129107.892427
File D:\BaseDjango\MuzeyProject\.venv\Lib\site-packages\django\contrib\admin\widgets.py first seen with mtime 1733464568.6602683
File C:\Users\admin\AppData\Local\Programs\Python\Python39\Lib\zoneinfo\_tzpath.py first seen with mtime 1652795112.0
File D:\BaseDjango\MuzeyProject\.venv\Lib\site-packages\django\template\backends\__init__.py first seen with mtime 1733464571.7271051
File C:\Users\admin\AppData\Local\Programs\Python\Python39\Lib\heapq.py first seen with mtime 1652795110.0
File D:\BaseDjango\MuzeyProject\.venv\Lib\site-packages\django\template\loaders\filesystem.py first seen with mtime 1733464571.7331245
File D:\BaseDjango\MuzeyProject\.venv\Lib\site-packages\django\utils\dates.py first seen with mtime 1733464571.7541828
File D:\BaseDjango\MuzeyProject\.venv\Lib\site-packages\django\core\files\storage\memory.py first seen with mtime 1733464571.3813818
File D:\BaseDjango\MuzeyProject\.venv\Lib\site-packages\django\db\models\lookups.py first seen with mtime 1733464571.538743
File D:\BaseDjango\MuzeyProject\.venv\Lib\site-packages\django\utils\encoding.py first seen with mtime 1733464571.7582026
File D:\BaseDjango\MuzeyProject\.venv\Lib\site-packages\django\core\handlers\asgi.py first seen with mtime 1733464571.3833804
File D:\BaseDjango\MuzeyProject\.venv\Lib\site-packages\django\core\files\images.py first seen with mtime 1733464571.367342
File D:\BaseDjango\MuzeyProject\.venv\Lib\site-packages\PIL\_typing.py first seen with mtime 1733465807.0044277
File C:\Users\admin\AppData\Local\Programs\Python\Python39\Lib\email\contentmanager.py first seen with mtime 1652795110.0
File D:\BaseDjango\MuzeyProject\.venv\Lib\site-packages\django\core\files\__init__.py first seen with mtime 1733464571.3663418
File C:\Users\admin\AppData\Local\Programs\Python\Python39\Lib\html\entities.py first seen with mtime 1652795110.0
File D:\BaseDjango\MuzeyProject\.venv\Lib\site-packages\django\contrib\auth\forms.py first seen with mtime 1733464569.239397
File C:\Users\admin\AppData\Local\Programs\Python\Python39\Lib\platform.py first seen with mtime 1652795110.0
File D:\BaseDjango\MuzeyProject\.venv\Lib\site-packages\django\utils\http.py first seen with mtime 1733464571.7612028
File C:\Users\admin\AppData\Local\Programs\Python\Python39\Lib\traceback.py first seen with mtime 1652795112.0
File D:\BaseDjango\MuzeyProject\.venv\Lib\site-packages\django\core\signing.py first seen with mtime 1733464571.3272624
File D:\BaseDjango\MuzeyProject\MuzeyServer\GamesList\apps.py first seen with mtime 1733464820.7283447
File C:\Users\admin\AppData\Local\Programs\Python\Python39\Lib\encodings\aliases.py first seen with mtime 1652795110.0
File D:\BaseDjango\MuzeyProject\.venv\Lib\site-packages\django\urls\utils.py first seen with mtime 1733464571.7461636
File C:\Users\admin\AppData\Local\Programs\Python\Python39\Lib\fnmatch.py first seen with mtime 1652795110.0
File D:\BaseDjango\MuzeyProject\.venv\Lib\site-packages\django\utils\functional.py first seen with mtime 1733464571.7592025
File C:\Users\admin\AppData\Local\Programs\Python\Python39\Lib\asyncio\coroutines.py first seen with mtime 1652795110.0
File D:\BaseDjango\MuzeyProject\.venv\Lib\site-packages\PIL\features.py first seen with mtime 1733465807.0094292
File C:\Users\admin\AppData\Local\Programs\Python\Python39\Lib\asyncio\futures.py first seen with mtime 1652795110.0
File D:\BaseDjango\MuzeyProject\.venv\Lib\site-packages\django\template\utils.py first seen with mtime 1733464571.7271051
File D:\BaseDjango\MuzeyProject\.venv\Lib\site-packages\django\urls\conf.py first seen with mtime 1733464571.7441454
File C:\Users\admin\AppData\Local\Programs\Python\Python39\Lib\ctypes\_endian.py first seen with mtime 1652795110.0
File D:\BaseDjango\MuzeyProject\.venv\Lib\site-packages\django\views\csrf.py first seen with mtime 1733464571.7762623
File D:\BaseDjango\MuzeyProject\MuzeyServer\MuzeyServer\settings.py first seen with mtime 1742412761.5308957
File D:\BaseDjango\MuzeyProject\.venv\Lib\site-packages\django\views\decorators\cache.py first seen with mtime 1733464571.7802627
File C:\Users\admin\AppData\Local\Programs\Python\Python39\DLLs\_asyncio.pyd first seen with mtime 1652795162.0
File C:\Users\admin\AppData\Local\Programs\Python\Python39\Lib\asyncio\streams.py first seen with mtime 1652795110.0
File D:\BaseDjango\MuzeyProject\.venv\Lib\site-packages\django\db\migrations\utils.py first seen with mtime 1733464571.5257215
File D:\BaseDjango\MuzeyProject\.venv\Lib\site-packages\django\contrib\contenttypes\__init__.py first seen with mtime 1733464569.397432
File C:\Users\admin\AppData\Local\Programs\Python\Python39\Lib\http\client.py first seen with mtime 1652795110.0
File C:\Users\admin\AppData\Local\Programs\Python\Python39\DLLs\unicodedata.pyd first seen with mtime 1652795164.0
File D:\BaseDjango\MuzeyProject\.venv\Lib\site-packages\django\core\servers\basehttp.py first seen with mtime 1733464571.4715526
File D:\BaseDjango\MuzeyProject\.venv\Lib\site-packages\django\core\checks\compatibility\__init__.py first seen with mtime 1733464571.3623226
File D:\BaseDjango\MuzeyProject\MuzeyServer\SearchResult\models.py first seen with mtime 1742122438.618652
File D:\BaseDjango\MuzeyProject\.venv\Lib\site-packages\django\contrib\sessions\backends\__init__.py first seen with mtime 1733464570.997325
File D:\BaseDjango\MuzeyProject\.venv\Lib\site-packages\django\db\backends\signals.py first seen with mtime 1733464571.475572
File C:\Users\admin\AppData\Local\Programs\Python\Python39\Lib\copyreg.py first seen with mtime 1652795110.0
File D:\BaseDjango\MuzeyProject\.venv\Lib\site-packages\django\contrib\admin\filters.py first seen with mtime 1733464568.6552672
File D:\BaseDjango\MuzeyProject\.venv\Lib\site-packages\django\contrib\sites\__init__.py first seen with mtime 1733464571.1477766
File D:\BaseDjango\MuzeyProject\.venv\Lib\site-packages\django\template\context.py first seen with mtime 1733464571.7200851
File D:\BaseDjango\MuzeyProject\.venv\Lib\site-packages\django\apps\__init__.py first seen with mtime 1733464568.4132137
File C:\Users\admin\AppData\Local\Programs\Python\Python39\Lib\random.py first seen with mtime 1652795110.0
File D:\BaseDjango\MuzeyProject\.venv\Lib\site-packages\django\core\validators.py first seen with mtime 1733464571.3342824
File C:\Users\admin\AppData\Local\Programs\Python\Python39\Lib\_weakrefset.py first seen with mtime 1652795110.0
File D:\BaseDjango\MuzeyProject\.venv\Lib\site-packages\typing_extensions.py first seen with mtime 1733464568.0651357
File D:\BaseDjango\MuzeyProject\.venv\Lib\site-packages\django\core\checks\templates.py first seen with mtime 1733464571.3613224
File D:\BaseDjango\MuzeyProject\.venv\Lib\site-packages\django\db\models\functions\text.py first seen with mtime 1733464571.561818
File D:\BaseDjango\MuzeyProject\MuzeyServer\SearchMenu\apps.py first seen with mtime 1733464938.6622224
File C:\Users\admin\AppData\Local\Programs\Python\Python39\Lib\asyncio\base_subprocess.py first seen with mtime 1652795110.0
File D:\BaseDjango\MuzeyProject\.venv\Lib\site-packages\sqlparse\tokens.py first seen with mtime 1733464568.1231487
File D:\BaseDjango\MuzeyProject\.venv\Lib\site-packages\PIL\_binary.py first seen with mtime 1733465806.9784217
File D:\BaseDjango\MuzeyProject\.venv\Lib\site-packages\django\utils\itercompat.py first seen with mtime 1733464571.763223
File D:\BaseDjango\MuzeyProject\.venv\Lib\site-packages\django\core\files\uploadedfile.py first seen with mtime 1733464571.3773606
File C:\Users\admin\AppData\Local\Programs\Python\Python39\Lib\asyncio\windows_events.py first seen with mtime 1652795110.0
File D:\BaseDjango\MuzeyProject\.venv\Lib\site-packages\django\views\__init__.py first seen with mtime 1733464571.7752633
File D:\BaseDjango\MuzeyProject\.venv\Lib\site-packages\django\contrib\admin\__init__.py first seen with mtime 1733464568.651266
File C:\Users\admin\AppData\Local\Programs\Python\Python39\Lib\encodings\utf_8.py first seen with mtime 1652795110.0
File D:\BaseDjango\MuzeyProject\.venv\Lib\site-packages\django\template\loaders\base.py first seen with mtime 1733464571.7321243
File D:\BaseDjango\MuzeyProject\.venv\Lib\site-packages\django\apps\config.py first seen with mtime 1733464568.4132137
File D:\BaseDjango\MuzeyProject\.venv\Lib\site-packages\django\contrib\admin\helpers.py first seen with mtime 1733464568.6562672
File D:\BaseDjango\MuzeyProject\.venv\Lib\site-packages\django\core\cache\utils.py first seen with mtime 1733464571.3362825
File C:\Users\admin\AppData\Local\Programs\Python\Python39\Lib\decimal.py first seen with mtime 1652795110.0
File D:\BaseDjango\MuzeyProject\.venv\Lib\site-packages\django\contrib\sessions\apps.py first seen with mtime 1733464570.9943247
File C:\Users\admin\AppData\Local\Programs\Python\Python39\Lib\operator.py first seen with mtime 1652795110.0
File D:\BaseDjango\MuzeyProject\.venv\Lib\site-packages\django\conf\urls\__init__.py first seen with mtime 1733464568.6492655
File D:\BaseDjango\MuzeyProject\.venv\Lib\site-packages\django\contrib\auth\base_user.py first seen with mtime 1733464569.2363963
File D:\BaseDjango\MuzeyProject\.venv\Lib\site-packages\django\db\backends\sqlite3\schema.py first seen with mtime 1733464571.5146773
File C:\Users\admin\AppData\Local\Programs\Python\Python39\Lib\numbers.py first seen with mtime 1652795110.0
File C:\Users\admin\AppData\Local\Programs\Python\Python39\Lib\subprocess.py first seen with mtime 1652795110.0
File D:\BaseDjango\MuzeyProject\.venv\Lib\site-packages\django\contrib\auth\validators.py first seen with mtime 1733464569.2443984
File D:\BaseDjango\MuzeyProject\.venv\Lib\site-packages\django\contrib\admin\views\__init__.py first seen with mtime 1733464569.087363
File D:\BaseDjango\MuzeyProject\.venv\Lib\site-packages\django\utils\deprecation.py first seen with mtime 1733464571.7561831
File D:\BaseDjango\MuzeyProject\.venv\Lib\site-packages\sqlparse\engine\grouping.py first seen with mtime 1733464568.125149
File D:\BaseDjango\MuzeyProject\MuzeyServer\Base\admin.py first seen with mtime 1742129082.4737725
File D:\BaseDjango\MuzeyProject\.venv\Lib\site-packages\django\db\models\sql\__init__.py first seen with mtime 1733464571.5668416
File D:\BaseDjango\MuzeyProject\.venv\Lib\site-packages\django\db\utils.py first seen with mtime 1733464571.473553
File D:\BaseDjango\MuzeyProject\.venv\Lib\site-packages\django\contrib\admin\templatetags\__init__.py first seen with mtime 1733464569.083362
File D:\BaseDjango\MuzeyProject\.venv\Lib\site-packages\django\db\models\__init__.py first seen with mtime 1733464571.5297203
File C:\Users\admin\AppData\Local\Programs\Python\Python39\DLLs\_socket.pyd first seen with mtime 1652795162.0
File C:\Users\admin\AppData\Local\Programs\Python\Python39\Lib\datetime.py first seen with mtime 1652795110.0
File C:\Users\admin\AppData\Local\Programs\Python\Python39\Lib\encodings\latin_1.py first seen with mtime 1652795110.0
File D:\BaseDjango\MuzeyProject\.venv\Lib\site-packages\django\contrib\admin\sites.py first seen with mtime 1733464568.6582677
File C:\Users\admin\AppData\Local\Programs\Python\Python39\Lib\asyncio\exceptions.py first seen with mtime 1652795110.0
File D:\BaseDjango\MuzeyProject\.venv\Lib\site-packages\django\template\loaders\cached.py first seen with mtime 1733464571.7321243
File D:\BaseDjango\MuzeyProject\.venv\Lib\site-packages\django\core\files\temp.py first seen with mtime 1733464571.3693423
File C:\Users\admin\AppData\Local\Programs\Python\Python39\Lib\queue.py first seen with mtime 1652795110.0
File D:\BaseDjango\MuzeyProject\.venv\Lib\site-packages\django\db\models\fields\proxy.py first seen with mtime 1733464571.5457647
File D:\BaseDjango\MuzeyProject\.venv\Lib\site-packages\django\forms\forms.py first seen with mtime 1733464571.57586
File D:\BaseDjango\MuzeyProject\.venv\Lib\site-packages\django\core\files\utils.py first seen with mtime 1733464571.3783607
File C:\Users\admin\AppData\Local\Programs\Python\Python39\Lib\selectors.py first seen with mtime 1652795110.0
File D:\BaseDjango\MuzeyProject\.venv\Lib\site-packages\django\db\migrations\state.py first seen with mtime 1733464571.5246992
File D:\BaseDjango\MuzeyProject\.venv\Lib\site-packages\django\db\backends\base\features.py first seen with mtime 1733464571.4785724
File D:\BaseDjango\MuzeyProject\.venv\Lib\site-packages\django\db\models\fields\files.py first seen with mtime 1733464571.5447645
File D:\BaseDjango\MuzeyProject\.venv\Lib\site-packages\django\core\handlers\wsgi.py first seen with mtime 1733464571.3843806
File D:\BaseDjango\MuzeyProject\.venv\Lib\site-packages\PIL\__init__.py first seen with mtime 1733465806.9774215
File C:\Users\admin\AppData\Local\Programs\Python\Python39\DLLs\_zoneinfo.pyd first seen with mtime 1652795162.0
File D:\BaseDjango\MuzeyProject\.venv\Lib\site-packages\django\template\library.py first seen with mtime 1733464571.7241046
File D:\BaseDjango\MuzeyProject\.venv\Lib\site-packages\django\core\checks\translation.py first seen with mtime 1733464571.3613224
File C:\Users\admin\AppData\Local\Programs\Python\Python39\Lib\sre_parse.py first seen with mtime 1652795110.0
File D:\BaseDjango\MuzeyProject\.venv\Lib\site-packages\django\core\checks\database.py first seen with mtime 1733464571.346319
File D:\BaseDjango\MuzeyProject\.venv\Lib\site-packages\django\templatetags\__init__.py first seen with mtime 1733464571.734145
File D:\BaseDjango\MuzeyProject\.venv\Lib\site-packages\django\contrib\auth\__init__.py first seen with mtime 1733464569.2333956
File D:\BaseDjango\MuzeyProject\.venv\Lib\site-packages\django\middleware\csrf.py first seen with mtime 1733464571.715063
File C:\Users\admin\AppData\Local\Programs\Python\Python39\Lib\_sitebuiltins.py first seen with mtime 1652795110.0
File D:\BaseDjango\MuzeyProject\.venv\Lib\site-packages\django\db\backends\ddl_references.py first seen with mtime 1733464571.4745731
File D:\BaseDjango\MuzeyProject\.venv\Lib\site-packages\django\utils\module_loading.py first seen with mtime 1733464571.7652216
File D:\BaseDjango\MuzeyProject\.venv\Lib\site-packages\django\contrib\contenttypes\views.py first seen with mtime 1733464569.401433
File C:\Users\admin\AppData\Local\Programs\Python\Python39\Lib\email\__init__.py first seen with mtime 1652795110.0
File C:\Users\admin\AppData\Local\Programs\Python\Python39\Lib\lzma.py first seen with mtime 1652795110.0
File D:\BaseDjango\MuzeyProject\.venv\Lib\site-packages\django\contrib\contenttypes\management\__init__.py first seen with mtime 1733464569.535463
File D:\BaseDjango\MuzeyProject\.venv\Lib\site-packages\django\db\migrations\operations\special.py first seen with mtime 1733464571.5297203
File D:\BaseDjango\MuzeyProject\.venv\Lib\site-packages\django\core\checks\security\sessions.py first seen with mtime 1733464571.365342
File D:\BaseDjango\MuzeyProject\.venv\Lib\site-packages\_distutils_hack\__init__.py first seen with mtime 1733464432.163577
File D:\BaseDjango\MuzeyProject\.venv\Lib\site-packages\django\contrib\sessions\middleware.py first seen with mtime 1733464570.996325
File D:\BaseDjango\MuzeyProject\.venv\Lib\site-packages\django\core\files\uploadhandler.py first seen with mtime 1733464571.3773606
File C:\Users\admin\AppData\Local\Programs\Python\Python39\Lib\logging\handlers.py first seen with mtime 1652795110.0
File D:\BaseDjango\MuzeyProject\.venv\Lib\site-packages\django\core\files\base.py first seen with mtime 1733464571.3663418
File C:\Users\admin\AppData\Local\Programs\Python\Python39\Lib\importlib\__init__.py first seen with mtime 1652795110.0
File C:\Users\admin\AppData\Local\Programs\Python\Python39\Lib\calendar.py first seen with mtime 1652795110.0
File D:\BaseDjango\MuzeyProject\.venv\Lib\site-packages\django\contrib\staticfiles\apps.py first seen with mtime 1733464571.3092191
File D:\BaseDjango\MuzeyProject\.venv\Lib\site-packages\django\forms\fields.py first seen with mtime 1733464571.5748599
File C:\Users\admin\AppData\Local\Programs\Python\Python39\Lib\reprlib.py first seen with mtime 1652795110.0
File D:\BaseDjango\MuzeyProject\.venv\Lib\site-packages\django\db\backends\sqlite3\__init__.py first seen with mtime 1733464571.5096555
File C:\Users\admin\AppData\Local\Programs\Python\Python39\Lib\uuid.py first seen with mtime 1652795112.0
File D:\BaseDjango\MuzeyProject\.venv\Lib\site-packages\django\utils\hashable.py first seen with mtime 1733464571.7602026
File D:\BaseDjango\MuzeyProject\.venv\Lib\site-packages\django\utils\safestring.py first seen with mtime 1733464571.7672222
File C:\Users\admin\AppData\Local\Programs\Python\Python39\Lib\__future__.py first seen with mtime 1652795110.0
File C:\Users\admin\AppData\Local\Programs\Python\Python39\Lib\email\mime\__init__.py first seen with mtime 1652795110.0
File C:\Users\admin\AppData\Local\Programs\Python\Python39\Lib\shutil.py first seen with mtime 1652795110.0
File D:\BaseDjango\MuzeyProject\.venv\Lib\site-packages\django\core\checks\security\csrf.py first seen with mtime 1733464571.365342
File C:\Users\admin\AppData\Local\Programs\Python\Python39\Lib\email\iterators.py first seen with mtime 1652795110.0
File C:\Users\admin\AppData\Local\Programs\Python\Python39\Lib\typing.py first seen with mtime 1652795112.0
File C:\Users\admin\AppData\Local\Programs\Python\Python39\Lib\asyncio\protocols.py first seen with mtime 1652795110.0
File D:\BaseDjango\MuzeyProject\.venv\Lib\site-packages\django\db\models\enums.py first seen with mtime 1733464571.5367427
File C:\Users\admin\AppData\Local\Programs\Python\Python39\Lib\copy.py first seen with mtime 1652795110.0
File C:\Users\admin\AppData\Local\Programs\Python\Python39\Lib\ntpath.py first seen with mtime 1652795110.0
File D:\BaseDjango\MuzeyProject\.venv\Lib\site-packages\django\contrib\admin\utils.py first seen with mtime 1733464568.659268
File C:\Users\admin\AppData\Local\Programs\Python\Python39\Lib\email\charset.py first seen with mtime 1652795110.0
File C:\Users\admin\AppData\Local\Programs\Python\Python39\Lib\os.py first seen with mtime 1652795110.0
File D:\BaseDjango\MuzeyProject\MuzeyServer\SearchResult\__init__.py first seen with mtime 1733465047.6744561
File D:\BaseDjango\MuzeyProject\.venv\Lib\site-packages\django\dispatch\dispatcher.py first seen with mtime 1733464571.5728612
File D:\BaseDjango\MuzeyProject\.venv\Lib\site-packages\django\core\files\storage\mixins.py first seen with mtime 1733464571.3823805
File D:\BaseDjango\MuzeyProject\.venv\Lib\site-packages\django\core\serializers\__init__.py first seen with mtime 1733464571.4665303
File C:\Users\admin\AppData\Local\Programs\Python\Python39\DLLs\_ssl.pyd first seen with mtime 1652795162.0
File D:\BaseDjango\MuzeyProject\.venv\Lib\site-packages\django\db\migrations\migration.py first seen with mtime 1733464571.5216987
File C:\Users\admin\AppData\Local\Programs\Python\Python39\DLLs\_decimal.pyd first seen with mtime 1652795162.0
File C:\Users\admin\AppData\Local\Programs\Python\Python39\Lib\_compat_pickle.py first seen with mtime 1652795110.0
File D:\BaseDjango\MuzeyProject\.venv\Lib\site-packages\django\urls\resolvers.py first seen with mtime 1733464571.7461636
File D:\BaseDjango\MuzeyProject\.venv\Lib\site-packages\django\contrib\admin\templatetags\admin_list.py first seen with mtime 1733464569.0843625
File D:\BaseDjango\MuzeyProject\MuzeyServer\templates\game_1.html first seen with mtime 1741426684.985973
File D:\BaseDjango\MuzeyProject\MuzeyServer\templates\game_2.html first seen with mtime 1741426410.3674054
File D:\BaseDjango\MuzeyProject\MuzeyServer\templates\game_3.html first seen with mtime 1741807144.2613888
File D:\BaseDjango\MuzeyProject\MuzeyServer\templates\game_4.html first seen with mtime 1741426410.3684058
File D:\BaseDjango\MuzeyProject\MuzeyServer\templates\game_5.html first seen with mtime 1741426410.3684058
File D:\BaseDjango\MuzeyProject\MuzeyServer\templates\game_6.html first seen with mtime 1741426410.3694053
File D:\BaseDjango\MuzeyProject\MuzeyServer\templates\game_7.html first seen with mtime 1741426410.3704062
File D:\BaseDjango\MuzeyProject\MuzeyServer\templates\index.html first seen with mtime 1742129546.125297
File D:\BaseDjango\MuzeyProject\MuzeyServer\templates\login.html first seen with mtime 1742126128.8308303
File D:\BaseDjango\MuzeyProject\MuzeyServer\templates\page1.html first seen with mtime 1742315093.0240977
File D:\BaseDjango\MuzeyProject\MuzeyServer\templates\page2.html first seen with mtime 1739371559.2016268
File D:\BaseDjango\MuzeyProject\MuzeyServer\templates\page3.html first seen with mtime 1742125008.8995664
File D:\BaseDjango\MuzeyProject\MuzeyServer\templates\register_visitor.html first seen with mtime 1738683858.7223306
File D:\BaseDjango\MuzeyProject\MuzeyServer\templates\send_email.html first seen with mtime 1742128846.3268332
File D:\BaseDjango\MuzeyProject\MuzeyServer\templates\video_r1.html first seen with mtime 1738680981.7228174
File D:\BaseDjango\MuzeyProject\MuzeyServer\templates\video_r2.html first seen with mtime 1739605313.5841815
File D:\BaseDjango\MuzeyProject\MuzeyServer\templates\video_r3.html first seen with mtime 1739605345.5963705
File D:\BaseDjango\MuzeyProject\MuzeyServer\templates\video_r4.html first seen with mtime 1739605347.1947796
File D:\BaseDjango\MuzeyProject\MuzeyServer\templates\video_r5.html first seen with mtime 1739605313.553174
File D:\BaseDjango\MuzeyProject\.venv\Lib\site-packages\django\db\migrations\graph.py first seen with mtime 1733464571.517678
File D:\BaseDjango\MuzeyProject\.venv\Lib\site-packages\django\contrib\sessions\backends\db.py first seen with mtime 1733464571.0003426
File D:\BaseDjango\MuzeyProject\.venv\Lib\site-packages\django\contrib\admin\migrations\0003_logentry_add_action_flag_choices.py first seen with mtime 1733464568.9723375
File D:\BaseDjango\MuzeyProject\.venv\Lib\site-packages\django\contrib\messages\middleware.py first seen with mtime 1733464570.7234538
File D:\BaseDjango\MuzeyProject\.venv\Lib\site-packages\django\contrib\sessions\migrations\__init__.py first seen with mtime 1733464571.1427577
File C:\Users\admin\AppData\Local\Programs\Python\Python39\Lib\encodings\idna.py first seen with mtime 1652795110.0
File D:\BaseDjango\MuzeyProject\.venv\Lib\site-packages\django\contrib\sessions\migrations\0001_initial.py first seen with mtime 1733464571.1417577
File D:\BaseDjango\MuzeyProject\.venv\Lib\site-packages\django\contrib\auth\migrations\0012_alter_user_first_name_max_length.py first seen with mtime 1733464569.3944314
File D:\BaseDjango\MuzeyProject\.venv\Lib\site-packages\django\contrib\auth\migrations\0005_alter_user_last_login_null.py first seen with mtime 1733464569.3904307
File D:\BaseDjango\MuzeyProject\.venv\Lib\site-packages\django\db\migrations\loader.py first seen with mtime 1733464571.5186775
File D:\BaseDjango\MuzeyProject\.venv\Lib\site-packages\django\contrib\sessions\backends\base.py first seen with mtime 1733464570.998344
File D:\BaseDjango\MuzeyProject\.venv\Lib\site-packages\django\contrib\auth\migrations\0007_alter_validators_add_error_messages.py first seen with mtime 1733464569.392431
File D:\BaseDjango\MuzeyProject\.venv\Lib\site-packages\django\contrib\auth\migrations\0008_alter_user_username_max_length.py first seen with mtime 1733464569.392431
File D:\BaseDjango\MuzeyProject\.venv\Lib\site-packages\django\contrib\auth\migrations\0009_alter_user_last_name_max_length.py first seen with mtime 1733464569.3934312
File D:\BaseDjango\MuzeyProject\.venv\Lib\site-packages\django\contrib\sessions\exceptions.py first seen with mtime 1733464570.9953246
File D:\BaseDjango\MuzeyProject\.venv\Lib\site-packages\django\contrib\auth\migrations\0006_require_contenttypes_0002.py first seen with mtime 1733464569.3914306
File D:\BaseDjango\MuzeyProject\.venv\Lib\site-packages\django\contrib\contenttypes\migrations\__init__.py first seen with mtime 1733464569.5384636
File D:\BaseDjango\MuzeyProject\MuzeyServer\GamesList\migrations\__init__.py first seen with mtime 1733464820.7323449
File D:\BaseDjango\MuzeyProject\.venv\Lib\site-packages\django\contrib\auth\migrations\0004_alter_user_username_opts.py first seen with mtime 1733464569.3904307
File D:\BaseDjango\MuzeyProject\.venv\Lib\site-packages\django\contrib\auth\migrations\0002_alter_permission_name_max_length.py first seen with mtime 1733464569.3894303
File D:\BaseDjango\MuzeyProject\.venv\Lib\site-packages\django\contrib\auth\migrations\0010_alter_group_name_max_length.py first seen with mtime 1733464569.3934312
File D:\BaseDjango\MuzeyProject\.venv\Lib\site-packages\django\contrib\admin\migrations\__init__.py first seen with mtime 1733464568.9733384
File D:\BaseDjango\MuzeyProject\MuzeyServer\SearchMenu\migrations\__init__.py first seen with mtime 1733464938.6652231
File D:\BaseDjango\MuzeyProject\MuzeyServer\Base\migrations\__init__.py first seen with mtime 1733464812.0509298
File D:\BaseDjango\MuzeyProject\.venv\Lib\site-packages\django\contrib\contenttypes\migrations\0001_initial.py first seen with mtime 1733464569.5374632
File D:\BaseDjango\MuzeyProject\MuzeyServer\Base\migrations\0002_remove_playerprofile_user_delete_customuser_and_more.py first seen with mtime 1742129920.714744
File D:\BaseDjango\MuzeyProject\.venv\Lib\site-packages\django\db\models\sql\compiler.py first seen with mtime 1733464571.5678396
File D:\BaseDjango\MuzeyProject\.venv\Lib\site-packages\django\contrib\admin\migrations\0001_initial.py first seen with mtime 1733464568.9713373
File D:\BaseDjango\MuzeyProject\MuzeyServer\Base\migrations\0001_initial.py first seen with mtime 1742122906.7414672
File D:\BaseDjango\MuzeyProject\.venv\Lib\site-packages\django\middleware\clickjacking.py first seen with mtime 1733464571.7140627
File D:\BaseDjango\MuzeyProject\.venv\Lib\site-packages\django\db\migrations\recorder.py first seen with mtime 1733464571.523699
File D:\BaseDjango\MuzeyProject\.venv\Lib\site-packages\django\contrib\contenttypes\migrations\0002_remove_content_type_name.py first seen with mtime 1733464569.5374632
File D:\BaseDjango\MuzeyProject\.venv\Lib\site-packages\django\contrib\auth\migrations\0011_update_proxy_permissions.py first seen with mtime 1733464569.3944314
File D:\BaseDjango\MuzeyProject\.venv\Lib\site-packages\django\contrib\auth\migrations\__init__.py first seen with mtime 1733464569.3954318
File D:\BaseDjango\MuzeyProject\.venv\Lib\site-packages\django\db\migrations\executor.py first seen with mtime 1733464571.5166779
File D:\BaseDjango\MuzeyProject\MuzeyServer\MuzeyServer\wsgi.py first seen with mtime 1733464675.8638504
File D:\BaseDjango\MuzeyProject\.venv\Lib\site-packages\django\contrib\auth\migrations\0001_initial.py first seen with mtime 1733464569.38843
File D:\BaseDjango\MuzeyProject\.venv\Lib\site-packages\django\contrib\admin\migrations\0002_logentry_remove_auto_add.py first seen with mtime 1733464568.9713373
File D:\BaseDjango\MuzeyProject\MuzeyServer\SearchResult\migrations\__init__.py first seen with mtime 1733465047.6754563
File C:\Users\admin\AppData\Local\Programs\Python\Python39\Lib\stringprep.py first seen with mtime 1652795110.0
File D:\BaseDjango\MuzeyProject\MuzeyServer\SearchResult\migrations\0001_initial.py first seen with mtime 1742122906.7394667
File D:\BaseDjango\MuzeyProject\.venv\Lib\site-packages\django\middleware\common.py first seen with mtime 1733464571.715063
File D:\BaseDjango\MuzeyProject\.venv\Lib\site-packages\django\contrib\auth\migrations\0003_alter_user_email_max_length.py first seen with mtime 1733464569.3894303
Exception while resolving variable 'name' in template 'unknown'.
Traceback (most recent call last):
  File "D:\BaseDjango\MuzeyProject\.venv\lib\site-packages\django\core\handlers\exception.py", line 55, in inner
    response = get_response(request)
  File "D:\BaseDjango\MuzeyProject\.venv\lib\site-packages\django\core\handlers\base.py", line 181, in _get_response
    callback, callback_args, callback_kwargs = self.resolve_request(request)
  File "D:\BaseDjango\MuzeyProject\.venv\lib\site-packages\django\core\handlers\base.py", line 313, in resolve_request
    resolver_match = resolver.resolve(request.path_info)
  File "D:\BaseDjango\MuzeyProject\.venv\lib\site-packages\django\urls\resolvers.py", line 702, in resolve
    raise Resolver404({"tried": tried, "path": new_path})
django.urls.exceptions.Resolver404: {'tried': [[<URLPattern 'email/' [name='email']>], [<URLResolver <URLPattern list> (admin:admin) 'admin/'>], [<URLPattern 'search/<str:name>/'>], [<URLPattern 'games/'>], [<URLPattern 'game/<int:id>'>], [<URLPattern 'register/' [name='register']>], [<URLPattern '' [name='home']>], [<URLPattern 'result/<int:ids>/' [name='result']>], [<URLPattern 'video/<int:id>'>], [<URLPattern 'logout/' [name='logout']>], [<URLPattern 'login/' [name='login']>], [<URLPattern 'add_score/<int:id>' [name='add_score']>], [<URLPattern 'add_score/'>]], 'path': 'email'}

During handling of the above exception, another exception occurred:

Traceback (most recent call last):
  File "D:\BaseDjango\MuzeyProject\.venv\lib\site-packages\django\template\base.py", line 880, in _resolve_lookup
    current = current[bit]
TypeError: 'URLResolver' object is not subscriptable

During handling of the above exception, another exception occurred:

Traceback (most recent call last):
  File "D:\BaseDjango\MuzeyProject\.venv\lib\site-packages\django\template\base.py", line 890, in _resolve_lookup
    current = getattr(current, bit)
AttributeError: 'URLResolver' object has no attribute 'name'

During handling of the above exception, another exception occurred:

Traceback (most recent call last):
  File "D:\BaseDjango\MuzeyProject\.venv\lib\site-packages\django\template\base.py", line 896, in _resolve_lookup
    current = current[int(bit)]
ValueError: invalid literal for int() with base 10: 'name'

During handling of the above exception, another exception occurred:

Traceback (most recent call last):
  File "D:\BaseDjango\MuzeyProject\.venv\lib\site-packages\django\template\base.py", line 903, in _resolve_lookup
    raise VariableDoesNotExist(
django.template.base.VariableDoesNotExist: Failed lookup for key [name] in <URLResolver <URLPattern list> (admin:admin) 'admin/'>
"GET /email HTTP/1.1" 301 0
(0.000) SELECT "django_session"."session_key", "django_session"."session_data", "django_session"."expire_date" FROM "django_session" WHERE ("django_session"."expire_date" > '2025-03-19 19:32:49.567880' AND "django_session"."session_key" = 'zr6p92ge2xc1ei0tkxa8to7dgxe7fp37') LIMIT 21; args=('2025-03-19 19:32:49.567880', 'zr6p92ge2xc1ei0tkxa8to7dgxe7fp37'); alias=default
(0.000) SELECT "auth_user"."id", "auth_user"."password", "auth_user"."last_login", "auth_user"."is_superuser", "auth_user"."username", "auth_user"."first_name", "auth_user"."last_name", "auth_user"."email", "auth_user"."is_staff", "auth_user"."is_active", "auth_user"."date_joined" FROM "auth_user" WHERE "auth_user"."id" = 1 LIMIT 21; args=(1,); alias=default
(0.000) SELECT "Base_gameresult"."id", "Base_gameresult"."user_id", "Base_gameresult"."score", "Base_gameresult"."date" FROM "Base_gameresult" WHERE "Base_gameresult"."user_id" = 1 LIMIT 1; args=(1,); alias=default
"GET /email/ HTTP/1.1" 200 3792
File D:\BaseDjango\MuzeyProject\.venv\Lib\site-packages\django\template\context_processors.py first seen with mtime 1733464571.721085
File D:\BaseDjango\MuzeyProject\.venv\Lib\site-packages\django\contrib\auth\context_processors.py first seen with mtime 1733464569.2383966
File D:\BaseDjango\MuzeyProject\.venv\Lib\site-packages\django\contrib\messages\storage\cookie.py first seen with mtime 1733464570.726472
File D:\BaseDjango\MuzeyProject\.venv\Lib\site-packages\django\contrib\messages\storage\fallback.py first seen with mtime 1733464570.727472
File D:\BaseDjango\MuzeyProject\.venv\Lib\site-packages\django\contrib\messages\context_processors.py first seen with mtime 1733464570.7234538
File D:\BaseDjango\MuzeyProject\.venv\Lib\site-packages\django\contrib\messages\storage\session.py first seen with mtime 1733464570.7284722
File D:\BaseDjango\MuzeyProject\.venv\Lib\site-packages\django\contrib\sessions\serializers.py first seen with mtime 1733464570.997325
(0.000) SELECT "django_session"."session_key", "django_session"."session_data", "django_session"."expire_date" FROM "django_session" WHERE ("django_session"."expire_date" > '2025-03-19 19:32:52.139455' AND "django_session"."session_key" = 'zr6p92ge2xc1ei0tkxa8to7dgxe7fp37') LIMIT 21; args=('2025-03-19 19:32:52.139455', 'zr6p92ge2xc1ei0tkxa8to7dgxe7fp37'); alias=default
(0.000) SELECT "auth_user"."id", "auth_user"."password", "auth_user"."last_login", "auth_user"."is_superuser", "auth_user"."username", "auth_user"."first_name", "auth_user"."last_name", "auth_user"."email", "auth_user"."is_staff", "auth_user"."is_active", "auth_user"."date_joined" FROM "auth_user" WHERE "auth_user"."id" = 1 LIMIT 21; args=(1,); alias=default
File D:\BaseDjango\MuzeyProject\.venv\Lib\site-packages\PIL\JpegPresets.py first seen with mtime 1733465806.958418
File D:\BaseDjango\MuzeyProject\.venv\Lib\site-packages\PIL\ImageChops.py first seen with mtime 1733465806.9424143
File D:\BaseDjango\MuzeyProject\.venv\Lib\site-packages\PIL\PngImagePlugin.py first seen with mtime 1733465806.9674199
File D:\BaseDjango\MuzeyProject\.venv\Lib\site-packages\PIL\ImageOps.py first seen with mtime 1733465806.950416
File D:\BaseDjango\MuzeyProject\.venv\Lib\site-packages\PIL\PaletteFile.py first seen with mtime 1733465806.9624188
File D:\BaseDjango\MuzeyProject\.venv\Lib\site-packages\PIL\PpmImagePlugin.py first seen with mtime 1733465806.9684198
File D:\BaseDjango\MuzeyProject\.venv\Lib\site-packages\PIL\ImageSequence.py first seen with mtime 1733465806.9524167
File D:\BaseDjango\MuzeyProject\.venv\Lib\site-packages\PIL\JpegImagePlugin.py first seen with mtime 1733465806.9574175
File D:\BaseDjango\MuzeyProject\.venv\Lib\site-packages\PIL\GimpGradientFile.py first seen with mtime 1733465806.9374132
File D:\BaseDjango\MuzeyProject\.venv\Lib\site-packages\PIL\_imagingmath.cp39-win_amd64.pyd first seen with mtime 1733465807.001427
File D:\BaseDjango\MuzeyProject\.venv\Lib\site-packages\PIL\BmpImagePlugin.py first seen with mtime 1733465806.9274104
File D:\BaseDjango\MuzeyProject\.venv\Lib\site-packages\PIL\GifImagePlugin.py first seen with mtime 1733465806.936413
File D:\BaseDjango\MuzeyProject\.venv\Lib\site-packages\PIL\ImageMath.py first seen with mtime 1733465806.9484158
File D:\BaseDjango\MuzeyProject\.venv\Lib\site-packages\PIL\ImageFile.py first seen with mtime 1733465806.945415
File D:\BaseDjango\MuzeyProject\.venv\Lib\site-packages\PIL\GimpPaletteFile.py first seen with mtime 1733465806.9374132
File D:\BaseDjango\MuzeyProject\.venv\Lib\site-packages\PIL\ImagePalette.py first seen with mtime 1733465806.950416
Internal Server Error: /email/
"POST /email/ HTTP/1.1" 500 95
File C:\Users\admin\AppData\Local\Programs\Python\Python39\Lib\smtplib.py first seen with mtime 1652795110.0
File D:\BaseDjango\MuzeyProject\.venv\Lib\site-packages\django\core\mail\backends\__init__.py first seen with mtime 1733464571.3874018
File D:\BaseDjango\MuzeyProject\.venv\Lib\site-packages\django\core\mail\backends\smtp.py first seen with mtime 1733464571.3964193
File D:\BaseDjango\MuzeyProject\.venv\Lib\site-packages\django\core\mail\backends\base.py first seen with mtime 1733464571.3884008
File D:\BaseDjango\MuzeyProject\MuzeyServer\MuzeyServer\settings.py previous mtime: 1742412761.5308957, current mtime: 1742412782.4451625
D:\BaseDjango\MuzeyProject\MuzeyServer\MuzeyServer\settings.py notified as changed. Signal results: [(<function template_changed at 0x000002AFE97C3AF0>, None), (<function translation_file_changed at 0x000002AFEA1B7AF0>, None)].
D:\BaseDjango\MuzeyProject\MuzeyServer\MuzeyServer\settings.py changed, reloading.
Watching for file changes with StatReloader
Waiting for apps ready_event.
Apps ready_event triggered. Sending autoreload_started signal.
Watching dir D:\BaseDjango\MuzeyProject\MuzeyServer\templates with glob **/*.
Watching dir D:\BaseDjango\MuzeyProject\MuzeyServer\locale with glob **/*.mo.
Watching dir D:\BaseDjango\MuzeyProject\MuzeyServer\SearchResult\locale with glob **/*.mo.
Watching dir D:\BaseDjango\MuzeyProject\MuzeyServer\Base\locale with glob **/*.mo.
Watching dir D:\BaseDjango\MuzeyProject\MuzeyServer\GamesList\locale with glob **/*.mo.
Watching dir D:\BaseDjango\MuzeyProject\MuzeyServer\SearchMenu\locale with glob **/*.mo.
(0.000) 
            SELECT name, type FROM sqlite_master
            WHERE type in ('table', 'view') AND NOT name='sqlite_sequence'
            ORDER BY name; args=None; alias=default
(0.000) SELECT "django_migrations"."id", "django_migrations"."app", "django_migrations"."name", "django_migrations"."applied" FROM "django_migrations"; args=(); alias=default
File D:\BaseDjango\MuzeyProject\.venv\Lib\site-packages\sqlparse\engine\filter_stack.py first seen with mtime 1733464568.125149
File D:\BaseDjango\MuzeyProject\.venv\Lib\site-packages\django\utils\deprecation.py first seen with mtime 1733464571.7561831
File D:\BaseDjango\MuzeyProject\.venv\Lib\site-packages\django\db\migrations\state.py first seen with mtime 1733464571.5246992
File D:\BaseDjango\MuzeyProject\.venv\Lib\site-packages\sqlparse\formatter.py first seen with mtime 1733464568.1211486
File C:\Users\admin\AppData\Local\Programs\Python\Python39\Lib\asyncio\locks.py first seen with mtime 1652795110.0
File D:\BaseDjango\MuzeyProject\.venv\Lib\site-packages\django\template\backends\base.py first seen with mtime 1733464571.7281253
File D:\BaseDjango\MuzeyProject\.venv\Lib\site-packages\django\contrib\staticfiles\utils.py first seen with mtime 1733464571.3162203
File D:\BaseDjango\MuzeyProject\.venv\Lib\site-packages\django\utils\log.py first seen with mtime 1733464571.7642217
File D:\BaseDjango\MuzeyProject\.venv\Lib\site-packages\django\db\models\fields\related_descriptors.py first seen with mtime 1733464571.5567992
File C:\Users\admin\AppData\Local\Programs\Python\Python39\Lib\importlib\abc.py first seen with mtime 1652795110.0
File D:\BaseDjango\MuzeyProject\.venv\Lib\site-packages\django\db\backends\sqlite3\introspection.py first seen with mtime 1733464571.5126562
File C:\Users\admin\AppData\Local\Programs\Python\Python39\Lib\multiprocessing\context.py first seen with mtime 1652795110.0
File D:\BaseDjango\MuzeyProject\.venv\Lib\site-packages\django\shortcuts.py first seen with mtime 1733464568.4122136
File D:\BaseDjango\MuzeyProject\.venv\Lib\site-packages\django\utils\translation\reloader.py first seen with mtime 1733464571.7732427
File D:\BaseDjango\MuzeyProject\.venv\Lib\site-packages\django\db\migrations\migration.py first seen with mtime 1733464571.5216987
File D:\BaseDjango\MuzeyProject\.venv\Lib\site-packages\sqlparse\keywords.py first seen with mtime 1733464568.1211486
File D:\BaseDjango\MuzeyProject\.venv\Lib\site-packages\django\contrib\auth\tokens.py first seen with mtime 1733464569.2433977
File C:\Users\admin\AppData\Local\Programs\Python\Python39\Lib\asyncio\trsock.py first seen with mtime 1652795110.0
File C:\Users\admin\AppData\Local\Programs\Python\Python39\Lib\base64.py first seen with mtime 1652795110.0
File D:\BaseDjango\MuzeyProject\.venv\Lib\site-packages\django\db\models\functions\__init__.py first seen with mtime 1733464571.5588002
File C:\Users\admin\AppData\Local\Programs\Python\Python39\Lib\email\iterators.py first seen with mtime 1652795110.0
File D:\BaseDjango\MuzeyProject\.venv\Lib\site-packages\django\forms\fields.py first seen with mtime 1733464571.5748599
File D:\BaseDjango\MuzeyProject\.venv\Lib\site-packages\django\contrib\contenttypes\views.py first seen with mtime 1733464569.401433
File C:\Users\admin\AppData\Local\Programs\Python\Python39\Lib\encodings\aliases.py first seen with mtime 1652795110.0
File C:\Users\admin\AppData\Local\Programs\Python\Python39\Lib\email\policy.py first seen with mtime 1652795110.0
File C:\Users\admin\AppData\Local\Programs\Python\Python39\Lib\asyncio\__init__.py first seen with mtime 1652795110.0
File D:\BaseDjango\MuzeyProject\.venv\Lib\site-packages\django\forms\formsets.py first seen with mtime 1733464571.57586
File D:\BaseDjango\MuzeyProject\.venv\Lib\site-packages\django\views\generic\edit.py first seen with mtime 1733464571.7873027
File C:\Users\admin\AppData\Local\Programs\Python\Python39\Lib\pathlib.py first seen with mtime 1652795110.0
File D:\BaseDjango\MuzeyProject\.venv\Lib\site-packages\sqlparse\filters\__init__.py first seen with mtime 1733464568.1271496
File D:\BaseDjango\MuzeyProject\.venv\Lib\site-packages\django\template\__init__.py first seen with mtime 1733464571.7180846
File D:\BaseDjango\MuzeyProject\.venv\Lib\site-packages\django\db\models\functions\comparison.py first seen with mtime 1733464571.5588002
File C:\Users\admin\AppData\Local\Programs\Python\Python39\Lib\email\mime\multipart.py first seen with mtime 1652795110.0
File D:\BaseDjango\MuzeyProject\.venv\Lib\site-packages\django\utils\__init__.py first seen with mtime 1733464571.7471642
File C:\Users\admin\AppData\Local\Programs\Python\Python39\Lib\collections\__init__.py first seen with mtime 1652795110.0
File D:\BaseDjango\MuzeyProject\.venv\Lib\site-packages\django\views\__init__.py first seen with mtime 1733464571.7752633
File C:\Users\admin\AppData\Local\Programs\Python\Python39\Lib\encodings\utf_8.py first seen with mtime 1652795110.0
File D:\BaseDjango\MuzeyProject\.venv\Lib\site-packages\django\template\loader_tags.py first seen with mtime 1733464571.7251048
File C:\Users\admin\AppData\Local\Programs\Python\Python39\Lib\ast.py first seen with mtime 1652795110.0
File D:\BaseDjango\MuzeyProject\.venv\Lib\site-packages\django\core\files\base.py first seen with mtime 1733464571.3663418
File D:\BaseDjango\MuzeyProject\.venv\Lib\site-packages\django\utils\dateparse.py first seen with mtime 1733464571.7541828
File D:\BaseDjango\MuzeyProject\.venv\Lib\site-packages\django\core\files\locks.py first seen with mtime 1733464571.3683424
File C:\Users\admin\AppData\Local\Programs\Python\Python39\Lib\asyncio\constants.py first seen with mtime 1652795110.0
File C:\Users\admin\AppData\Local\Programs\Python\Python39\Lib\copy.py first seen with mtime 1652795110.0
File D:\BaseDjango\MuzeyProject\.venv\Lib\site-packages\django\core\handlers\wsgi.py first seen with mtime 1733464571.3843806
File D:\BaseDjango\MuzeyProject\.venv\Lib\site-packages\django\utils\functional.py first seen with mtime 1733464571.7592025
File D:\BaseDjango\MuzeyProject\.venv\Lib\site-packages\django\utils\timezone.py first seen with mtime 1733464571.769243
File C:\Users\admin\AppData\Local\Programs\Python\Python39\Lib\asyncio\proactor_events.py first seen with mtime 1652795110.0
File C:\Users\admin\AppData\Local\Programs\Python\Python39\Lib\asyncio\windows_events.py first seen with mtime 1652795110.0
File D:\BaseDjango\MuzeyProject\.venv\Lib\site-packages\django\contrib\admin\apps.py first seen with mtime 1733464568.6522663
File D:\BaseDjango\MuzeyProject\.venv\Lib\site-packages\django\utils\lorem_ipsum.py first seen with mtime 1733464571.7652216
File D:\BaseDjango\MuzeyProject\.venv\Lib\site-packages\django\db\models\fields\reverse_related.py first seen with mtime 1733464571.5578
File C:\Users\admin\AppData\Local\Programs\Python\Python39\Lib\_markupbase.py first seen with mtime 1652795110.0
File D:\BaseDjango\MuzeyProject\.venv\Lib\site-packages\django\core\management\commands\runserver.py first seen with mtime 1733464571.4595292
File D:\BaseDjango\MuzeyProject\.venv\Lib\site-packages\django\contrib\auth\signals.py first seen with mtime 1733464569.2423975
File D:\BaseDjango\MuzeyProject\.venv\Lib\site-packages\django\views\decorators\__init__.py first seen with mtime 1733464571.7792625
File D:\BaseDjango\MuzeyProject\.venv\Lib\site-packages\django\core\checks\caches.py first seen with mtime 1733464571.3453188
File C:\Users\admin\AppData\Local\Programs\Python\Python39\Lib\wsgiref\__init__.py first seen with mtime 1652795112.0
File D:\BaseDjango\MuzeyProject\.venv\Lib\site-packages\django\core\cache\__init__.py first seen with mtime 1733464571.3352826
File D:\BaseDjango\MuzeyProject\.venv\Lib\site-packages\django\core\files\temp.py first seen with mtime 1733464571.3693423
File D:\BaseDjango\MuzeyProject\.venv\Lib\site-packages\django\contrib\contenttypes\models.py first seen with mtime 1733464569.401433
File D:\BaseDjango\MuzeyProject\.venv\Lib\site-packages\django\db\models\sql\where.py first seen with mtime 1733464571.5708406
File C:\Users\admin\AppData\Local\Programs\Python\Python39\Lib\subprocess.py first seen with mtime 1652795110.0
File D:\BaseDjango\MuzeyProject\.venv\Lib\site-packages\django\core\management\commands\__init__.py first seen with mtime 1733464571.4184556
File D:\BaseDjango\MuzeyProject\.venv\Lib\site-packages\django\contrib\admin\sites.py first seen with mtime 1733464568.6582677
File D:\BaseDjango\MuzeyProject\.venv\Lib\site-packages\django\contrib\sites\requests.py first seen with mtime 1733464571.1517773
File C:\Users\admin\AppData\Local\Programs\Python\Python39\Lib\copyreg.py first seen with mtime 1652795110.0
File D:\BaseDjango\MuzeyProject\.venv\Lib\site-packages\django\contrib\admin\filters.py first seen with mtime 1733464568.6552672
File D:\BaseDjango\MuzeyProject\.venv\Lib\site-packages\django\core\files\__init__.py first seen with mtime 1733464571.3663418
File D:\BaseDjango\MuzeyProject\.venv\Lib\site-packages\django\db\models\functions\math.py first seen with mtime 1733464571.560819
File D:\BaseDjango\MuzeyProject\.venv\Lib\site-packages\sqlparse\filters\aligned_indent.py first seen with mtime 1733464568.1271496
File C:\Users\admin\AppData\Local\Programs\Python\Python39\Lib\site.py first seen with mtime 1652795110.0
File C:\Users\admin\AppData\Local\Programs\Python\Python39\Lib\gettext.py first seen with mtime 1652795110.0
File C:\Users\admin\AppData\Local\Programs\Python\Python39\Lib\asyncio\runners.py first seen with mtime 1652795110.0
File D:\BaseDjango\MuzeyProject\.venv\Lib\site-packages\PIL\_binary.py first seen with mtime 1733465806.9784217
File D:\BaseDjango\MuzeyProject\.venv\Lib\site-packages\django\forms\boundfield.py first seen with mtime 1733464571.57386
File D:\BaseDjango\MuzeyProject\.venv\Lib\site-packages\django\views\decorators\common.py first seen with mtime 1733464571.781283
File C:\Users\admin\AppData\Local\Programs\Python\Python39\Lib\wsgiref\util.py first seen with mtime 1652795112.0
File D:\BaseDjango\MuzeyProject\.venv\Lib\site-packages\django\core\cache\backends\base.py first seen with mtime 1733464571.3373022
File D:\BaseDjango\MuzeyProject\.venv\Lib\site-packages\django\db\models\query.py first seen with mtime 1733464571.5407434
File D:\BaseDjango\MuzeyProject\.venv\Lib\site-packages\django\db\models\sql\datastructures.py first seen with mtime 1733464571.5688398
File D:\BaseDjango\MuzeyProject\.venv\Lib\site-packages\django\db\models\utils.py first seen with mtime 1733464571.5427656
File C:\Users\admin\AppData\Local\Programs\Python\Python39\Lib\_collections_abc.py first seen with mtime 1652795110.0
File D:\BaseDjango\MuzeyProject\.venv\Lib\site-packages\django\contrib\messages\constants.py first seen with mtime 1733464570.7224536
File C:\Users\admin\AppData\Local\Programs\Python\Python39\Lib\asyncio\subprocess.py first seen with mtime 1652795110.0
File C:\Users\admin\AppData\Local\Programs\Python\Python39\Lib\uu.py first seen with mtime 1652795112.0
File C:\Users\admin\AppData\Local\Programs\Python\Python39\Lib\bisect.py first seen with mtime 1652795110.0
File D:\BaseDjango\MuzeyProject\.venv\Lib\site-packages\django\contrib\admin\widgets.py first seen with mtime 1733464568.6602683
File C:\Users\admin\AppData\Local\Programs\Python\Python39\Lib\locale.py first seen with mtime 1652795110.0
File C:\Users\admin\AppData\Local\Programs\Python\Python39\Lib\multiprocessing\reduction.py first seen with mtime 1652795110.0
File C:\Users\admin\AppData\Local\Programs\Python\Python39\Lib\queue.py first seen with mtime 1652795110.0
File C:\Users\admin\AppData\Local\Programs\Python\Python39\Lib\email\__init__.py first seen with mtime 1652795110.0
File D:\BaseDjango\MuzeyProject\.venv\Lib\site-packages\PIL\_version.py first seen with mtime 1733465807.006428
File D:\BaseDjango\MuzeyProject\MuzeyServer\Base\views.py first seen with mtime 1742129107.892427
File C:\Users\admin\AppData\Local\Programs\Python\Python39\Lib\typing.py first seen with mtime 1652795112.0
File D:\BaseDjango\MuzeyProject\.venv\Lib\site-packages\django\db\models\deletion.py first seen with mtime 1733464571.533742
File D:\BaseDjango\MuzeyProject\.venv\Lib\site-packages\sqlparse\exceptions.py first seen with mtime 1733464568.1201484
File C:\Users\admin\AppData\Local\Programs\Python\Python39\Lib\urllib\error.py first seen with mtime 1652795112.0
File C:\Users\admin\AppData\Local\Programs\Python\Python39\Lib\encodings\cp1251.py first seen with mtime 1652795110.0
File D:\BaseDjango\MuzeyProject\.venv\Lib\site-packages\django\forms\utils.py first seen with mtime 1733464571.5788605
File D:\BaseDjango\MuzeyProject\.venv\Lib\site-packages\django\core\cache\backends\__init__.py first seen with mtime 1733464571.3362825
File C:\Users\admin\AppData\Local\Programs\Python\Python39\Lib\argparse.py first seen with mtime 1652795110.0
File D:\BaseDjango\MuzeyProject\.venv\Lib\site-packages\django\contrib\auth\__init__.py first seen with mtime 1733464569.2333956
File D:\BaseDjango\MuzeyProject\.venv\Lib\site-packages\django\utils\itercompat.py first seen with mtime 1733464571.763223
File D:\BaseDjango\MuzeyProject\.venv\Lib\site-packages\django\db\migrations\operations\special.py first seen with mtime 1733464571.5297203
File D:\BaseDjango\MuzeyProject\.venv\Lib\site-packages\django\contrib\auth\checks.py first seen with mtime 1733464569.2363963
File D:\BaseDjango\MuzeyProject\.venv\Lib\site-packages\django\db\models\indexes.py first seen with mtime 1733464571.538743
File C:\Users\admin\AppData\Local\Programs\Python\Python39\Lib\heapq.py first seen with mtime 1652795110.0
File D:\BaseDjango\MuzeyProject\.venv\Lib\site-packages\django\views\generic\base.py first seen with mtime 1733464571.785282
File C:\Users\admin\AppData\Local\Programs\Python\Python39\Lib\re.py first seen with mtime 1652795110.0
File D:\BaseDjango\MuzeyProject\.venv\Lib\site-packages\django\db\migrations\operations\fields.py first seen with mtime 1733464571.5277197
File D:\BaseDjango\MuzeyProject\.venv\Lib\site-packages\django\contrib\messages\storage\base.py first seen with mtime 1733464570.726472
File D:\BaseDjango\MuzeyProject\.venv\Lib\site-packages\django\core\paginator.py first seen with mtime 1733464571.3262625
File D:\BaseDjango\MuzeyProject\.venv\Lib\site-packages\django\core\serializers\python.py first seen with mtime 1733464571.4695525
File C:\Users\admin\AppData\Local\Programs\Python\Python39\Lib\email\_parseaddr.py first seen with mtime 1652795110.0
File D:\BaseDjango\MuzeyProject\.venv\Lib\site-packages\django\templatetags\static.py first seen with mtime 1733464571.7361436
File D:\BaseDjango\MuzeyProject\.venv\Lib\site-packages\PIL\__init__.py first seen with mtime 1733465806.9774215
File C:\Users\admin\AppData\Local\Programs\Python\Python39\Lib\difflib.py first seen with mtime 1652795110.0
File D:\BaseDjango\MuzeyProject\.venv\Lib\site-packages\sqlparse\filters\reindent.py first seen with mtime 1733464568.12915
File D:\BaseDjango\MuzeyProject\.venv\Lib\site-packages\django\contrib\admin\decorators.py first seen with mtime 1733464568.6532667
File C:\Users\admin\AppData\Local\Programs\Python\Python39\Lib\urllib\response.py first seen with mtime 1652795112.0
File C:\Users\admin\AppData\Local\Programs\Python\Python39\Lib\asyncio\threads.py first seen with mtime 1652795110.0
File C:\Users\admin\AppData\Local\Programs\Python\Python39\Lib\keyword.py first seen with mtime 1652795110.0
File C:\Users\admin\AppData\Local\Programs\Python\Python39\Lib\asyncio\exceptions.py first seen with mtime 1652795110.0
File D:\BaseDjango\MuzeyProject\.venv\Lib\site-packages\django\template\exceptions.py first seen with mtime 1733464571.7231042
File D:\BaseDjango\MuzeyProject\.venv\Lib\site-packages\django\db\backends\utils.py first seen with mtime 1733464571.475572
File D:\BaseDjango\MuzeyProject\.venv\Lib\site-packages\django\contrib\sessions\apps.py first seen with mtime 1733464570.9943247
File C:\Users\admin\AppData\Local\Programs\Python\Python39\DLLs\unicodedata.pyd first seen with mtime 1652795164.0
File D:\BaseDjango\MuzeyProject\.venv\Lib\site-packages\django\contrib\admin\models.py first seen with mtime 1733464568.6562672
File C:\Users\admin\AppData\Local\Programs\Python\Python39\Lib\inspect.py first seen with mtime 1652795110.0
File C:\Users\admin\AppData\Local\Programs\Python\Python39\Lib\asyncio\base_tasks.py first seen with mtime 1652795110.0
File D:\BaseDjango\MuzeyProject\.venv\Lib\site-packages\django\utils\encoding.py first seen with mtime 1733464571.7582026
File D:\BaseDjango\MuzeyProject\.venv\Lib\site-packages\django\contrib\messages\apps.py first seen with mtime 1733464570.7224536
File D:\BaseDjango\MuzeyProject\MuzeyServer\SearchResult\__init__.py first seen with mtime 1733465047.6744561
File C:\Users\admin\AppData\Local\Programs\Python\Python39\Lib\string.py first seen with mtime 1652795110.0
File D:\BaseDjango\MuzeyProject\.venv\Lib\site-packages\PIL\features.py first seen with mtime 1733465807.0094292
File D:\BaseDjango\MuzeyProject\MuzeyServer\manage.py first seen with mtime 1733464675.8608496
File C:\Users\admin\AppData\Local\Programs\Python\Python39\Lib\multiprocessing\process.py first seen with mtime 1652795110.0
File D:\BaseDjango\MuzeyProject\.venv\Lib\site-packages\django\utils\translation\__init__.py first seen with mtime 1733464571.772242
File D:\BaseDjango\MuzeyProject\.venv\Lib\site-packages\django\core\files\storage\filesystem.py first seen with mtime 1733464571.3803613
File D:\BaseDjango\MuzeyProject\.venv\Lib\site-packages\django\template\engine.py first seen with mtime 1733464571.7231042
File D:\BaseDjango\MuzeyProject\.venv\Lib\site-packages\django\db\__init__.py first seen with mtime 1733464571.4725528
File C:\Users\admin\AppData\Local\Programs\Python\Python39\Lib\asyncio\streams.py first seen with mtime 1652795110.0
File D:\BaseDjango\MuzeyProject\.venv\Lib\site-packages\django\contrib\staticfiles\handlers.py first seen with mtime 1733464571.3112192
File D:\BaseDjango\MuzeyProject\.venv\Lib\site-packages\django\views\generic\__init__.py first seen with mtime 1733464571.7842817
File D:\BaseDjango\MuzeyProject\.venv\Lib\site-packages\django\contrib\staticfiles\checks.py first seen with mtime 1733464571.310219
File D:\BaseDjango\MuzeyProject\.venv\Lib\site-packages\django\contrib\messages\storage\__init__.py first seen with mtime 1733464570.7254715
File D:\BaseDjango\MuzeyProject\.venv\Lib\site-packages\django\core\cache\backends\filebased.py first seen with mtime 1733464571.338301
File C:\Users\admin\AppData\Local\Programs\Python\Python39\Lib\selectors.py first seen with mtime 1652795110.0
File D:\BaseDjango\MuzeyProject\.venv\Lib\site-packages\sqlparse\lexer.py first seen with mtime 1733464568.122149
File D:\BaseDjango\MuzeyProject\MuzeyServer\Base\models.py first seen with mtime 1742134843.2951288
File D:\BaseDjango\MuzeyProject\.venv\Lib\site-packages\django\contrib\admin\views\autocomplete.py first seen with mtime 1733464569.087363
File D:\BaseDjango\MuzeyProject\MuzeyServer\MuzeyServer\settings.py first seen with mtime 1742412782.4451625
File D:\BaseDjango\MuzeyProject\.venv\Lib\site-packages\django\utils\translation\trans_real.py first seen with mtime 1733464571.7752633
File C:\Users\admin\AppData\Local\Programs\Python\Python39\Lib\io.py first seen with mtime 1652795110.0
File D:\BaseDjango\MuzeyProject\.venv\Lib\site-packages\django\core\checks\security\csrf.py first seen with mtime 1733464571.365342
File C:\Users\admin\AppData\Local\Programs\Python\Python39\Lib\asyncio\base_subprocess.py first seen with mtime 1652795110.0
File C:\Users\admin\AppData\Local\Programs\Python\Python39\Lib\asyncio\windows_utils.py first seen with mtime 1652795110.0
File C:\Users\admin\AppData\Local\Programs\Python\Python39\Lib\email\encoders.py first seen with mtime 1652795110.0
File D:\BaseDjango\MuzeyProject\.venv\Lib\site-packages\django\db\backends\base\schema.py first seen with mtime 1733464571.4815729
File C:\Users\admin\AppData\Local\Programs\Python\Python39\DLLs\_socket.pyd first seen with mtime 1652795162.0
File D:\BaseDjango\MuzeyProject\.venv\Lib\site-packages\django\core\files\storage\base.py first seen with mtime 1733464571.379361
File D:\BaseDjango\MuzeyProject\.venv\Lib\site-packages\django\core\wsgi.py first seen with mtime 1733464571.3342824
File D:\BaseDjango\MuzeyProject\.venv\Lib\site-packages\django\db\models\enums.py first seen with mtime 1733464571.5367427
File D:\BaseDjango\MuzeyProject\.venv\Lib\site-packages\django\template\library.py first seen with mtime 1733464571.7241046
File D:\BaseDjango\MuzeyProject\.venv\Lib\site-packages\django\utils\asyncio.py first seen with mtime 1733464571.7491639
File D:\BaseDjango\MuzeyProject\.venv\Lib\site-packages\django\dispatch\__init__.py first seen with mtime 1733464571.5718408
File D:\BaseDjango\MuzeyProject\.venv\Lib\site-packages\django\core\handlers\exception.py first seen with mtime 1733464571.3843806
File D:\BaseDjango\MuzeyProject\.venv\Lib\site-packages\sqlparse\filters\others.py first seen with mtime 1733464568.1281497
File D:\BaseDjango\MuzeyProject\.venv\Lib\site-packages\django\utils\inspect.py first seen with mtime 1733464571.7622032
File C:\Users\admin\AppData\Local\Programs\Python\Python39\Lib\email\quoprimime.py first seen with mtime 1652795110.0
File C:\Users\admin\AppData\Local\Programs\Python\Python39\Lib\asyncio\coroutines.py first seen with mtime 1652795110.0
File D:\BaseDjango\MuzeyProject\.venv\Lib\site-packages\django\db\backends\base\base.py first seen with mtime 1733464571.477572
File C:\Users\admin\AppData\Local\Programs\Python\Python39\Lib\email\mime\base.py first seen with mtime 1652795110.0
File D:\BaseDjango\MuzeyProject\.venv\Lib\site-packages\django\utils\module_loading.py first seen with mtime 1733464571.7652216
File D:\BaseDjango\MuzeyProject\.venv\Lib\site-packages\django\db\backends\ddl_references.py first seen with mtime 1733464571.4745731
File C:\Users\admin\AppData\Local\Programs\Python\Python39\Lib\threading.py first seen with mtime 1652795112.0
File C:\Users\admin\AppData\Local\Programs\Python\Python39\Lib\uuid.py first seen with mtime 1652795112.0
File D:\BaseDjango\MuzeyProject\.venv\Lib\site-packages\django\urls\base.py first seen with mtime 1733464571.743145
File D:\BaseDjango\MuzeyProject\.venv\Lib\site-packages\django\utils\decorators.py first seen with mtime 1733464571.7561831
File D:\BaseDjango\MuzeyProject\.venv\Lib\site-packages\django\templatetags\__init__.py first seen with mtime 1733464571.734145
File C:\Users\admin\AppData\Local\Programs\Python\Python39\Lib\ctypes\wintypes.py first seen with mtime 1652795110.0
File C:\Users\admin\AppData\Local\Programs\Python\Python39\DLLs\_asyncio.pyd first seen with mtime 1652795162.0
File C:\Users\admin\AppData\Local\Programs\Python\Python39\Lib\nturl2path.py first seen with mtime 1652795110.0
File C:\Users\admin\AppData\Local\Programs\Python\Python39\Lib\linecache.py first seen with mtime 1652795110.0
File D:\BaseDjango\MuzeyProject\.venv\Lib\site-packages\django\db\models\fields\related_lookups.py first seen with mtime 1733464571.5578
File D:\BaseDjango\MuzeyProject\.venv\Lib\site-packages\django\contrib\auth\apps.py first seen with mtime 1733464569.235396
File D:\BaseDjango\MuzeyProject\.venv\Lib\site-packages\django\core\mail\utils.py first seen with mtime 1733464571.386381
File D:\BaseDjango\MuzeyProject\.venv\Lib\site-packages\django\contrib\auth\hashers.py first seen with mtime 1733464569.2403972
File D:\BaseDjango\MuzeyProject\.venv\Lib\site-packages\django\db\models\fields\mixins.py first seen with mtime 1733464571.5457647
File C:\Users\admin\AppData\Local\Programs\Python\Python39\Lib\urllib\parse.py first seen with mtime 1652795112.0
File D:\BaseDjango\MuzeyProject\.venv\Lib\site-packages\sqlparse\filters\right_margin.py first seen with mtime 1733464568.12915
File C:\Users\admin\AppData\Local\Programs\Python\Python39\Lib\_compression.py first seen with mtime 1652795110.0
File D:\BaseDjango\MuzeyProject\.venv\Lib\site-packages\PIL\ImageMode.py first seen with mtime 1733465806.949416
File D:\BaseDjango\MuzeyProject\.venv\Lib\site-packages\django\db\backends\base\creation.py first seen with mtime 1733464571.4785724
File C:\Users\admin\AppData\Local\Programs\Python\Python39\DLLs\_ctypes.pyd first seen with mtime 1652795162.0
File D:\BaseDjango\MuzeyProject\.venv\Lib\site-packages\django\utils\ipv6.py first seen with mtime 1733464571.7622032
File D:\BaseDjango\MuzeyProject\.venv\Lib\site-packages\django\views\generic\list.py first seen with mtime 1733464571.7873027
File C:\Users\admin\AppData\Local\Programs\Python\Python39\DLLs\_lzma.pyd first seen with mtime 1652795162.0
File D:\BaseDjango\MuzeyProject\.venv\Lib\site-packages\django\core\checks\urls.py first seen with mtime 1733464571.3623226
File D:\BaseDjango\MuzeyProject\.venv\Lib\site-packages\django\db\backends\sqlite3\schema.py first seen with mtime 1733464571.5146773
File C:\Users\admin\AppData\Local\Programs\Python\Python39\Lib\sre_compile.py first seen with mtime 1652795110.0
File D:\BaseDjango\MuzeyProject\.venv\Lib\site-packages\django\db\backends\base\__init__.py first seen with mtime 1733464571.476572
File C:\Users\admin\AppData\Local\Programs\Python\Python39\Lib\decimal.py first seen with mtime 1652795110.0
File C:\Users\admin\AppData\Local\Programs\Python\Python39\Lib\asyncio\protocols.py first seen with mtime 1652795110.0
File C:\Users\admin\AppData\Local\Programs\Python\Python39\Lib\email\mime\__init__.py first seen with mtime 1652795110.0
File D:\BaseDjango\MuzeyProject\.venv\Lib\site-packages\django\db\backends\base\client.py first seen with mtime 1733464571.477572
File D:\BaseDjango\MuzeyProject\.venv\Lib\site-packages\django\utils\formats.py first seen with mtime 1733464571.7592025
File C:\Users\admin\AppData\Local\Programs\Python\Python39\Lib\codecs.py first seen with mtime 1652795110.0
File C:\Users\admin\AppData\Local\Programs\Python\Python39\Lib\json\encoder.py first seen with mtime 1652795110.0
File D:\BaseDjango\MuzeyProject\.venv\Lib\site-packages\django\contrib\admin\templatetags\admin_urls.py first seen with mtime 1733464569.0853627
File D:\BaseDjango\MuzeyProject\.venv\Lib\site-packages\django\urls\__init__.py first seen with mtime 1733464571.743145
File C:\Users\admin\AppData\Local\Programs\Python\Python39\Lib\logging\config.py first seen with mtime 1652795110.0
File C:\Users\admin\AppData\Local\Programs\Python\Python39\Lib\datetime.py first seen with mtime 1652795110.0
File C:\Users\admin\AppData\Local\Programs\Python\Python39\Lib\socket.py first seen with mtime 1652795110.0
File D:\BaseDjango\MuzeyProject\.venv\Lib\site-packages\django\utils\safestring.py first seen with mtime 1733464571.7672222
File C:\Users\admin\AppData\Local\Programs\Python\Python39\Lib\ctypes\__init__.py first seen with mtime 1652795110.0
File D:\BaseDjango\MuzeyProject\MuzeyServer\SearchMenu\__init__.py first seen with mtime 1733464938.664223
File D:\BaseDjango\MuzeyProject\.venv\Lib\site-packages\django\middleware\__init__.py first seen with mtime 1733464571.7130628
File C:\Users\admin\AppData\Local\Programs\Python\Python39\Lib\pprint.py first seen with mtime 1652795110.0
File D:\BaseDjango\MuzeyProject\.venv\Lib\site-packages\django\db\backends\sqlite3\base.py first seen with mtime 1733464571.5106559
File D:\BaseDjango\MuzeyProject\MuzeyServer\SearchResult\apps.py first seen with mtime 1733465047.6724558
File D:\BaseDjango\MuzeyProject\.venv\Lib\site-packages\django\contrib\contenttypes\admin.py first seen with mtime 1733464569.397432
File C:\Users\admin\AppData\Local\Programs\Python\Python39\Lib\concurrent\__init__.py first seen with mtime 1652795110.0
File D:\BaseDjango\MuzeyProject\.venv\Lib\site-packages\django\utils\tree.py first seen with mtime 1733464571.7702415
File D:\BaseDjango\MuzeyProject\MuzeyServer\MuzeyServer\urls.py first seen with mtime 1742123548.7479253
File D:\BaseDjango\MuzeyProject\.venv\Lib\site-packages\django\conf\urls\__init__.py first seen with mtime 1733464568.6492655
File D:\BaseDjango\MuzeyProject\.venv\Lib\site-packages\django\apps\config.py first seen with mtime 1733464568.4132137
File D:\BaseDjango\MuzeyProject\.venv\Lib\site-packages\django\contrib\admin\actions.py first seen with mtime 1733464568.651266
File D:\BaseDjango\MuzeyProject\.venv\Lib\site-packages\django\db\backends\signals.py first seen with mtime 1733464571.475572
File D:\BaseDjango\MuzeyProject\.venv\Lib\site-packages\PIL\_typing.py first seen with mtime 1733465807.0044277
File D:\BaseDjango\MuzeyProject\.venv\Lib\site-packages\django\contrib\admin\helpers.py first seen with mtime 1733464568.6562672
File D:\BaseDjango\MuzeyProject\.venv\Lib\site-packages\django\db\models\functions\datetime.py first seen with mtime 1733464571.5598004
File D:\BaseDjango\MuzeyProject\.venv\Lib\site-packages\django\template\loaders\app_directories.py first seen with mtime 1733464571.7311242
File D:\BaseDjango\MuzeyProject\.venv\Lib\site-packages\django\urls\converters.py first seen with mtime 1733464571.7451646
File C:\Users\admin\AppData\Local\Programs\Python\Python39\Lib\logging\handlers.py first seen with mtime 1652795110.0
File D:\BaseDjango\MuzeyProject\.venv\Lib\site-packages\PIL\TiffTags.py first seen with mtime 1733465806.973421
File D:\BaseDjango\MuzeyProject\.venv\Lib\site-packages\django\db\models\fields\json.py first seen with mtime 1733464571.5447645
File C:\Users\admin\AppData\Local\Programs\Python\Python39\Lib\email\parser.py first seen with mtime 1652795110.0
File D:\BaseDjango\MuzeyProject\.venv\Lib\site-packages\django\db\models\sql\constants.py first seen with mtime 1733464571.5688398
File D:\BaseDjango\MuzeyProject\.venv\Lib\site-packages\sqlparse\engine\statement_splitter.py first seen with mtime 1733464568.1261494
File D:\BaseDjango\MuzeyProject\.venv\Lib\site-packages\django\db\models\fields\__init__.py first seen with mtime 1733464571.5437646
File C:\Users\admin\AppData\Local\Programs\Python\Python39\Lib\reprlib.py first seen with mtime 1652795110.0
File C:\Users\admin\AppData\Local\Programs\Python\Python39\Lib\concurrent\futures\__init__.py first seen with mtime 1652795110.0
File C:\Users\admin\AppData\Local\Programs\Python\Python39\Lib\pkgutil.py first seen with mtime 1652795110.0
File C:\Users\admin\AppData\Local\Programs\Python\Python39\Lib\functools.py first seen with mtime 1652795110.0
File C:\Users\admin\AppData\Local\Programs\Python\Python39\Lib\sysconfig.py first seen with mtime 1652795110.0
File D:\BaseDjango\MuzeyProject\MuzeyServer\send_email\__init__.py first seen with mtime 1737631813.390819
File D:\BaseDjango\MuzeyProject\.venv\Lib\site-packages\django\core\checks\model_checks.py first seen with mtime 1733464571.359322
File D:\BaseDjango\MuzeyProject\.venv\Lib\site-packages\django\db\backends\sqlite3\creation.py first seen with mtime 1733464571.511656
File C:\Users\admin\AppData\Local\Programs\Python\Python39\Lib\importlib\machinery.py first seen with mtime 1652795110.0
File D:\BaseDjango\MuzeyProject\.venv\Lib\site-packages\django\db\backends\base\operations.py first seen with mtime 1733464571.4805734
File C:\Users\admin\AppData\Local\Programs\Python\Python39\Lib\quopri.py first seen with mtime 1652795110.0
File C:\Users\admin\AppData\Local\Programs\Python\Python39\Lib\encodings\latin_1.py first seen with mtime 1652795110.0
File D:\BaseDjango\MuzeyProject\.venv\Lib\site-packages\django\db\backends\sqlite3\__init__.py first seen with mtime 1733464571.5096555
File D:\BaseDjango\MuzeyProject\.venv\Lib\site-packages\django\db\backends\sqlite3\client.py first seen with mtime 1733464571.5106559
File C:\Users\admin\AppData\Local\Programs\Python\Python39\Lib\email\headerregistry.py first seen with mtime 1652795110.0
File C:\Users\admin\AppData\Local\Programs\Python\Python39\Lib\lzma.py first seen with mtime 1652795110.0
File C:\Users\admin\AppData\Local\Programs\Python\Python39\DLLs\_ssl.pyd first seen with mtime 1652795162.0
File D:\BaseDjango\MuzeyProject\.venv\Lib\site-packages\django\contrib\sessions\middleware.py first seen with mtime 1733464570.996325
File D:\BaseDjango\MuzeyProject\.venv\Lib\site-packages\django\core\checks\compatibility\__init__.py first seen with mtime 1733464571.3623226
File D:\BaseDjango\MuzeyProject\MuzeyServer\SearchResult\views.py first seen with mtime 1733725445.2956367
File D:\BaseDjango\MuzeyProject\.venv\Lib\site-packages\django\forms\__init__.py first seen with mtime 1733464571.57386
File D:\BaseDjango\MuzeyProject\.venv\Lib\site-packages\django\utils\topological_sort.py first seen with mtime 1733464571.7702415
File C:\Users\admin\AppData\Local\Programs\Python\Python39\Lib\posixpath.py first seen with mtime 1652795110.0
File D:\BaseDjango\MuzeyProject\.venv\Lib\site-packages\PIL\Image.py first seen with mtime 1733465806.941414
File C:\Users\admin\AppData\Local\Programs\Python\Python39\Lib\__future__.py first seen with mtime 1652795110.0
File C:\Users\admin\AppData\Local\Programs\Python\Python39\Lib\asyncio\tasks.py first seen with mtime 1652795110.0
File D:\BaseDjango\MuzeyProject\.venv\Lib\site-packages\django\http\response.py first seen with mtime 1733464571.7120624
File D:\BaseDjango\MuzeyProject\.venv\Lib\site-packages\django\utils\regex_helper.py first seen with mtime 1733464571.7662218
File D:\BaseDjango\MuzeyProject\.venv\Lib\site-packages\django\contrib\auth\decorators.py first seen with mtime 1733464569.2383966
File D:\BaseDjango\MuzeyProject\.venv\Lib\site-packages\django\contrib\sessions\__init__.py first seen with mtime 1733464570.9933245
File C:\Users\admin\AppData\Local\Programs\Python\Python39\Lib\sre_constants.py first seen with mtime 1652795110.0
File D:\BaseDjango\MuzeyProject\.venv\Lib\site-packages\django\contrib\contenttypes\forms.py first seen with mtime 1733464569.4004328
File D:\BaseDjango\MuzeyProject\.venv\Lib\site-packages\_virtualenv.py first seen with mtime 1733464431.870555
File D:\BaseDjango\MuzeyProject\.venv\Lib\site-packages\django\contrib\messages\__init__.py first seen with mtime 1733464570.721454
File D:\BaseDjango\MuzeyProject\.venv\Lib\site-packages\django\core\exceptions.py first seen with mtime 1733464571.3262625
File D:\BaseDjango\MuzeyProject\.venv\Lib\site-packages\django\views\debug.py first seen with mtime 1733464571.7772622
File D:\BaseDjango\MuzeyProject\.venv\Lib\site-packages\django\contrib\auth\models.py first seen with mtime 1733464569.2413974
File D:\BaseDjango\MuzeyProject\.venv\Lib\site-packages\django\core\checks\__init__.py first seen with mtime 1733464571.3443189
File C:\Users\admin\AppData\Local\Programs\Python\Python39\Lib\dis.py first seen with mtime 1652795110.0
File D:\BaseDjango\MuzeyProject\MuzeyServer\GamesList\__init__.py first seen with mtime 1733464820.7313454
File D:\BaseDjango\MuzeyProject\.venv\Lib\site-packages\django\utils\crypto.py first seen with mtime 1733464571.7521827
File D:\BaseDjango\MuzeyProject\.venv\Lib\site-packages\django\template\loaders\cached.py first seen with mtime 1733464571.7321243
File C:\Users\admin\AppData\Local\Programs\Python\Python39\Lib\ssl.py first seen with mtime 1652795110.0
File D:\BaseDjango\MuzeyProject\.venv\Lib\site-packages\django\db\backends\__init__.py first seen with mtime 1733464571.4745731
File C:\Users\admin\AppData\Local\Programs\Python\Python39\DLLs\_uuid.pyd first seen with mtime 1652795162.0
File D:\BaseDjango\MuzeyProject\.venv\Lib\site-packages\django\core\servers\basehttp.py first seen with mtime 1733464571.4715526
File C:\Users\admin\AppData\Local\Programs\Python\Python39\Lib\_bootlocale.py first seen with mtime 1652795110.0
File C:\Users\admin\AppData\Local\Programs\Python\Python39\Lib\asyncio\sslproto.py first seen with mtime 1652795110.0
File D:\BaseDjango\MuzeyProject\.venv\Lib\site-packages\django\contrib\admin\exceptions.py first seen with mtime 1733464568.6542668
File D:\BaseDjango\MuzeyProject\.venv\Lib\site-packages\django\db\backends\sqlite3\_functions.py first seen with mtime 1733464571.5096555
File D:\BaseDjango\MuzeyProject\MuzeyServer\SearchMenu\apps.py first seen with mtime 1733464938.6622224
File D:\BaseDjango\MuzeyProject\.venv\Lib\site-packages\django\db\backends\sqlite3\operations.py first seen with mtime 1733464571.5136783
File C:\Users\admin\AppData\Local\Programs\Python\Python39\Lib\concurrent\futures\_base.py first seen with mtime 1652795110.0
File D:\BaseDjango\MuzeyProject\.venv\Lib\site-packages\sqlparse\utils.py first seen with mtime 1733464568.1241488
File C:\Users\admin\AppData\Local\Programs\Python\Python39\Lib\pickle.py first seen with mtime 1652795110.0
File D:\BaseDjango\MuzeyProject\.venv\Lib\site-packages\PIL\_imaging.cp39-win_amd64.pyd first seen with mtime 1733465806.9884238
File D:\BaseDjango\MuzeyProject\.venv\Lib\site-packages\django\core\checks\compatibility\django_4_0.py first seen with mtime 1733464571.363323
File D:\BaseDjango\MuzeyProject\MuzeyServer\MuzeyServer\__init__.py first seen with mtime 1733464675.8648503
File C:\Users\admin\AppData\Local\Programs\Python\Python39\Lib\asyncio\base_events.py first seen with mtime 1652795110.0
File D:\BaseDjango\MuzeyProject\.venv\Lib\site-packages\django\db\models\fields\files.py first seen with mtime 1733464571.5447645
File C:\Users\admin\AppData\Local\Programs\Python\Python39\DLLs\_zoneinfo.pyd first seen with mtime 1652795162.0
File D:\BaseDjango\MuzeyProject\.venv\Lib\site-packages\django\views\decorators\debug.py first seen with mtime 1733464571.7822816
File D:\BaseDjango\MuzeyProject\.venv\Lib\site-packages\sqlparse\engine\__init__.py first seen with mtime 1733464568.1241488
File D:\BaseDjango\MuzeyProject\.venv\Lib\site-packages\django\db\models\options.py first seen with mtime 1733464571.5407434
File C:\Users\admin\AppData\Local\Programs\Python\Python39\Lib\traceback.py first seen with mtime 1652795112.0
File D:\BaseDjango\MuzeyProject\MuzeyServer\SearchResult\models.py first seen with mtime 1742122438.618652
File D:\BaseDjango\MuzeyProject\.venv\Lib\site-packages\django\contrib\auth\middleware.py first seen with mtime 1733464569.2403972
File D:\BaseDjango\MuzeyProject\MuzeyServer\Base\admin.py first seen with mtime 1742129082.4737725
File D:\BaseDjango\MuzeyProject\.venv\Lib\site-packages\django\contrib\contenttypes\fields.py first seen with mtime 1733464569.3994327
File D:\BaseDjango\MuzeyProject\.venv\Lib\site-packages\django\views\decorators\cache.py first seen with mtime 1733464571.7802627
File C:\Users\admin\AppData\Local\Programs\Python\Python39\Lib\_compat_pickle.py first seen with mtime 1652795110.0
File D:\BaseDjango\MuzeyProject\.venv\Lib\site-packages\typing_extensions.py first seen with mtime 1733464568.0651357
File C:\Users\admin\AppData\Local\Programs\Python\Python39\Lib\hashlib.py first seen with mtime 1652795110.0
File D:\BaseDjango\MuzeyProject\.venv\Lib\site-packages\django\utils\duration.py first seen with mtime 1733464571.7572038
File C:\Users\admin\AppData\Local\Programs\Python\Python39\Lib\importlib\__init__.py first seen with mtime 1652795110.0
File D:\BaseDjango\MuzeyProject\.venv\Lib\site-packages\django\template\utils.py first seen with mtime 1733464571.7271051
File D:\BaseDjango\MuzeyProject\.venv\Lib\site-packages\django\core\validators.py first seen with mtime 1733464571.3342824
File D:\BaseDjango\MuzeyProject\.venv\Lib\site-packages\django\urls\exceptions.py first seen with mtime 1733464571.7451646
File D:\BaseDjango\MuzeyProject\.venv\Lib\site-packages\django\template\defaultfilters.py first seen with mtime 1733464571.721085
File C:\Users\admin\AppData\Local\Programs\Python\Python39\Lib\email\message.py first seen with mtime 1652795110.0
File D:\BaseDjango\MuzeyProject\.venv\Lib\site-packages\django\contrib\__init__.py first seen with mtime 1733464568.650266
File D:\BaseDjango\MuzeyProject\.venv\Lib\site-packages\django\urls\resolvers.py first seen with mtime 1733464571.7461636
File D:\BaseDjango\MuzeyProject\.venv\Lib\site-packages\django\utils\html.py first seen with mtime 1733464571.7602026
File D:\BaseDjango\MuzeyProject\.venv\Lib\site-packages\django\utils\version.py first seen with mtime 1733464571.7712417
File D:\BaseDjango\MuzeyProject\.venv\Lib\site-packages\PIL\_util.py first seen with mtime 1733465807.0054276
File C:\Users\admin\AppData\Local\Programs\Python\Python39\DLLs\_overlapped.pyd first seen with mtime 1652795162.0
File C:\Users\admin\AppData\Local\Programs\Python\Python39\Lib\email\mime\nonmultipart.py first seen with mtime 1652795110.0
File D:\BaseDjango\MuzeyProject\MuzeyServer\SearchMenu\views.py first seen with mtime 1739203012.594634
File C:\Users\admin\AppData\Local\Programs\Python\Python39\Lib\concurrent\futures\thread.py first seen with mtime 1652795110.0
File D:\BaseDjango\MuzeyProject\.venv\Lib\site-packages\django\utils\dates.py first seen with mtime 1733464571.7541828
File C:\Users\admin\AppData\Local\Programs\Python\Python39\Lib\abc.py first seen with mtime 1652795110.0
File C:\Users\admin\AppData\Local\Programs\Python\Python39\Lib\types.py first seen with mtime 1652795112.0
File D:\BaseDjango\MuzeyProject\.venv\Lib\site-packages\django\core\checks\files.py first seen with mtime 1733464571.346319
File D:\BaseDjango\MuzeyProject\.venv\Lib\site-packages\django\contrib\admin\templatetags\admin_modify.py first seen with mtime 1733464569.0853627
File D:\BaseDjango\MuzeyProject\.venv\Lib\site-packages\sqlparse\tokens.py first seen with mtime 1733464568.1231487
File C:\Users\admin\AppData\Local\Programs\Python\Python39\Lib\importlib\util.py first seen with mtime 1652795110.0
File D:\BaseDjango\MuzeyProject\.venv\Lib\site-packages\django\db\migrations\__init__.py first seen with mtime 1733464571.5156775
File D:\BaseDjango\MuzeyProject\.venv\Lib\site-packages\django\core\mail\__init__.py first seen with mtime 1733464571.385381
File C:\Users\admin\AppData\Local\Programs\Python\Python39\DLLs\_bz2.pyd first seen with mtime 1652795172.0
File C:\Users\admin\AppData\Local\Programs\Python\Python39\Lib\email\errors.py first seen with mtime 1652795110.0
File D:\BaseDjango\MuzeyProject\.venv\Lib\site-packages\django\http\request.py first seen with mtime 1733464571.7120624
File D:\BaseDjango\MuzeyProject\.venv\Lib\site-packages\django\contrib\contenttypes\checks.py first seen with mtime 1733464569.3994327
File D:\BaseDjango\MuzeyProject\.venv\Lib\site-packages\django\contrib\staticfiles\__init__.py first seen with mtime 1733464571.3092191
File D:\BaseDjango\MuzeyProject\MuzeyServer\GamesList\apps.py first seen with mtime 1733464820.7283447
File D:\BaseDjango\MuzeyProject\.venv\Lib\site-packages\asgiref\local.py first seen with mtime 1733464568.2531781
File C:\Users\admin\AppData\Local\Programs\Python\Python39\Lib\http\cookies.py first seen with mtime 1652795110.0
File D:\BaseDjango\MuzeyProject\MuzeyServer\Base\forms.py first seen with mtime 1738593210.2819538
File D:\BaseDjango\MuzeyProject\.venv\Lib\site-packages\django\db\models\functions\window.py first seen with mtime 1733464571.5658183
File C:\Users\admin\AppData\Local\Programs\Python\Python39\Lib\os.py first seen with mtime 1652795110.0
File D:\BaseDjango\MuzeyProject\MuzeyServer\send_email\views.py first seen with mtime 1742412420.7548673
File D:\BaseDjango\MuzeyProject\.venv\Lib\site-packages\django\db\models\fields\proxy.py first seen with mtime 1733464571.5457647
File D:\BaseDjango\MuzeyProject\.venv\Lib\site-packages\django\contrib\auth\management\__init__.py first seen with mtime 1733464569.3864298
File D:\BaseDjango\MuzeyProject\.venv\Lib\site-packages\django\core\management\base.py first seen with mtime 1733464571.3974197
File C:\Users\admin\AppData\Local\Programs\Python\Python39\Lib\http\__init__.py first seen with mtime 1652795110.0
File D:\BaseDjango\MuzeyProject\.venv\Lib\site-packages\django\db\migrations\operations\__init__.py first seen with mtime 1733464571.5267198
File C:\Users\admin\AppData\Local\Programs\Python\Python39\Lib\email\feedparser.py first seen with mtime 1652795110.0
File C:\Users\admin\AppData\Local\Programs\Python\Python39\Lib\http\client.py first seen with mtime 1652795110.0
File D:\BaseDjango\MuzeyProject\.venv\Lib\site-packages\django\core\checks\security\sessions.py first seen with mtime 1733464571.365342
File C:\Users\admin\AppData\Local\Programs\Python\Python39\Lib\enum.py first seen with mtime 1652795110.0
File C:\Users\admin\AppData\Local\Programs\Python\Python39\Lib\collections\abc.py first seen with mtime 1652795110.0
File C:\Users\admin\AppData\Local\Programs\Python\Python39\Lib\zoneinfo\_tzpath.py first seen with mtime 1652795112.0
File D:\BaseDjango\MuzeyProject\.venv\Lib\site-packages\django\template\loaders\base.py first seen with mtime 1733464571.7321243
File C:\Users\admin\AppData\Local\Programs\Python\Python39\Lib\signal.py first seen with mtime 1652795110.0
File D:\BaseDjango\MuzeyProject\.venv\Lib\site-packages\sqlparse\sql.py first seen with mtime 1733464568.1231487
File D:\BaseDjango\MuzeyProject\.venv\Lib\site-packages\django\core\servers\__init__.py first seen with mtime 1733464571.4715526
File D:\BaseDjango\MuzeyProject\.venv\Lib\site-packages\sqlparse\cli.py first seen with mtime 1733464568.1191483
File D:\BaseDjango\MuzeyProject\.venv\Lib\site-packages\django\forms\widgets.py first seen with mtime 1733464571.5788605
File D:\BaseDjango\MuzeyProject\.venv\Lib\site-packages\django\contrib\sites\shortcuts.py first seen with mtime 1733464571.1527772
File D:\BaseDjango\MuzeyProject\.venv\Lib\site-packages\PIL\ExifTags.py first seen with mtime 1733465806.9324121
File D:\BaseDjango\MuzeyProject\MuzeyServer\SearchMenu\models.py first seen with mtime 1733558091.3495717
File D:\BaseDjango\MuzeyProject\.venv\Lib\site-packages\django\template\loader.py first seen with mtime 1733464571.7251048
File C:\Users\admin\AppData\Local\Programs\Python\Python39\Lib\bz2.py first seen with mtime 1652795110.0
File D:\BaseDjango\MuzeyProject\.venv\Lib\site-packages\django\template\smartif.py first seen with mtime 1733464571.726105
File D:\BaseDjango\MuzeyProject\.venv\Lib\site-packages\django\db\models\signals.py first seen with mtime 1733464571.5427656
File D:\BaseDjango\MuzeyProject\.venv\Lib\site-packages\django\utils\_os.py first seen with mtime 1733464571.7471642
File C:\Users\admin\AppData\Local\Programs\Python\Python39\Lib\contextlib.py first seen with mtime 1652795110.0
File C:\Users\admin\AppData\Local\Programs\Python\Python39\Lib\genericpath.py first seen with mtime 1652795110.0
File C:\Users\admin\AppData\Local\Programs\Python\Python39\Lib\urllib\__init__.py first seen with mtime 1652795112.0
File D:\BaseDjango\MuzeyProject\.venv\Lib\site-packages\django\utils\http.py first seen with mtime 1733464571.7612028
File C:\Users\admin\AppData\Local\Programs\Python\Python39\Lib\zoneinfo\__init__.py first seen with mtime 1652795112.0
File D:\BaseDjango\MuzeyProject\.venv\Lib\site-packages\django\core\checks\async_checks.py first seen with mtime 1733464571.3453188
File D:\BaseDjango\MuzeyProject\.venv\Lib\site-packages\django\core\checks\translation.py first seen with mtime 1733464571.3613224
File D:\BaseDjango\MuzeyProject\.venv\Lib\site-packages\django\core\files\storage\memory.py first seen with mtime 1733464571.3813818
File C:\Users\admin\AppData\Local\Programs\Python\Python39\Lib\token.py first seen with mtime 1652795112.0
File D:\BaseDjango\MuzeyProject\MuzeyServer\GamesList\views.py first seen with mtime 1742135042.3997183
File C:\Users\admin\AppData\Local\Programs\Python\Python39\Lib\asyncio\transports.py first seen with mtime 1652795110.0
File D:\BaseDjango\MuzeyProject\.venv\Lib\site-packages\django\core\management\__init__.py first seen with mtime 1733464571.3964193
File D:\BaseDjango\MuzeyProject\.venv\Lib\site-packages\django\templatetags\l10n.py first seen with mtime 1733464571.7361436
File C:\Users\admin\AppData\Local\Programs\Python\Python39\Lib\email\utils.py first seen with mtime 1652795110.0
File C:\Users\admin\AppData\Local\Programs\Python\Python39\Lib\asyncio\selector_events.py first seen with mtime 1652795110.0
File D:\BaseDjango\MuzeyProject\.venv\Lib\site-packages\django\core\signing.py first seen with mtime 1733464571.3272624
File D:\BaseDjango\MuzeyProject\.venv\Lib\site-packages\django\views\csrf.py first seen with mtime 1733464571.7762623
File D:\BaseDjango\MuzeyProject\.venv\Lib\site-packages\django\template\loaders\__init__.py first seen with mtime 1733464571.7311242
File D:\BaseDjango\MuzeyProject\.venv\Lib\site-packages\django\template\backends\django.py first seen with mtime 1733464571.729124
File C:\Users\admin\AppData\Local\Programs\Python\Python39\Lib\json\decoder.py first seen with mtime 1652795110.0
File D:\BaseDjango\MuzeyProject\.venv\Lib\site-packages\django\db\models\base.py first seen with mtime 1733464571.5317433
File D:\BaseDjango\MuzeyProject\.venv\Lib\site-packages\django\contrib\admin\templatetags\base.py first seen with mtime 1733464569.086363
File C:\Users\admin\AppData\Local\Programs\Python\Python39\Lib\fractions.py first seen with mtime 1652795110.0
File D:\BaseDjango\MuzeyProject\.venv\Lib\site-packages\django\core\checks\security\base.py first seen with mtime 1733464571.3643432
File C:\Users\admin\AppData\Local\Programs\Python\Python39\DLLs\select.pyd first seen with mtime 1652795162.0
File D:\BaseDjango\MuzeyProject\.venv\Lib\site-packages\django\contrib\admin\templatetags\log.py first seen with mtime 1733464569.086363
File D:\BaseDjango\MuzeyProject\.venv\Lib\site-packages\django\core\checks\registry.py first seen with mtime 1733464571.360322
File D:\BaseDjango\MuzeyProject\.venv\Lib\site-packages\django\template\context.py first seen with mtime 1733464571.7200851
File D:\BaseDjango\MuzeyProject\.venv\Lib\site-packages\django\db\models\sql\__init__.py first seen with mtime 1733464571.5668416
File C:\Users\admin\AppData\Local\Programs\Python\Python39\Lib\html\__init__.py first seen with mtime 1652795110.0
File C:\Users\admin\AppData\Local\Programs\Python\Python39\Lib\shutil.py first seen with mtime 1652795110.0
File C:\Users\admin\AppData\Local\Programs\Python\Python39\Lib\sqlite3\dbapi2.py first seen with mtime 1652795110.0
File D:\BaseDjango\MuzeyProject\.venv\Lib\site-packages\django\contrib\auth\backends.py first seen with mtime 1733464569.235396
File C:\Users\admin\AppData\Local\Programs\Python\Python39\DLLs\_sqlite3.pyd first seen with mtime 1652795162.0
File D:\BaseDjango\MuzeyProject\.venv\Lib\site-packages\django\template\response.py first seen with mtime 1733464571.726105
File D:\BaseDjango\MuzeyProject\.venv\Lib\site-packages\django\forms\models.py first seen with mtime 1733464571.5768602
File C:\Users\admin\AppData\Local\Programs\Python\Python39\Lib\glob.py first seen with mtime 1652795110.0
File C:\Users\admin\AppData\Local\Programs\Python\Python39\Lib\urllib\request.py first seen with mtime 1652795112.0
File D:\BaseDjango\MuzeyProject\.venv\Lib\site-packages\django\__init__.py first seen with mtime 1733464568.4112132
File D:\BaseDjango\MuzeyProject\.venv\Lib\site-packages\django\contrib\contenttypes\management\__init__.py first seen with mtime 1733464569.535463
File C:\Users\admin\AppData\Local\Programs\Python\Python39\Lib\email\mime\message.py first seen with mtime 1652795110.0
File D:\BaseDjango\MuzeyProject\.venv\Lib\site-packages\django\core\serializers\base.py first seen with mtime 1733464571.4675303
File D:\BaseDjango\MuzeyProject\.venv\Lib\site-packages\django\views\decorators\csrf.py first seen with mtime 1733464571.781283
File D:\BaseDjango\MuzeyProject\.venv\Lib\site-packages\django\contrib\sessions\models.py first seen with mtime 1733464570.996325
File D:\BaseDjango\MuzeyProject\.venv\Lib\site-packages\django\utils\timesince.py first seen with mtime 1733464571.769243
File D:\BaseDjango\MuzeyProject\.venv\Lib\site-packages\PIL\ImageDraw.py first seen with mtime 1733465806.944415
File D:\BaseDjango\MuzeyProject\.venv\Lib\site-packages\django\contrib\staticfiles\apps.py first seen with mtime 1733464571.3092191
File D:\BaseDjango\MuzeyProject\.venv\Lib\site-packages\django\db\models\expressions.py first seen with mtime 1733464571.537743
File D:\BaseDjango\MuzeyProject\.venv\Lib\site-packages\django\contrib\auth\admin.py first seen with mtime 1733464569.2343957
File C:\Users\admin\AppData\Local\Programs\Python\Python39\Lib\tempfile.py first seen with mtime 1652795110.0
File D:\BaseDjango\MuzeyProject\.venv\Lib\site-packages\django\db\backends\base\features.py first seen with mtime 1733464571.4785724
File D:\BaseDjango\MuzeyProject\.venv\Lib\site-packages\django\db\transaction.py first seen with mtime 1733464571.4725528
File C:\Users\admin\AppData\Local\Programs\Python\Python39\Lib\socketserver.py first seen with mtime 1652795110.0
File D:\BaseDjango\MuzeyProject\.venv\Lib\site-packages\django\utils\dateformat.py first seen with mtime 1733464571.7531826
File D:\BaseDjango\MuzeyProject\.venv\Lib\site-packages\django\dispatch\dispatcher.py first seen with mtime 1733464571.5728612
File D:\BaseDjango\MuzeyProject\.venv\Lib\site-packages\django\templatetags\cache.py first seen with mtime 1733464571.7351434
File D:\BaseDjango\MuzeyProject\.venv\Lib\site-packages\django\db\models\__init__.py first seen with mtime 1733464571.5297203
File C:\Users\admin\AppData\Local\Programs\Python\Python39\Lib\contextvars.py first seen with mtime 1652795110.0
File D:\BaseDjango\MuzeyProject\.venv\Lib\site-packages\django\contrib\admin\templatetags\__init__.py first seen with mtime 1733464569.083362
File D:\BaseDjango\MuzeyProject\MuzeyServer\GamesList\models.py first seen with mtime 1733464820.7293448
File D:\BaseDjango\MuzeyProject\.venv\Lib\site-packages\django\core\checks\security\__init__.py first seen with mtime 1733464571.363323
File D:\BaseDjango\MuzeyProject\.venv\Lib\site-packages\django\apps\__init__.py first seen with mtime 1733464568.4132137
File D:\BaseDjango\MuzeyProject\.venv\Lib\site-packages\sqlparse\__init__.py first seen with mtime 1733464568.118148
File D:\BaseDjango\MuzeyProject\.venv\Lib\site-packages\django\utils\hashable.py first seen with mtime 1733464571.7602026
File D:\BaseDjango\MuzeyProject\.venv\Lib\site-packages\django\core\files\move.py first seen with mtime 1733464571.3683424
File D:\BaseDjango\MuzeyProject\.venv\Lib\site-packages\django\db\models\lookups.py first seen with mtime 1733464571.538743
File D:\BaseDjango\MuzeyProject\.venv\Lib\site-packages\django\db\utils.py first seen with mtime 1733464571.473553
File D:\BaseDjango\MuzeyProject\.venv\Lib\site-packages\django\core\serializers\json.py first seen with mtime 1733464571.4675303
File D:\BaseDjango\MuzeyProject\.venv\Lib\site-packages\django\db\migrations\exceptions.py first seen with mtime 1733464571.5166779
File D:\BaseDjango\MuzeyProject\.venv\Lib\site-packages\django\views\generic\dates.py first seen with mtime 1733464571.785282
File C:\Users\admin\AppData\Local\Programs\Python\Python39\Lib\email\header.py first seen with mtime 1652795110.0
File C:\Users\admin\AppData\Local\Programs\Python\Python39\Lib\ctypes\_endian.py first seen with mtime 1652795110.0
File D:\BaseDjango\MuzeyProject\.venv\Lib\site-packages\django\core\serializers\__init__.py first seen with mtime 1733464571.4665303
File C:\Users\admin\AppData\Local\Programs\Python\Python39\Lib\struct.py first seen with mtime 1652795110.0
File D:\BaseDjango\MuzeyProject\.venv\Lib\site-packages\sqlparse\filters\output.py first seen with mtime 1733464568.1281497
File C:\Users\admin\AppData\Local\Programs\Python\Python39\Lib\html\entities.py first seen with mtime 1652795110.0
File D:\BaseDjango\MuzeyProject\.venv\Lib\site-packages\django\db\models\constants.py first seen with mtime 1733464571.5317433
File D:\BaseDjango\MuzeyProject\.venv\Lib\site-packages\django\db\models\sql\subqueries.py first seen with mtime 1733464571.5708406
File D:\BaseDjango\MuzeyProject\MuzeyServer\SearchResult\admin.py first seen with mtime 1733465975.2854438
File D:\BaseDjango\MuzeyProject\.venv\Lib\site-packages\django\core\handlers\base.py first seen with mtime 1733464571.3833804
File C:\Users\admin\AppData\Local\Programs\Python\Python39\Lib\email\_policybase.py first seen with mtime 1652795110.0
File D:\BaseDjango\MuzeyProject\.venv\Lib\site-packages\django\utils\numberformat.py first seen with mtime 1733464571.7662218
File D:\BaseDjango\MuzeyProject\.venv\Lib\site-packages\django\contrib\staticfiles\views.py first seen with mtime 1733464571.3172204
File C:\Users\admin\AppData\Local\Programs\Python\Python39\Lib\asyncio\format_helpers.py first seen with mtime 1652795110.0
File C:\Users\admin\AppData\Local\Programs\Python\Python39\Lib\email\charset.py first seen with mtime 1652795110.0
File C:\Users\admin\AppData\Local\Programs\Python\Python39\Lib\multiprocessing\__init__.py first seen with mtime 1652795110.0
File D:\BaseDjango\MuzeyProject\.venv\Lib\site-packages\django\middleware\cache.py first seen with mtime 1733464571.7130628
File C:\Users\admin\AppData\Local\Programs\Python\Python39\Lib\email\mime\text.py first seen with mtime 1652795110.0
File D:\BaseDjango\MuzeyProject\.venv\Lib\site-packages\django\contrib\auth\validators.py first seen with mtime 1733464569.2443984
File D:\BaseDjango\MuzeyProject\.venv\Lib\site-packages\django\template\backends\__init__.py first seen with mtime 1733464571.7271051
File D:\BaseDjango\MuzeyProject\.venv\Lib\site-packages\django\contrib\auth\forms.py first seen with mtime 1733464569.239397
File D:\BaseDjango\MuzeyProject\.venv\Lib\site-packages\django\contrib\admin\utils.py first seen with mtime 1733464568.659268
File D:\BaseDjango\MuzeyProject\.venv\Lib\site-packages\django\core\cache\backends\locmem.py first seen with mtime 1733464571.3393009
File C:\Users\admin\AppData\Local\Programs\Python\Python39\Lib\fnmatch.py first seen with mtime 1652795110.0
File D:\BaseDjango\MuzeyProject\.venv\Lib\site-packages\django\db\backends\sqlite3\features.py first seen with mtime 1733464571.5126562
File C:\Users\admin\AppData\Local\Programs\Python\Python39\Lib\wsgiref\simple_server.py first seen with mtime 1652795112.0
File D:\BaseDjango\MuzeyProject\.venv\Lib\site-packages\django\core\checks\database.py first seen with mtime 1733464571.346319
File D:\BaseDjango\MuzeyProject\.venv\Lib\site-packages\django\db\models\functions\text.py first seen with mtime 1733464571.561818
File C:\Users\admin\AppData\Local\Programs\Python\Python39\Lib\asyncio\futures.py first seen with mtime 1652795110.0
File C:\Users\admin\AppData\Local\Programs\Python\Python39\Lib\statistics.py first seen with mtime 1652795110.0
File C:\Users\admin\AppData\Local\Programs\Python\Python39\Lib\http\server.py first seen with mtime 1652795110.0
File D:\BaseDjango\MuzeyProject\.venv\Lib\site-packages\django\utils\cache.py first seen with mtime 1733464571.751184
File D:\BaseDjango\MuzeyProject\.venv\Lib\site-packages\asgiref\sync.py first seen with mtime 1733464568.2551785
File C:\Users\admin\AppData\Local\Programs\Python\Python39\Lib\secrets.py first seen with mtime 1652795110.0
File D:\BaseDjango\MuzeyProject\.venv\Lib\site-packages\django\views\i18n.py first seen with mtime 1733464571.7782624
File C:\Users\admin\AppData\Local\Programs\Python\Python39\Lib\_sitebuiltins.py first seen with mtime 1652795110.0
File D:\BaseDjango\MuzeyProject\.venv\Lib\site-packages\django\contrib\admin\views\__init__.py first seen with mtime 1733464569.087363
File C:\Users\admin\AppData\Local\Programs\Python\Python39\Lib\mimetypes.py first seen with mtime 1652795110.0
File D:\BaseDjango\MuzeyProject\.venv\Lib\site-packages\django\contrib\admin\options.py first seen with mtime 1733464568.6572673
File D:\BaseDjango\MuzeyProject\.venv\Lib\site-packages\django\core\handlers\__init__.py first seen with mtime 1733464571.3823805
File D:\BaseDjango\MuzeyProject\.venv\Lib\site-packages\django\core\handlers\asgi.py first seen with mtime 1733464571.3833804
File D:\BaseDjango\MuzeyProject\.venv\Lib\site-packages\django\http\cookie.py first seen with mtime 1733464571.7110627
File D:\BaseDjango\MuzeyProject\.venv\Lib\site-packages\django\core\checks\templates.py first seen with mtime 1733464571.3613224
File D:\BaseDjango\MuzeyProject\.venv\Lib\site-packages\asgiref\current_thread_executor.py first seen with mtime 1733464568.252178
File D:\BaseDjango\MuzeyProject\.venv\Lib\site-packages\django\templatetags\i18n.py first seen with mtime 1733464571.7351434
File D:\BaseDjango\MuzeyProject\.venv\Lib\site-packages\django\utils\connection.py first seen with mtime 1733464571.751184
File D:\BaseDjango\MuzeyProject\.venv\Lib\site-packages\django\utils\text.py first seen with mtime 1733464571.768222
File D:\BaseDjango\MuzeyProject\.venv\Lib\site-packages\django\core\management\color.py first seen with mtime 1733464571.3984199
File C:\Users\admin\AppData\Local\Programs\Python\Python39\Lib\email\contentmanager.py first seen with mtime 1652795110.0
File D:\BaseDjango\MuzeyProject\.venv\Lib\site-packages\django\db\models\sql\query.py first seen with mtime 1733464571.5698402
File C:\Users\admin\AppData\Local\Programs\Python\Python39\Lib\wsgiref\handlers.py first seen with mtime 1652795112.0
File D:\BaseDjango\MuzeyProject\.venv\Lib\site-packages\_distutils_hack\__init__.py first seen with mtime 1733464432.163577
File D:\BaseDjango\MuzeyProject\.venv\Lib\site-packages\django\urls\utils.py first seen with mtime 1733464571.7461636
File C:\Users\admin\AppData\Local\Programs\Python\Python39\Lib\stat.py first seen with mtime 1652795110.0
File D:\BaseDjango\MuzeyProject\.venv\Lib\site-packages\django\utils\deconstruct.py first seen with mtime 1733464571.755183
File C:\Users\admin\AppData\Local\Programs\Python\Python39\Lib\ntpath.py first seen with mtime 1652795110.0
File D:\BaseDjango\MuzeyProject\MuzeyServer\Base\apps.py first seen with mtime 1733464812.0479295
File C:\Users\admin\AppData\Local\Programs\Python\Python39\Lib\email\generator.py first seen with mtime 1652795110.0
File C:\Users\admin\AppData\Local\Programs\Python\Python39\Lib\weakref.py first seen with mtime 1652795112.0
File C:\Users\admin\AppData\Local\Programs\Python\Python39\Lib\wsgiref\headers.py first seen with mtime 1652795112.0
File D:\BaseDjango\MuzeyProject\.venv\Lib\site-packages\django\http\__init__.py first seen with mtime 1733464571.7100637
File D:\BaseDjango\MuzeyProject\.venv\Lib\site-packages\django\middleware\security.py first seen with mtime 1733464571.7180846
File C:\Users\admin\AppData\Local\Programs\Python\Python39\Lib\opcode.py first seen with mtime 1652795110.0
File D:\BaseDjango\MuzeyProject\.venv\Lib\site-packages\django\core\files\images.py first seen with mtime 1733464571.367342
File C:\Users\admin\AppData\Local\Programs\Python\Python39\Lib\getpass.py first seen with mtime 1652795110.0
File C:\Users\admin\AppData\Local\Programs\Python\Python39\Lib\sre_parse.py first seen with mtime 1652795110.0
File D:\BaseDjango\MuzeyProject\.venv\Lib\site-packages\django\utils\termcolors.py first seen with mtime 1733464571.7672222
File C:\Users\admin\AppData\Local\Programs\Python\Python39\Lib\operator.py first seen with mtime 1652795110.0
File D:\BaseDjango\MuzeyProject\.venv\Lib\site-packages\django\db\migrations\operations\models.py first seen with mtime 1733464571.5287201
File D:\BaseDjango\MuzeyProject\.venv\Lib\site-packages\django\db\models\constraints.py first seen with mtime 1733464571.5327415
File C:\Users\admin\AppData\Local\Programs\Python\Python39\Lib\asyncio\staggered.py first seen with mtime 1652795110.0
File D:\BaseDjango\MuzeyProject\.venv\Lib\site-packages\django\views\generic\detail.py first seen with mtime 1733464571.7862823
File C:\Users\admin\AppData\Local\Programs\Python\Python39\Lib\platform.py first seen with mtime 1652795110.0
File C:\Users\admin\AppData\Local\Programs\Python\Python39\Lib\gzip.py first seen with mtime 1652795110.0
File D:\BaseDjango\MuzeyProject\.venv\Lib\site-packages\django\conf\global_settings.py first seen with mtime 1733464568.4152143
File D:\BaseDjango\MuzeyProject\.venv\Lib\site-packages\django\db\models\query_utils.py first seen with mtime 1733464571.5417435
File D:\BaseDjango\MuzeyProject\MuzeyServer\SearchMenu\admin.py first seen with mtime 1733464938.6552207
File D:\BaseDjango\MuzeyProject\.venv\Lib\site-packages\PIL\ImageFont.py first seen with mtime 1733465806.9474156
File C:\Users\admin\AppData\Local\Programs\Python\Python39\Lib\random.py first seen with mtime 1652795110.0
File D:\BaseDjango\MuzeyProject\.venv\Lib\site-packages\django\db\migrations\operations\base.py first seen with mtime 1733464571.5277197
File C:\Users\admin\AppData\Local\Programs\Python\Python39\Lib\asyncio\queues.py first seen with mtime 1652795110.0
File D:\BaseDjango\MuzeyProject\.venv\Lib\site-packages\django\contrib\staticfiles\finders.py first seen with mtime 1733464571.310219
File D:\BaseDjango\MuzeyProject\.venv\Lib\site-packages\django\template\defaulttags.py first seen with mtime 1733464571.722106
File C:\Users\admin\AppData\Local\Programs\Python\Python39\Lib\asyncio\events.py first seen with mtime 1652795110.0
File C:\Users\admin\AppData\Local\Programs\Python\Python39\Lib\email\_encoded_words.py first seen with mtime 1652795110.0
File D:\BaseDjango\MuzeyProject\.venv\Lib\site-packages\django\core\checks\messages.py first seen with mtime 1733464571.3473194
File C:\Users\admin\AppData\Local\Programs\Python\Python39\Lib\calendar.py first seen with mtime 1652795110.0
File C:\Users\admin\AppData\Local\Programs\Python\Python39\Lib\html\parser.py first seen with mtime 1652795110.0
File C:\Users\admin\AppData\Local\Programs\Python\Python39\DLLs\_queue.pyd first seen with mtime 1652795162.0
File D:\BaseDjango\MuzeyProject\.venv\Lib\site-packages\django\core\signals.py first seen with mtime 1733464571.3272624
File D:\BaseDjango\MuzeyProject\.venv\Lib\site-packages\django\utils\datastructures.py first seen with mtime 1733464571.7521827
File D:\BaseDjango\MuzeyProject\.venv\Lib\site-packages\django\contrib\contenttypes\__init__.py first seen with mtime 1733464569.397432
File D:\BaseDjango\MuzeyProject\.venv\Lib\site-packages\django\contrib\staticfiles\management\commands\runserver.py first seen with mtime 1733464571.3192418
File D:\BaseDjango\MuzeyProject\.venv\Lib\site-packages\django\templatetags\tz.py first seen with mtime 1733464571.7371438
File D:\BaseDjango\MuzeyProject\.venv\Lib\site-packages\django\contrib\staticfiles\management\__init__.py first seen with mtime 1733464571.3172204
File D:\BaseDjango\MuzeyProject\.venv\Lib\site-packages\django\core\cache\utils.py first seen with mtime 1733464571.3362825
File D:\BaseDjango\MuzeyProject\.venv\Lib\site-packages\django\core\mail\message.py first seen with mtime 1733464571.386381
File D:\BaseDjango\MuzeyProject\.venv\Lib\site-packages\django\template\loaders\filesystem.py first seen with mtime 1733464571.7331245
File C:\Users\admin\AppData\Local\Programs\Python\Python39\Lib\json\__init__.py first seen with mtime 1652795110.0
File D:\BaseDjango\MuzeyProject\.venv\Lib\site-packages\django\contrib\messages\utils.py first seen with mtime 1733464570.724473
File D:\BaseDjango\MuzeyProject\.venv\Lib\site-packages\django\contrib\auth\password_validation.py first seen with mtime 1733464569.2423975
File D:\BaseDjango\MuzeyProject\.venv\Lib\site-packages\django\db\models\fields\related.py first seen with mtime 1733464571.546765
File D:\BaseDjango\MuzeyProject\.venv\Lib\site-packages\django\contrib\staticfiles\management\commands\__init__.py first seen with mtime 1733464571.3182206
File C:\Users\admin\AppData\Local\Programs\Python\Python39\Lib\zoneinfo\_common.py first seen with mtime 1652795112.0
File D:\BaseDjango\MuzeyProject\.venv\Lib\site-packages\sqlparse\filters\tokens.py first seen with mtime 1733464568.1301503
File D:\BaseDjango\MuzeyProject\.venv\Lib\site-packages\django\core\files\utils.py first seen with mtime 1733464571.3783607
File C:\Users\admin\AppData\Local\Programs\Python\Python39\Lib\tokenize.py first seen with mtime 1652795112.0
File C:\Users\admin\AppData\Local\Programs\Python\Python39\Lib\numbers.py first seen with mtime 1652795110.0
File D:\BaseDjango\MuzeyProject\.venv\Lib\site-packages\django\apps\registry.py first seen with mtime 1733464568.4142137
File D:\BaseDjango\MuzeyProject\.venv\Lib\site-packages\django\conf\locale\__init__.py first seen with mtime 1733464568.4222155
File C:\Users\admin\AppData\Local\Programs\Python\Python39\Lib\json\scanner.py first seen with mtime 1652795110.0
File D:\BaseDjango\MuzeyProject\.venv\Lib\site-packages\django\core\files\uploadhandler.py first seen with mtime 1733464571.3773606
File D:\BaseDjango\MuzeyProject\.venv\Lib\site-packages\PIL\_deprecate.py first seen with mtime 1733465806.979422
File C:\Users\admin\AppData\Local\Programs\Python\Python39\Lib\sqlite3\__init__.py first seen with mtime 1652795110.0
File D:\BaseDjango\MuzeyProject\.venv\Lib\site-packages\django\contrib\sites\__init__.py first seen with mtime 1733464571.1477766
File D:\BaseDjango\MuzeyProject\.venv\Lib\site-packages\django\middleware\csrf.py first seen with mtime 1733464571.715063
File D:\BaseDjango\MuzeyProject\.venv\Lib\site-packages\django\db\models\aggregates.py first seen with mtime 1733464571.5307207
File C:\Users\admin\AppData\Local\Programs\Python\Python39\Lib\email\_header_value_parser.py first seen with mtime 1652795110.0
File D:\BaseDjango\MuzeyProject\.venv\Lib\site-packages\PIL\ImageColor.py first seen with mtime 1733465806.9434142
File D:\BaseDjango\MuzeyProject\.venv\Lib\site-packages\django\urls\conf.py first seen with mtime 1733464571.7441454
File D:\BaseDjango\MuzeyProject\.venv\Lib\site-packages\django\contrib\admin\views\main.py first seen with mtime 1733464569.0893638
File D:\BaseDjango\MuzeyProject\MuzeyServer\GamesList\admin.py first seen with mtime 1733464820.7233436
File D:\BaseDjango\MuzeyProject\.venv\Lib\site-packages\PIL\_imagingft.cp39-win_amd64.pyd first seen with mtime 1733465806.9994264
File D:\BaseDjango\MuzeyProject\.venv\Lib\site-packages\django\core\files\uploadedfile.py first seen with mtime 1733464571.3773606
File D:\BaseDjango\MuzeyProject\.venv\Lib\site-packages\django\views\defaults.py first seen with mtime 1733464571.7772622
File D:\BaseDjango\MuzeyProject\.venv\Lib\site-packages\django\contrib\sessions\base_session.py first seen with mtime 1733464570.9943247
File D:\BaseDjango\MuzeyProject\.venv\Lib\site-packages\django\core\files\storage\mixins.py first seen with mtime 1733464571.3823805
File D:\BaseDjango\MuzeyProject\.venv\Lib\site-packages\django\template\autoreload.py first seen with mtime 1733464571.7190845
File D:\BaseDjango\MuzeyProject\.venv\Lib\site-packages\django\core\__init__.py first seen with mtime 1733464571.3242414
File D:\BaseDjango\MuzeyProject\.venv\Lib\site-packages\django\contrib\auth\base_user.py first seen with mtime 1733464569.2363963
File D:\BaseDjango\MuzeyProject\.venv\Lib\site-packages\django\db\backends\base\introspection.py first seen with mtime 1733464571.4795725
File D:\BaseDjango\MuzeyProject\.venv\Lib\site-packages\django\conf\__init__.py first seen with mtime 1733464568.4142137
File D:\BaseDjango\MuzeyProject\.venv\Lib\site-packages\django\utils\autoreload.py first seen with mtime 1733464571.7491639
File D:\BaseDjango\MuzeyProject\.venv\Lib\site-packages\django\contrib\admin\templatetags\admin_list.py first seen with mtime 1733464569.0843625
File C:\Users\admin\AppData\Local\Programs\Python\Python39\Lib\asyncio\base_futures.py first seen with mtime 1652795110.0
File D:\BaseDjango\MuzeyProject\.venv\Lib\site-packages\asgiref\__init__.py first seen with mtime 1733464568.2511775
File D:\BaseDjango\MuzeyProject\.venv\Lib\site-packages\django\core\files\storage\handler.py first seen with mtime 1733464571.3803613
File C:\Users\admin\AppData\Local\Programs\Python\Python39\Lib\encodings\__init__.py first seen with mtime 1652795110.0
File D:\BaseDjango\MuzeyProject\.venv\Lib\site-packages\django\contrib\messages\api.py first seen with mtime 1733464570.721454
File D:\BaseDjango\MuzeyProject\.venv\Lib\site-packages\django\db\models\functions\mixins.py first seen with mtime 1733464571.560819
File D:\BaseDjango\MuzeyProject\.venv\Lib\site-packages\django\forms\forms.py first seen with mtime 1733464571.57586
File D:\BaseDjango\MuzeyProject\.venv\Lib\site-packages\django\views\static.py first seen with mtime 1733464571.7782624
File D:\BaseDjango\MuzeyProject\.venv\Lib\site-packages\django\db\backends\base\validation.py first seen with mtime 1733464571.4815729
File C:\Users\admin\AppData\Local\Programs\Python\Python39\Lib\hmac.py first seen with mtime 1652795110.0
File C:\Users\admin\AppData\Local\Programs\Python\Python39\Lib\_weakrefset.py first seen with mtime 1652795110.0
File D:\BaseDjango\MuzeyProject\.venv\Lib\site-packages\django\contrib\admin\__init__.py first seen with mtime 1733464568.651266
File D:\BaseDjango\MuzeyProject\.venv\Lib\site-packages\django\forms\renderers.py first seen with mtime 1733464571.577861
File C:\Users\admin\AppData\Local\Programs\Python\Python39\DLLs\_decimal.pyd first seen with mtime 1652795162.0
File D:\BaseDjango\MuzeyProject\.venv\Lib\site-packages\sqlparse\engine\grouping.py first seen with mtime 1733464568.125149
File C:\Users\admin\AppData\Local\Programs\Python\Python39\Lib\warnings.py first seen with mtime 1652795112.0
File D:\BaseDjango\MuzeyProject\.venv\Lib\site-packages\django\http\multipartparser.py first seen with mtime 1733464571.7110627
File C:\Users\admin\AppData\Local\Programs\Python\Python39\Lib\ipaddress.py first seen with mtime 1652795110.0
File D:\BaseDjango\MuzeyProject\.venv\Lib\site-packages\django\contrib\admin\checks.py first seen with mtime 1733464568.6532667
File D:\BaseDjango\MuzeyProject\.venv\Lib\site-packages\django\contrib\contenttypes\apps.py first seen with mtime 1733464569.3984332
File C:\Users\admin\AppData\Local\Programs\Python\Python39\Lib\logging\__init__.py first seen with mtime 1652795110.0
File C:\Users\admin\AppData\Local\Programs\Python\Python39\DLLs\_hashlib.pyd first seen with mtime 1652795162.0
File D:\BaseDjango\MuzeyProject\.venv\Lib\site-packages\django\db\models\manager.py first seen with mtime 1733464571.5397432
File C:\Users\admin\AppData\Local\Programs\Python\Python39\Lib\email\base64mime.py first seen with mtime 1652795110.0
File D:\BaseDjango\MuzeyProject\.venv\Lib\site-packages\django\db\migrations\utils.py first seen with mtime 1733464571.5257215
File D:\BaseDjango\MuzeyProject\.venv\Lib\site-packages\django\core\files\storage\__init__.py first seen with mtime 1733464571.379361
File D:\BaseDjango\MuzeyProject\.venv\Lib\site-packages\django\template\base.py first seen with mtime 1733464571.7200851
File D:\BaseDjango\MuzeyProject\MuzeyServer\Base\__init__.py first seen with mtime 1733464812.04993
File C:\Users\admin\AppData\Local\Programs\Python\Python39\Lib\asyncio\log.py first seen with mtime 1652795110.0
File D:\BaseDjango\MuzeyProject\MuzeyServer\templates\game_1.html first seen with mtime 1741426684.985973
File D:\BaseDjango\MuzeyProject\MuzeyServer\templates\game_2.html first seen with mtime 1741426410.3674054
File D:\BaseDjango\MuzeyProject\MuzeyServer\templates\game_3.html first seen with mtime 1741807144.2613888
File D:\BaseDjango\MuzeyProject\MuzeyServer\templates\game_4.html first seen with mtime 1741426410.3684058
File D:\BaseDjango\MuzeyProject\MuzeyServer\templates\game_5.html first seen with mtime 1741426410.3684058
File D:\BaseDjango\MuzeyProject\MuzeyServer\templates\game_6.html first seen with mtime 1741426410.3694053
File D:\BaseDjango\MuzeyProject\MuzeyServer\templates\game_7.html first seen with mtime 1741426410.3704062
File D:\BaseDjango\MuzeyProject\MuzeyServer\templates\index.html first seen with mtime 1742129546.125297
File D:\BaseDjango\MuzeyProject\MuzeyServer\templates\login.html first seen with mtime 1742126128.8308303
File D:\BaseDjango\MuzeyProject\MuzeyServer\templates\page1.html first seen with mtime 1742315093.0240977
File D:\BaseDjango\MuzeyProject\MuzeyServer\templates\page2.html first seen with mtime 1739371559.2016268
File D:\BaseDjango\MuzeyProject\MuzeyServer\templates\page3.html first seen with mtime 1742125008.8995664
File D:\BaseDjango\MuzeyProject\MuzeyServer\templates\register_visitor.html first seen with mtime 1738683858.7223306
File D:\BaseDjango\MuzeyProject\MuzeyServer\templates\send_email.html first seen with mtime 1742128846.3268332
File D:\BaseDjango\MuzeyProject\MuzeyServer\templates\video_r1.html first seen with mtime 1738680981.7228174
File D:\BaseDjango\MuzeyProject\MuzeyServer\templates\video_r2.html first seen with mtime 1739605313.5841815
File D:\BaseDjango\MuzeyProject\MuzeyServer\templates\video_r3.html first seen with mtime 1739605345.5963705
File D:\BaseDjango\MuzeyProject\MuzeyServer\templates\video_r4.html first seen with mtime 1739605347.1947796
File D:\BaseDjango\MuzeyProject\MuzeyServer\templates\video_r5.html first seen with mtime 1739605313.553174
File D:\BaseDjango\MuzeyProject\.venv\Lib\site-packages\django\contrib\auth\migrations\0011_update_proxy_permissions.py first seen with mtime 1733464569.3944314
File D:\BaseDjango\MuzeyProject\MuzeyServer\Base\migrations\__init__.py first seen with mtime 1733464812.0509298
File D:\BaseDjango\MuzeyProject\.venv\Lib\site-packages\django\contrib\auth\migrations\0002_alter_permission_name_max_length.py first seen with mtime 1733464569.3894303
File D:\BaseDjango\MuzeyProject\.venv\Lib\site-packages\django\db\migrations\loader.py first seen with mtime 1733464571.5186775
File D:\BaseDjango\MuzeyProject\.venv\Lib\site-packages\django\contrib\auth\migrations\0010_alter_group_name_max_length.py first seen with mtime 1733464569.3934312
File D:\BaseDjango\MuzeyProject\MuzeyServer\SearchMenu\migrations\__init__.py first seen with mtime 1733464938.6652231
File D:\BaseDjango\MuzeyProject\.venv\Lib\site-packages\django\contrib\admin\migrations\0001_initial.py first seen with mtime 1733464568.9713373
File D:\BaseDjango\MuzeyProject\.venv\Lib\site-packages\django\contrib\auth\migrations\0009_alter_user_last_name_max_length.py first seen with mtime 1733464569.3934312
File D:\BaseDjango\MuzeyProject\.venv\Lib\site-packages\django\contrib\auth\migrations\0008_alter_user_username_max_length.py first seen with mtime 1733464569.392431
File D:\BaseDjango\MuzeyProject\.venv\Lib\site-packages\django\contrib\auth\migrations\0004_alter_user_username_opts.py first seen with mtime 1733464569.3904307
File D:\BaseDjango\MuzeyProject\.venv\Lib\site-packages\django\contrib\auth\migrations\0006_require_contenttypes_0002.py first seen with mtime 1733464569.3914306
File D:\BaseDjango\MuzeyProject\.venv\Lib\site-packages\django\contrib\contenttypes\migrations\0002_remove_content_type_name.py first seen with mtime 1733464569.5374632
File D:\BaseDjango\MuzeyProject\.venv\Lib\site-packages\django\contrib\admin\migrations\__init__.py first seen with mtime 1733464568.9733384
File D:\BaseDjango\MuzeyProject\.venv\Lib\site-packages\django\db\models\sql\compiler.py first seen with mtime 1733464571.5678396
File D:\BaseDjango\MuzeyProject\.venv\Lib\site-packages\django\contrib\auth\migrations\0001_initial.py first seen with mtime 1733464569.38843
File C:\Users\admin\AppData\Local\Programs\Python\Python39\Lib\encodings\idna.py first seen with mtime 1652795110.0
File D:\BaseDjango\MuzeyProject\.venv\Lib\site-packages\django\contrib\auth\migrations\0003_alter_user_email_max_length.py first seen with mtime 1733464569.3894303
File D:\BaseDjango\MuzeyProject\.venv\Lib\site-packages\django\contrib\messages\middleware.py first seen with mtime 1733464570.7234538
File D:\BaseDjango\MuzeyProject\.venv\Lib\site-packages\django\db\migrations\executor.py first seen with mtime 1733464571.5166779
File D:\BaseDjango\MuzeyProject\.venv\Lib\site-packages\django\contrib\auth\migrations\0012_alter_user_first_name_max_length.py first seen with mtime 1733464569.3944314
File D:\BaseDjango\MuzeyProject\.venv\Lib\site-packages\django\contrib\sessions\migrations\0001_initial.py first seen with mtime 1733464571.1417577
File D:\BaseDjango\MuzeyProject\.venv\Lib\site-packages\django\contrib\auth\migrations\__init__.py first seen with mtime 1733464569.3954318
File D:\BaseDjango\MuzeyProject\.venv\Lib\site-packages\django\contrib\admin\migrations\0002_logentry_remove_auto_add.py first seen with mtime 1733464568.9713373
File D:\BaseDjango\MuzeyProject\.venv\Lib\site-packages\django\contrib\auth\migrations\0005_alter_user_last_login_null.py first seen with mtime 1733464569.3904307
File D:\BaseDjango\MuzeyProject\.venv\Lib\site-packages\django\contrib\contenttypes\migrations\0001_initial.py first seen with mtime 1733464569.5374632
File D:\BaseDjango\MuzeyProject\.venv\Lib\site-packages\django\contrib\auth\migrations\0007_alter_validators_add_error_messages.py first seen with mtime 1733464569.392431
File D:\BaseDjango\MuzeyProject\.venv\Lib\site-packages\django\middleware\clickjacking.py first seen with mtime 1733464571.7140627
File D:\BaseDjango\MuzeyProject\.venv\Lib\site-packages\django\contrib\sessions\exceptions.py first seen with mtime 1733464570.9953246
File D:\BaseDjango\MuzeyProject\.venv\Lib\site-packages\django\contrib\sessions\migrations\__init__.py first seen with mtime 1733464571.1427577
File D:\BaseDjango\MuzeyProject\.venv\Lib\site-packages\django\contrib\contenttypes\migrations\__init__.py first seen with mtime 1733464569.5384636
File D:\BaseDjango\MuzeyProject\.venv\Lib\site-packages\django\db\migrations\graph.py first seen with mtime 1733464571.517678
File D:\BaseDjango\MuzeyProject\.venv\Lib\site-packages\django\middleware\common.py first seen with mtime 1733464571.715063
File D:\BaseDjango\MuzeyProject\.venv\Lib\site-packages\django\contrib\sessions\backends\base.py first seen with mtime 1733464570.998344
File D:\BaseDjango\MuzeyProject\MuzeyServer\SearchResult\migrations\0001_initial.py first seen with mtime 1742122906.7394667
File D:\BaseDjango\MuzeyProject\.venv\Lib\site-packages\django\contrib\sessions\backends\__init__.py first seen with mtime 1733464570.997325
File D:\BaseDjango\MuzeyProject\MuzeyServer\MuzeyServer\wsgi.py first seen with mtime 1733464675.8638504
File D:\BaseDjango\MuzeyProject\.venv\Lib\site-packages\django\db\migrations\recorder.py first seen with mtime 1733464571.523699
File C:\Users\admin\AppData\Local\Programs\Python\Python39\Lib\stringprep.py first seen with mtime 1652795110.0
File D:\BaseDjango\MuzeyProject\MuzeyServer\SearchResult\migrations\__init__.py first seen with mtime 1733465047.6754563
File D:\BaseDjango\MuzeyProject\MuzeyServer\Base\migrations\0002_remove_playerprofile_user_delete_customuser_and_more.py first seen with mtime 1742129920.714744
File D:\BaseDjango\MuzeyProject\.venv\Lib\site-packages\django\contrib\admin\migrations\0003_logentry_add_action_flag_choices.py first seen with mtime 1733464568.9723375
File D:\BaseDjango\MuzeyProject\MuzeyServer\Base\migrations\0001_initial.py first seen with mtime 1742122906.7414672
File D:\BaseDjango\MuzeyProject\MuzeyServer\GamesList\migrations\__init__.py first seen with mtime 1733464820.7323449
File D:\BaseDjango\MuzeyProject\.venv\Lib\site-packages\django\contrib\sessions\backends\db.py first seen with mtime 1733464571.0003426
(0.000) SELECT "django_session"."session_key", "django_session"."session_data", "django_session"."expire_date" FROM "django_session" WHERE ("django_session"."expire_date" > '2025-03-19 19:33:05.136114' AND "django_session"."session_key" = 'zr6p92ge2xc1ei0tkxa8to7dgxe7fp37') LIMIT 21; args=('2025-03-19 19:33:05.136114', 'zr6p92ge2xc1ei0tkxa8to7dgxe7fp37'); alias=default
(0.000) SELECT "auth_user"."id", "auth_user"."password", "auth_user"."last_login", "auth_user"."is_superuser", "auth_user"."username", "auth_user"."first_name", "auth_user"."last_name", "auth_user"."email", "auth_user"."is_staff", "auth_user"."is_active", "auth_user"."date_joined" FROM "auth_user" WHERE "auth_user"."id" = 1 LIMIT 21; args=(1,); alias=default
File D:\BaseDjango\MuzeyProject\.venv\Lib\site-packages\PIL\GifImagePlugin.py first seen with mtime 1733465806.936413
File D:\BaseDjango\MuzeyProject\.venv\Lib\site-packages\PIL\ImageSequence.py first seen with mtime 1733465806.9524167
File D:\BaseDjango\MuzeyProject\.venv\Lib\site-packages\PIL\PpmImagePlugin.py first seen with mtime 1733465806.9684198
File D:\BaseDjango\MuzeyProject\.venv\Lib\site-packages\PIL\PaletteFile.py first seen with mtime 1733465806.9624188
File D:\BaseDjango\MuzeyProject\.venv\Lib\site-packages\django\contrib\messages\storage\cookie.py first seen with mtime 1733464570.726472
File D:\BaseDjango\MuzeyProject\.venv\Lib\site-packages\PIL\PngImagePlugin.py first seen with mtime 1733465806.9674199
File D:\BaseDjango\MuzeyProject\.venv\Lib\site-packages\PIL\ImageOps.py first seen with mtime 1733465806.950416
File D:\BaseDjango\MuzeyProject\.venv\Lib\site-packages\django\contrib\messages\storage\fallback.py first seen with mtime 1733464570.727472
File D:\BaseDjango\MuzeyProject\.venv\Lib\site-packages\PIL\ImageFile.py first seen with mtime 1733465806.945415
File D:\BaseDjango\MuzeyProject\.venv\Lib\site-packages\PIL\GimpGradientFile.py first seen with mtime 1733465806.9374132
File D:\BaseDjango\MuzeyProject\.venv\Lib\site-packages\PIL\ImageChops.py first seen with mtime 1733465806.9424143
File D:\BaseDjango\MuzeyProject\.venv\Lib\site-packages\PIL\JpegImagePlugin.py first seen with mtime 1733465806.9574175
File D:\BaseDjango\MuzeyProject\.venv\Lib\site-packages\PIL\JpegPresets.py first seen with mtime 1733465806.958418
File D:\BaseDjango\MuzeyProject\.venv\Lib\site-packages\PIL\_imagingmath.cp39-win_amd64.pyd first seen with mtime 1733465807.001427
File D:\BaseDjango\MuzeyProject\.venv\Lib\site-packages\PIL\BmpImagePlugin.py first seen with mtime 1733465806.9274104
File D:\BaseDjango\MuzeyProject\.venv\Lib\site-packages\django\contrib\sessions\serializers.py first seen with mtime 1733464570.997325
File D:\BaseDjango\MuzeyProject\.venv\Lib\site-packages\django\contrib\messages\storage\session.py first seen with mtime 1733464570.7284722
File D:\BaseDjango\MuzeyProject\.venv\Lib\site-packages\PIL\ImagePalette.py first seen with mtime 1733465806.950416
File D:\BaseDjango\MuzeyProject\.venv\Lib\site-packages\PIL\GimpPaletteFile.py first seen with mtime 1733465806.9374132
File D:\BaseDjango\MuzeyProject\.venv\Lib\site-packages\PIL\ImageMath.py first seen with mtime 1733465806.9484158
File C:\Users\admin\AppData\Local\Programs\Python\Python39\Lib\smtplib.py first seen with mtime 1652795110.0
File D:\BaseDjango\MuzeyProject\.venv\Lib\site-packages\django\core\mail\backends\base.py first seen with mtime 1733464571.3884008
File D:\BaseDjango\MuzeyProject\.venv\Lib\site-packages\django\core\mail\backends\__init__.py first seen with mtime 1733464571.3874018
File D:\BaseDjango\MuzeyProject\.venv\Lib\site-packages\django\core\mail\backends\smtp.py first seen with mtime 1733464571.3964193
Internal Server Error: /email/
"POST /email/ HTTP/1.1" 500 238
(0.000) SELECT "django_session"."session_key", "django_session"."session_data", "django_session"."expire_date" FROM "django_session" WHERE ("django_session"."expire_date" > '2025-03-19 19:33:08.785194' AND "django_session"."session_key" = 'zr6p92ge2xc1ei0tkxa8to7dgxe7fp37') LIMIT 21; args=('2025-03-19 19:33:08.785194', 'zr6p92ge2xc1ei0tkxa8to7dgxe7fp37'); alias=default
(0.000) SELECT "auth_user"."id", "auth_user"."password", "auth_user"."last_login", "auth_user"."is_superuser", "auth_user"."username", "auth_user"."first_name", "auth_user"."last_name", "auth_user"."email", "auth_user"."is_staff", "auth_user"."is_active", "auth_user"."date_joined" FROM "auth_user" WHERE "auth_user"."id" = 1 LIMIT 21; args=(1,); alias=default
Internal Server Error: /email/
"POST /email/ HTTP/1.1" 500 238
Exception while resolving variable 'logout_message' in template 'index.html'.
Traceback (most recent call last):
  File "D:\BaseDjango\MuzeyProject\.venv\lib\site-packages\django\template\base.py", line 880, in _resolve_lookup
    current = current[bit]
  File "D:\BaseDjango\MuzeyProject\.venv\lib\site-packages\django\template\context.py", line 83, in __getitem__
    raise KeyError(key)
KeyError: 'logout_message'

During handling of the above exception, another exception occurred:

Traceback (most recent call last):
  File "D:\BaseDjango\MuzeyProject\.venv\lib\site-packages\django\template\base.py", line 886, in _resolve_lookup
    if isinstance(current, BaseContext) and getattr(
AttributeError: type object 'RequestContext' has no attribute 'logout_message'

During handling of the above exception, another exception occurred:

Traceback (most recent call last):
  File "D:\BaseDjango\MuzeyProject\.venv\lib\site-packages\django\template\base.py", line 896, in _resolve_lookup
    current = current[int(bit)]
ValueError: invalid literal for int() with base 10: 'logout_message'

During handling of the above exception, another exception occurred:

Traceback (most recent call last):
  File "D:\BaseDjango\MuzeyProject\.venv\lib\site-packages\django\template\base.py", line 903, in _resolve_lookup
    raise VariableDoesNotExist(
django.template.base.VariableDoesNotExist: Failed lookup for key [logout_message] in [{'True': True, 'False': False, 'None': None}, {'csrf_token': <SimpleLazyObject: <function csrf.<locals>._get_val at 0x00000272D4530310>>, 'request': <WSGIRequest: GET '/'>, 'user': <SimpleLazyObject: <function AuthenticationMiddleware.process_request.<locals>.<lambda> at 0x00000272D4530430>>, 'perms': PermWrapper(<SimpleLazyObject: <function AuthenticationMiddleware.process_request.<locals>.<lambda> at 0x00000272D4530430>>), 'messages': <FallbackStorage: request=<WSGIRequest: GET '/'>>, 'DEFAULT_MESSAGE_LEVELS': {'DEBUG': 10, 'INFO': 20, 'SUCCESS': 25, 'WARNING': 30, 'ERROR': 40}}, {}]
"GET / HTTP/1.1" 200 12558
File D:\BaseDjango\MuzeyProject\.venv\Lib\site-packages\django\contrib\messages\context_processors.py first seen with mtime 1733464570.7234538
File D:\BaseDjango\MuzeyProject\.venv\Lib\site-packages\django\contrib\auth\context_processors.py first seen with mtime 1733464569.2383966
File D:\BaseDjango\MuzeyProject\.venv\Lib\site-packages\django\template\context_processors.py first seen with mtime 1733464571.721085
File D:\BaseDjango\MuzeyProject\.venv\Lib\site-packages\django\contrib\staticfiles\storage.py first seen with mtime 1733464571.3122194
(0.000) SELECT "django_session"."session_key", "django_session"."session_data", "django_session"."expire_date" FROM "django_session" WHERE ("django_session"."expire_date" > '2025-03-19 19:34:55.055663' AND "django_session"."session_key" = 'zr6p92ge2xc1ei0tkxa8to7dgxe7fp37') LIMIT 21; args=('2025-03-19 19:34:55.055663', 'zr6p92ge2xc1ei0tkxa8to7dgxe7fp37'); alias=default
(0.000) SELECT "auth_user"."id", "auth_user"."password", "auth_user"."last_login", "auth_user"."is_superuser", "auth_user"."username", "auth_user"."first_name", "auth_user"."last_name", "auth_user"."email", "auth_user"."is_staff", "auth_user"."is_active", "auth_user"."date_joined" FROM "auth_user" WHERE "auth_user"."id" = 1 LIMIT 21; args=(1,); alias=default
(0.000) SELECT "Base_gameresult"."id", "Base_gameresult"."user_id", "Base_gameresult"."score", "Base_gameresult"."date" FROM "Base_gameresult" WHERE "Base_gameresult"."user_id" = 1 LIMIT 1; args=(1,); alias=default
"GET /games/ HTTP/1.1" 200 20816
(0.000) SELECT "django_session"."session_key", "django_session"."session_data", "django_session"."expire_date" FROM "django_session" WHERE ("django_session"."expire_date" > '2025-03-19 19:34:56.270027' AND "django_session"."session_key" = 'zr6p92ge2xc1ei0tkxa8to7dgxe7fp37') LIMIT 21; args=('2025-03-19 19:34:56.270027', 'zr6p92ge2xc1ei0tkxa8to7dgxe7fp37'); alias=default
(0.000) SELECT "auth_user"."id", "auth_user"."password", "auth_user"."last_login", "auth_user"."is_superuser", "auth_user"."username", "auth_user"."first_name", "auth_user"."last_name", "auth_user"."email", "auth_user"."is_staff", "auth_user"."is_active", "auth_user"."date_joined" FROM "auth_user" WHERE "auth_user"."id" = 1 LIMIT 21; args=(1,); alias=default
(0.000) SELECT "Base_gameresult"."id", "Base_gameresult"."user_id", "Base_gameresult"."score", "Base_gameresult"."date" FROM "Base_gameresult" WHERE "Base_gameresult"."user_id" = 1 LIMIT 1; args=(1,); alias=default
"GET /email/ HTTP/1.1" 200 3792
(0.000) SELECT "django_session"."session_key", "django_session"."session_data", "django_session"."expire_date" FROM "django_session" WHERE ("django_session"."expire_date" > '2025-03-19 19:35:02.238329' AND "django_session"."session_key" = 'zr6p92ge2xc1ei0tkxa8to7dgxe7fp37') LIMIT 21; args=('2025-03-19 19:35:02.238329', 'zr6p92ge2xc1ei0tkxa8to7dgxe7fp37'); alias=default
(0.000) SELECT "auth_user"."id", "auth_user"."password", "auth_user"."last_login", "auth_user"."is_superuser", "auth_user"."username", "auth_user"."first_name", "auth_user"."last_name", "auth_user"."email", "auth_user"."is_staff", "auth_user"."is_active", "auth_user"."date_joined" FROM "auth_user" WHERE "auth_user"."id" = 1 LIMIT 21; args=(1,); alias=default
Internal Server Error: /email/
"POST /email/ HTTP/1.1" 500 237
Watching for file changes with StatReloader
Waiting for apps ready_event.
Apps ready_event triggered. Sending autoreload_started signal.
Watching dir D:\BaseDjango\MuzeyProject\MuzeyServer\templates with glob **/*.
Watching dir D:\BaseDjango\MuzeyProject\MuzeyServer\locale with glob **/*.mo.
Watching dir D:\BaseDjango\MuzeyProject\MuzeyServer\SearchResult\locale with glob **/*.mo.
Watching dir D:\BaseDjango\MuzeyProject\MuzeyServer\Base\locale with glob **/*.mo.
Watching dir D:\BaseDjango\MuzeyProject\MuzeyServer\GamesList\locale with glob **/*.mo.
Watching dir D:\BaseDjango\MuzeyProject\MuzeyServer\SearchMenu\locale with glob **/*.mo.
(0.000) 
            SELECT name, type FROM sqlite_master
            WHERE type in ('table', 'view') AND NOT name='sqlite_sequence'
            ORDER BY name; args=None; alias=default
(0.000) SELECT "django_migrations"."id", "django_migrations"."app", "django_migrations"."name", "django_migrations"."applied" FROM "django_migrations"; args=(); alias=default
File C:\Users\admin\AppData\Local\Programs\Python\Python39\Lib\shutil.py first seen with mtime 1652795110.0
File D:\BaseDjango\MuzeyProject\.venv\Lib\site-packages\django\db\models\sql\datastructures.py first seen with mtime 1733464571.5688398
File C:\Users\admin\AppData\Local\Programs\Python\Python39\Lib\asyncio\tasks.py first seen with mtime 1652795110.0
File D:\BaseDjango\MuzeyProject\.venv\Lib\site-packages\django\dispatch\__init__.py first seen with mtime 1733464571.5718408
File D:\BaseDjango\MuzeyProject\.venv\Lib\site-packages\django\contrib\auth\__init__.py first seen with mtime 1733464569.2333956
File D:\BaseDjango\MuzeyProject\.venv\Lib\site-packages\django\contrib\admin\templatetags\__init__.py first seen with mtime 1733464569.083362
File D:\BaseDjango\MuzeyProject\.venv\Lib\site-packages\django\db\models\fields\related.py first seen with mtime 1733464571.546765
File D:\BaseDjango\MuzeyProject\.venv\Lib\site-packages\django\utils\_os.py first seen with mtime 1733464571.7471642
File C:\Users\admin\AppData\Local\Programs\Python\Python39\Lib\email\header.py first seen with mtime 1652795110.0
File D:\BaseDjango\MuzeyProject\MuzeyServer\send_email\__init__.py first seen with mtime 1737631813.390819
File D:\BaseDjango\MuzeyProject\.venv\Lib\site-packages\django\core\cache\backends\locmem.py first seen with mtime 1733464571.3393009
File D:\BaseDjango\MuzeyProject\.venv\Lib\site-packages\django\core\files\temp.py first seen with mtime 1733464571.3693423
File C:\Users\admin\AppData\Local\Programs\Python\Python39\DLLs\_zoneinfo.pyd first seen with mtime 1652795162.0
File D:\BaseDjango\MuzeyProject\MuzeyServer\GamesList\admin.py first seen with mtime 1733464820.7233436
File D:\BaseDjango\MuzeyProject\.venv\Lib\site-packages\django\core\cache\__init__.py first seen with mtime 1733464571.3352826
File D:\BaseDjango\MuzeyProject\MuzeyServer\SearchResult\models.py first seen with mtime 1742122438.618652
File D:\BaseDjango\MuzeyProject\.venv\Lib\site-packages\asgiref\sync.py first seen with mtime 1733464568.2551785
File C:\Users\admin\AppData\Local\Programs\Python\Python39\Lib\asyncio\protocols.py first seen with mtime 1652795110.0
File C:\Users\admin\AppData\Local\Programs\Python\Python39\Lib\concurrent\futures\thread.py first seen with mtime 1652795110.0
File C:\Users\admin\AppData\Local\Programs\Python\Python39\Lib\statistics.py first seen with mtime 1652795110.0
File C:\Users\admin\AppData\Local\Programs\Python\Python39\Lib\asyncio\queues.py first seen with mtime 1652795110.0
File D:\BaseDjango\MuzeyProject\.venv\Lib\site-packages\django\template\__init__.py first seen with mtime 1733464571.7180846
File D:\BaseDjango\MuzeyProject\MuzeyServer\SearchMenu\__init__.py first seen with mtime 1733464938.664223
File D:\BaseDjango\MuzeyProject\.venv\Lib\site-packages\sqlparse\filters\right_margin.py first seen with mtime 1733464568.12915
File D:\BaseDjango\MuzeyProject\.venv\Lib\site-packages\django\core\cache\backends\base.py first seen with mtime 1733464571.3373022
File C:\Users\admin\AppData\Local\Programs\Python\Python39\DLLs\_lzma.pyd first seen with mtime 1652795162.0
File C:\Users\admin\AppData\Local\Programs\Python\Python39\Lib\datetime.py first seen with mtime 1652795110.0
File D:\BaseDjango\MuzeyProject\.venv\Lib\site-packages\django\core\files\storage\filesystem.py first seen with mtime 1733464571.3803613
File C:\Users\admin\AppData\Local\Programs\Python\Python39\Lib\encodings\aliases.py first seen with mtime 1652795110.0
File D:\BaseDjango\MuzeyProject\MuzeyServer\SearchMenu\models.py first seen with mtime 1733558091.3495717
File D:\BaseDjango\MuzeyProject\.venv\Lib\site-packages\django\db\backends\sqlite3\schema.py first seen with mtime 1733464571.5146773
File D:\BaseDjango\MuzeyProject\.venv\Lib\site-packages\django\views\generic\dates.py first seen with mtime 1733464571.785282
File C:\Users\admin\AppData\Local\Programs\Python\Python39\Lib\token.py first seen with mtime 1652795112.0
File D:\BaseDjango\MuzeyProject\.venv\Lib\site-packages\django\db\models\indexes.py first seen with mtime 1733464571.538743
File D:\BaseDjango\MuzeyProject\.venv\Lib\site-packages\django\db\__init__.py first seen with mtime 1733464571.4725528
File D:\BaseDjango\MuzeyProject\.venv\Lib\site-packages\django\core\validators.py first seen with mtime 1733464571.3342824
File D:\BaseDjango\MuzeyProject\.venv\Lib\site-packages\django\utils\connection.py first seen with mtime 1733464571.751184
File D:\BaseDjango\MuzeyProject\.venv\Lib\site-packages\PIL\features.py first seen with mtime 1733465807.0094292
File D:\BaseDjango\MuzeyProject\.venv\Lib\site-packages\django\utils\dateformat.py first seen with mtime 1733464571.7531826
File D:\BaseDjango\MuzeyProject\.venv\Lib\site-packages\django\utils\asyncio.py first seen with mtime 1733464571.7491639
File C:\Users\admin\AppData\Local\Programs\Python\Python39\Lib\ctypes\_endian.py first seen with mtime 1652795110.0
File D:\BaseDjango\MuzeyProject\.venv\Lib\site-packages\django\forms\boundfield.py first seen with mtime 1733464571.57386
File D:\BaseDjango\MuzeyProject\.venv\Lib\site-packages\django\apps\__init__.py first seen with mtime 1733464568.4132137
File D:\BaseDjango\MuzeyProject\.venv\Lib\site-packages\django\core\checks\compatibility\__init__.py first seen with mtime 1733464571.3623226
File D:\BaseDjango\MuzeyProject\.venv\Lib\site-packages\django\http\response.py first seen with mtime 1733464571.7120624
File D:\BaseDjango\MuzeyProject\.venv\Lib\site-packages\django\core\handlers\wsgi.py first seen with mtime 1733464571.3843806
File D:\BaseDjango\MuzeyProject\.venv\Lib\site-packages\sqlparse\tokens.py first seen with mtime 1733464568.1231487
File D:\BaseDjango\MuzeyProject\.venv\Lib\site-packages\django\db\models\expressions.py first seen with mtime 1733464571.537743
File D:\BaseDjango\MuzeyProject\.venv\Lib\site-packages\django\core\mail\message.py first seen with mtime 1733464571.386381
File C:\Users\admin\AppData\Local\Programs\Python\Python39\Lib\email\__init__.py first seen with mtime 1652795110.0
File D:\BaseDjango\MuzeyProject\.venv\Lib\site-packages\django\db\models\fields\json.py first seen with mtime 1733464571.5447645
File C:\Users\admin\AppData\Local\Programs\Python\Python39\Lib\http\cookies.py first seen with mtime 1652795110.0
File D:\BaseDjango\MuzeyProject\.venv\Lib\site-packages\PIL\_util.py first seen with mtime 1733465807.0054276
File D:\BaseDjango\MuzeyProject\.venv\Lib\site-packages\django\utils\safestring.py first seen with mtime 1733464571.7672222
File D:\BaseDjango\MuzeyProject\.venv\Lib\site-packages\django\utils\regex_helper.py first seen with mtime 1733464571.7662218
File D:\BaseDjango\MuzeyProject\.venv\Lib\site-packages\django\contrib\contenttypes\fields.py first seen with mtime 1733464569.3994327
File D:\BaseDjango\MuzeyProject\.venv\Lib\site-packages\django\contrib\staticfiles\apps.py first seen with mtime 1733464571.3092191
File D:\BaseDjango\MuzeyProject\.venv\Lib\site-packages\django\template\backends\__init__.py first seen with mtime 1733464571.7271051
File C:\Users\admin\AppData\Local\Programs\Python\Python39\Lib\locale.py first seen with mtime 1652795110.0
File C:\Users\admin\AppData\Local\Programs\Python\Python39\Lib\importlib\__init__.py first seen with mtime 1652795110.0
File D:\BaseDjango\MuzeyProject\.venv\Lib\site-packages\PIL\ImageColor.py first seen with mtime 1733465806.9434142
File C:\Users\admin\AppData\Local\Programs\Python\Python39\Lib\asyncio\coroutines.py first seen with mtime 1652795110.0
File C:\Users\admin\AppData\Local\Programs\Python\Python39\Lib\json\encoder.py first seen with mtime 1652795110.0
File D:\BaseDjango\MuzeyProject\.venv\Lib\site-packages\django\contrib\sessions\middleware.py first seen with mtime 1733464570.996325
File C:\Users\admin\AppData\Local\Programs\Python\Python39\Lib\glob.py first seen with mtime 1652795110.0
File D:\BaseDjango\MuzeyProject\MuzeyServer\GamesList\__init__.py first seen with mtime 1733464820.7313454
File D:\BaseDjango\MuzeyProject\.venv\Lib\site-packages\django\http\request.py first seen with mtime 1733464571.7120624
File C:\Users\admin\AppData\Local\Programs\Python\Python39\Lib\email\feedparser.py first seen with mtime 1652795110.0
File C:\Users\admin\AppData\Local\Programs\Python\Python39\Lib\concurrent\futures\_base.py first seen with mtime 1652795110.0
File D:\BaseDjango\MuzeyProject\MuzeyServer\GamesList\models.py first seen with mtime 1733464820.7293448
File D:\BaseDjango\MuzeyProject\.venv\Lib\site-packages\django\db\models\functions\text.py first seen with mtime 1733464571.561818
File D:\BaseDjango\MuzeyProject\.venv\Lib\site-packages\django\core\files\move.py first seen with mtime 1733464571.3683424
File D:\BaseDjango\MuzeyProject\.venv\Lib\site-packages\django\db\models\sql\constants.py first seen with mtime 1733464571.5688398
File D:\BaseDjango\MuzeyProject\.venv\Lib\site-packages\django\http\multipartparser.py first seen with mtime 1733464571.7110627
File C:\Users\admin\AppData\Local\Programs\Python\Python39\Lib\logging\__init__.py first seen with mtime 1652795110.0
File D:\BaseDjango\MuzeyProject\.venv\Lib\site-packages\django\utils\tree.py first seen with mtime 1733464571.7702415
File D:\BaseDjango\MuzeyProject\.venv\Lib\site-packages\django\core\handlers\base.py first seen with mtime 1733464571.3833804
File C:\Users\admin\AppData\Local\Programs\Python\Python39\Lib\urllib\response.py first seen with mtime 1652795112.0
File C:\Users\admin\AppData\Local\Programs\Python\Python39\Lib\multiprocessing\process.py first seen with mtime 1652795110.0
File D:\BaseDjango\MuzeyProject\.venv\Lib\site-packages\django\utils\functional.py first seen with mtime 1733464571.7592025
File D:\BaseDjango\MuzeyProject\.venv\Lib\site-packages\sqlparse\utils.py first seen with mtime 1733464568.1241488
File C:\Users\admin\AppData\Local\Programs\Python\Python39\Lib\sqlite3\__init__.py first seen with mtime 1652795110.0
File C:\Users\admin\AppData\Local\Programs\Python\Python39\Lib\uu.py first seen with mtime 1652795112.0
File D:\BaseDjango\MuzeyProject\.venv\Lib\site-packages\django\template\backends\django.py first seen with mtime 1733464571.729124
File D:\BaseDjango\MuzeyProject\.venv\Lib\site-packages\django\db\backends\signals.py first seen with mtime 1733464571.475572
File D:\BaseDjango\MuzeyProject\MuzeyServer\SearchResult\apps.py first seen with mtime 1733465047.6724558
File C:\Users\admin\AppData\Local\Programs\Python\Python39\DLLs\_hashlib.pyd first seen with mtime 1652795162.0
File C:\Users\admin\AppData\Local\Programs\Python\Python39\Lib\bisect.py first seen with mtime 1652795110.0
File D:\BaseDjango\MuzeyProject\.venv\Lib\site-packages\django\contrib\admin\decorators.py first seen with mtime 1733464568.6532667
File C:\Users\admin\AppData\Local\Programs\Python\Python39\Lib\html\entities.py first seen with mtime 1652795110.0
File D:\BaseDjango\MuzeyProject\.venv\Lib\site-packages\django\contrib\staticfiles\management\__init__.py first seen with mtime 1733464571.3172204
File C:\Users\admin\AppData\Local\Programs\Python\Python39\Lib\email\_parseaddr.py first seen with mtime 1652795110.0
File D:\BaseDjango\MuzeyProject\.venv\Lib\site-packages\django\contrib\__init__.py first seen with mtime 1733464568.650266
File D:\BaseDjango\MuzeyProject\.venv\Lib\site-packages\django\db\models\fields\reverse_related.py first seen with mtime 1733464571.5578
File D:\BaseDjango\MuzeyProject\.venv\Lib\site-packages\django\utils\dateparse.py first seen with mtime 1733464571.7541828
File D:\BaseDjango\MuzeyProject\MuzeyServer\SearchMenu\apps.py first seen with mtime 1733464938.6622224
File D:\BaseDjango\MuzeyProject\.venv\Lib\site-packages\django\db\models\query.py first seen with mtime 1733464571.5407434
File D:\BaseDjango\MuzeyProject\.venv\Lib\site-packages\PIL\_version.py first seen with mtime 1733465807.006428
File C:\Users\admin\AppData\Local\Programs\Python\Python39\Lib\email\_encoded_words.py first seen with mtime 1652795110.0
File C:\Users\admin\AppData\Local\Programs\Python\Python39\Lib\asyncio\base_events.py first seen with mtime 1652795110.0
File C:\Users\admin\AppData\Local\Programs\Python\Python39\Lib\email\base64mime.py first seen with mtime 1652795110.0
File C:\Users\admin\AppData\Local\Programs\Python\Python39\Lib\enum.py first seen with mtime 1652795110.0
File D:\BaseDjango\MuzeyProject\.venv\Lib\site-packages\django\utils\deconstruct.py first seen with mtime 1733464571.755183
File D:\BaseDjango\MuzeyProject\.venv\Lib\site-packages\django\core\mail\utils.py first seen with mtime 1733464571.386381
File D:\BaseDjango\MuzeyProject\.venv\Lib\site-packages\django\contrib\auth\middleware.py first seen with mtime 1733464569.2403972
File C:\Users\admin\AppData\Local\Programs\Python\Python39\Lib\wsgiref\__init__.py first seen with mtime 1652795112.0
File D:\BaseDjango\MuzeyProject\.venv\Lib\site-packages\django\utils\topological_sort.py first seen with mtime 1733464571.7702415
File D:\BaseDjango\MuzeyProject\.venv\Lib\site-packages\django\views\__init__.py first seen with mtime 1733464571.7752633
File C:\Users\admin\AppData\Local\Programs\Python\Python39\Lib\ntpath.py first seen with mtime 1652795110.0
File C:\Users\admin\AppData\Local\Programs\Python\Python39\Lib\urllib\request.py first seen with mtime 1652795112.0
File D:\BaseDjango\MuzeyProject\.venv\Lib\site-packages\django\db\models\sql\__init__.py first seen with mtime 1733464571.5668416
File C:\Users\admin\AppData\Local\Programs\Python\Python39\Lib\copyreg.py first seen with mtime 1652795110.0
File D:\BaseDjango\MuzeyProject\MuzeyServer\Base\admin.py first seen with mtime 1742129082.4737725
File D:\BaseDjango\MuzeyProject\.venv\Lib\site-packages\django\core\signing.py first seen with mtime 1733464571.3272624
File D:\BaseDjango\MuzeyProject\.venv\Lib\site-packages\PIL\Image.py first seen with mtime 1733465806.941414
File C:\Users\admin\AppData\Local\Programs\Python\Python39\Lib\difflib.py first seen with mtime 1652795110.0
File D:\BaseDjango\MuzeyProject\.venv\Lib\site-packages\django\urls\base.py first seen with mtime 1733464571.743145
File C:\Users\admin\AppData\Local\Programs\Python\Python39\Lib\random.py first seen with mtime 1652795110.0
File D:\BaseDjango\MuzeyProject\.venv\Lib\site-packages\django\db\backends\base\introspection.py first seen with mtime 1733464571.4795725
File D:\BaseDjango\MuzeyProject\.venv\Lib\site-packages\django\db\models\lookups.py first seen with mtime 1733464571.538743
File D:\BaseDjango\MuzeyProject\.venv\Lib\site-packages\django\utils\deprecation.py first seen with mtime 1733464571.7561831
File C:\Users\admin\AppData\Local\Programs\Python\Python39\Lib\email\mime\__init__.py first seen with mtime 1652795110.0
File D:\BaseDjango\MuzeyProject\.venv\Lib\site-packages\django\contrib\admin\templatetags\admin_list.py first seen with mtime 1733464569.0843625
File C:\Users\admin\AppData\Local\Programs\Python\Python39\Lib\pkgutil.py first seen with mtime 1652795110.0
File D:\BaseDjango\MuzeyProject\.venv\Lib\site-packages\django\db\models\sql\where.py first seen with mtime 1733464571.5708406
File C:\Users\admin\AppData\Local\Programs\Python\Python39\Lib\asyncio\trsock.py first seen with mtime 1652795110.0
File D:\BaseDjango\MuzeyProject\.venv\Lib\site-packages\django\contrib\admin\exceptions.py first seen with mtime 1733464568.6542668
File D:\BaseDjango\MuzeyProject\.venv\Lib\site-packages\django\contrib\auth\backends.py first seen with mtime 1733464569.235396
File D:\BaseDjango\MuzeyProject\.venv\Lib\site-packages\django\db\migrations\operations\base.py first seen with mtime 1733464571.5277197
File C:\Users\admin\AppData\Local\Programs\Python\Python39\Lib\types.py first seen with mtime 1652795112.0
File D:\BaseDjango\MuzeyProject\.venv\Lib\site-packages\asgiref\__init__.py first seen with mtime 1733464568.2511775
File D:\BaseDjango\MuzeyProject\.venv\Lib\site-packages\django\db\backends\sqlite3\base.py first seen with mtime 1733464571.5106559
File D:\BaseDjango\MuzeyProject\.venv\Lib\site-packages\sqlparse\filters\others.py first seen with mtime 1733464568.1281497
File C:\Users\admin\AppData\Local\Programs\Python\Python39\Lib\linecache.py first seen with mtime 1652795110.0
File D:\BaseDjango\MuzeyProject\.venv\Lib\site-packages\django\core\signals.py first seen with mtime 1733464571.3272624
File C:\Users\admin\AppData\Local\Programs\Python\Python39\Lib\asyncio\__init__.py first seen with mtime 1652795110.0
File D:\BaseDjango\MuzeyProject\.venv\Lib\site-packages\django\templatetags\tz.py first seen with mtime 1733464571.7371438
File D:\BaseDjango\MuzeyProject\.venv\Lib\site-packages\django\utils\html.py first seen with mtime 1733464571.7602026
File D:\BaseDjango\MuzeyProject\.venv\Lib\site-packages\django\templatetags\i18n.py first seen with mtime 1733464571.7351434
File D:\BaseDjango\MuzeyProject\.venv\Lib\site-packages\django\contrib\staticfiles\views.py first seen with mtime 1733464571.3172204
File D:\BaseDjango\MuzeyProject\.venv\Lib\site-packages\django\template\response.py first seen with mtime 1733464571.726105
File D:\BaseDjango\MuzeyProject\.venv\Lib\site-packages\django\contrib\auth\decorators.py first seen with mtime 1733464569.2383966
File D:\BaseDjango\MuzeyProject\.venv\Lib\site-packages\django\core\paginator.py first seen with mtime 1733464571.3262625
File D:\BaseDjango\MuzeyProject\.venv\Lib\site-packages\django\contrib\admin\widgets.py first seen with mtime 1733464568.6602683
File C:\Users\admin\AppData\Local\Programs\Python\Python39\Lib\json\scanner.py first seen with mtime 1652795110.0
File D:\BaseDjango\MuzeyProject\.venv\Lib\site-packages\django\forms\renderers.py first seen with mtime 1733464571.577861
File D:\BaseDjango\MuzeyProject\.venv\Lib\site-packages\sqlparse\engine\__init__.py first seen with mtime 1733464568.1241488
File C:\Users\admin\AppData\Local\Programs\Python\Python39\Lib\_compat_pickle.py first seen with mtime 1652795110.0
File C:\Users\admin\AppData\Local\Programs\Python\Python39\Lib\encodings\utf_8.py first seen with mtime 1652795110.0
File C:\Users\admin\AppData\Local\Programs\Python\Python39\Lib\asyncio\format_helpers.py first seen with mtime 1652795110.0
File C:\Users\admin\AppData\Local\Programs\Python\Python39\Lib\collections\abc.py first seen with mtime 1652795110.0
File D:\BaseDjango\MuzeyProject\.venv\Lib\site-packages\django\utils\lorem_ipsum.py first seen with mtime 1733464571.7652216
File D:\BaseDjango\MuzeyProject\.venv\Lib\site-packages\django\db\models\fields\related_descriptors.py first seen with mtime 1733464571.5567992
File D:\BaseDjango\MuzeyProject\.venv\Lib\site-packages\django\core\checks\files.py first seen with mtime 1733464571.346319
File D:\BaseDjango\MuzeyProject\.venv\Lib\site-packages\django\templatetags\cache.py first seen with mtime 1733464571.7351434
File D:\BaseDjango\MuzeyProject\MuzeyServer\SearchResult\views.py first seen with mtime 1733725445.2956367
File D:\BaseDjango\MuzeyProject\.venv\Lib\site-packages\django\core\serializers\__init__.py first seen with mtime 1733464571.4665303
File C:\Users\admin\AppData\Local\Programs\Python\Python39\Lib\asyncio\streams.py first seen with mtime 1652795110.0
File C:\Users\admin\AppData\Local\Programs\Python\Python39\Lib\gzip.py first seen with mtime 1652795110.0
File C:\Users\admin\AppData\Local\Programs\Python\Python39\Lib\bz2.py first seen with mtime 1652795110.0
File C:\Users\admin\AppData\Local\Programs\Python\Python39\Lib\tokenize.py first seen with mtime 1652795112.0
File C:\Users\admin\AppData\Local\Programs\Python\Python39\Lib\socket.py first seen with mtime 1652795110.0
File D:\BaseDjango\MuzeyProject\MuzeyServer\SearchMenu\views.py first seen with mtime 1739203012.594634
File D:\BaseDjango\MuzeyProject\.venv\Lib\site-packages\django\utils\numberformat.py first seen with mtime 1733464571.7662218
File C:\Users\admin\AppData\Local\Programs\Python\Python39\Lib\struct.py first seen with mtime 1652795110.0
File C:\Users\admin\AppData\Local\Programs\Python\Python39\DLLs\unicodedata.pyd first seen with mtime 1652795164.0
File D:\BaseDjango\MuzeyProject\.venv\Lib\site-packages\django\utils\cache.py first seen with mtime 1733464571.751184
File D:\BaseDjango\MuzeyProject\MuzeyServer\Base\models.py first seen with mtime 1742134843.2951288
File D:\BaseDjango\MuzeyProject\.venv\Lib\site-packages\django\utils\datastructures.py first seen with mtime 1733464571.7521827
File D:\BaseDjango\MuzeyProject\.venv\Lib\site-packages\django\utils\dates.py first seen with mtime 1733464571.7541828
File D:\BaseDjango\MuzeyProject\.venv\Lib\site-packages\django\core\files\__init__.py first seen with mtime 1733464571.3663418
File C:\Users\admin\AppData\Local\Programs\Python\Python39\Lib\importlib\util.py first seen with mtime 1652795110.0
File C:\Users\admin\AppData\Local\Programs\Python\Python39\Lib\threading.py first seen with mtime 1652795112.0
File D:\BaseDjango\MuzeyProject\.venv\Lib\site-packages\django\template\exceptions.py first seen with mtime 1733464571.7231042
File C:\Users\admin\AppData\Local\Programs\Python\Python39\Lib\importlib\machinery.py first seen with mtime 1652795110.0
File D:\BaseDjango\MuzeyProject\.venv\Lib\site-packages\django\db\backends\base\schema.py first seen with mtime 1733464571.4815729
File C:\Users\admin\AppData\Local\Programs\Python\Python39\Lib\operator.py first seen with mtime 1652795110.0
File C:\Users\admin\AppData\Local\Programs\Python\Python39\Lib\fractions.py first seen with mtime 1652795110.0
File D:\BaseDjango\MuzeyProject\.venv\Lib\site-packages\django\contrib\messages\utils.py first seen with mtime 1733464570.724473
File D:\BaseDjango\MuzeyProject\.venv\Lib\site-packages\PIL\ImageDraw.py first seen with mtime 1733465806.944415
File C:\Users\admin\AppData\Local\Programs\Python\Python39\Lib\functools.py first seen with mtime 1652795110.0
File D:\BaseDjango\MuzeyProject\.venv\Lib\site-packages\sqlparse\lexer.py first seen with mtime 1733464568.122149
File D:\BaseDjango\MuzeyProject\.venv\Lib\site-packages\django\template\smartif.py first seen with mtime 1733464571.726105
File C:\Users\admin\AppData\Local\Programs\Python\Python39\Lib\multiprocessing\context.py first seen with mtime 1652795110.0
File C:\Users\admin\AppData\Local\Programs\Python\Python39\DLLs\_decimal.pyd first seen with mtime 1652795162.0
File D:\BaseDjango\MuzeyProject\.venv\Lib\site-packages\django\utils\crypto.py first seen with mtime 1733464571.7521827
File C:\Users\admin\AppData\Local\Programs\Python\Python39\Lib\os.py first seen with mtime 1652795110.0
File D:\BaseDjango\MuzeyProject\.venv\Lib\site-packages\django\db\migrations\operations\models.py first seen with mtime 1733464571.5287201
File C:\Users\admin\AppData\Local\Programs\Python\Python39\Lib\json\__init__.py first seen with mtime 1652795110.0
File D:\BaseDjango\MuzeyProject\.venv\Lib\site-packages\django\db\backends\sqlite3\__init__.py first seen with mtime 1733464571.5096555
File C:\Users\admin\AppData\Local\Programs\Python\Python39\Lib\zoneinfo\_common.py first seen with mtime 1652795112.0
File C:\Users\admin\AppData\Local\Programs\Python\Python39\Lib\email\errors.py first seen with mtime 1652795110.0
File D:\BaseDjango\MuzeyProject\.venv\Lib\site-packages\django\http\cookie.py first seen with mtime 1733464571.7110627
File C:\Users\admin\AppData\Local\Programs\Python\Python39\Lib\_markupbase.py first seen with mtime 1652795110.0
File D:\BaseDjango\MuzeyProject\.venv\Lib\site-packages\django\contrib\staticfiles\__init__.py first seen with mtime 1733464571.3092191
File D:\BaseDjango\MuzeyProject\.venv\Lib\site-packages\django\contrib\auth\management\__init__.py first seen with mtime 1733464569.3864298
File D:\BaseDjango\MuzeyProject\.venv\Lib\site-packages\_distutils_hack\__init__.py first seen with mtime 1733464432.163577
File C:\Users\admin\AppData\Local\Programs\Python\Python39\Lib\asyncio\runners.py first seen with mtime 1652795110.0
File C:\Users\admin\AppData\Local\Programs\Python\Python39\Lib\posixpath.py first seen with mtime 1652795110.0
File C:\Users\admin\AppData\Local\Programs\Python\Python39\Lib\wsgiref\util.py first seen with mtime 1652795112.0
File C:\Users\admin\AppData\Local\Programs\Python\Python39\Lib\reprlib.py first seen with mtime 1652795110.0
File C:\Users\admin\AppData\Local\Programs\Python\Python39\Lib\asyncio\transports.py first seen with mtime 1652795110.0
File C:\Users\admin\AppData\Local\Programs\Python\Python39\Lib\socketserver.py first seen with mtime 1652795110.0
File D:\BaseDjango\MuzeyProject\MuzeyServer\GamesList\views.py first seen with mtime 1742135042.3997183
File D:\BaseDjango\MuzeyProject\.venv\Lib\site-packages\django\db\backends\sqlite3\client.py first seen with mtime 1733464571.5106559
File D:\BaseDjango\MuzeyProject\.venv\Lib\site-packages\django\core\serializers\json.py first seen with mtime 1733464571.4675303
File D:\BaseDjango\MuzeyProject\.venv\Lib\site-packages\django\db\models\signals.py first seen with mtime 1733464571.5427656
File D:\BaseDjango\MuzeyProject\.venv\Lib\site-packages\django\views\decorators\debug.py first seen with mtime 1733464571.7822816
File C:\Users\admin\AppData\Local\Programs\Python\Python39\Lib\nturl2path.py first seen with mtime 1652795110.0
File C:\Users\admin\AppData\Local\Programs\Python\Python39\Lib\importlib\abc.py first seen with mtime 1652795110.0
File D:\BaseDjango\MuzeyProject\.venv\Lib\site-packages\django\apps\registry.py first seen with mtime 1733464568.4142137
File D:\BaseDjango\MuzeyProject\.venv\Lib\site-packages\django\template\defaulttags.py first seen with mtime 1733464571.722106
File C:\Users\admin\AppData\Local\Programs\Python\Python39\DLLs\_ssl.pyd first seen with mtime 1652795162.0
File D:\BaseDjango\MuzeyProject\.venv\Lib\site-packages\django\forms\__init__.py first seen with mtime 1733464571.57386
File C:\Users\admin\AppData\Local\Programs\Python\Python39\Lib\pickle.py first seen with mtime 1652795110.0
File D:\BaseDjango\MuzeyProject\.venv\Lib\site-packages\django\forms\models.py first seen with mtime 1733464571.5768602
File D:\BaseDjango\MuzeyProject\.venv\Lib\site-packages\django\core\files\images.py first seen with mtime 1733464571.367342
File D:\BaseDjango\MuzeyProject\MuzeyServer\Base\forms.py first seen with mtime 1738593210.2819538
File D:\BaseDjango\MuzeyProject\MuzeyServer\SearchResult\__init__.py first seen with mtime 1733465047.6744561
File C:\Users\admin\AppData\Local\Programs\Python\Python39\Lib\asyncio\log.py first seen with mtime 1652795110.0
File D:\BaseDjango\MuzeyProject\.venv\Lib\site-packages\django\contrib\contenttypes\checks.py first seen with mtime 1733464569.3994327
File C:\Users\admin\AppData\Local\Programs\Python\Python39\Lib\genericpath.py first seen with mtime 1652795110.0
File C:\Users\admin\AppData\Local\Programs\Python\Python39\Lib\sysconfig.py first seen with mtime 1652795110.0
File C:\Users\admin\AppData\Local\Programs\Python\Python39\Lib\gettext.py first seen with mtime 1652795110.0
File D:\BaseDjango\MuzeyProject\.venv\Lib\site-packages\django\contrib\admin\helpers.py first seen with mtime 1733464568.6562672
File D:\BaseDjango\MuzeyProject\.venv\Lib\site-packages\django\template\loaders\app_directories.py first seen with mtime 1733464571.7311242
File C:\Users\admin\AppData\Local\Programs\Python\Python39\Lib\html\__init__.py first seen with mtime 1652795110.0
File D:\BaseDjango\MuzeyProject\.venv\Lib\site-packages\sqlparse\filters\reindent.py first seen with mtime 1733464568.12915
File D:\BaseDjango\MuzeyProject\.venv\Lib\site-packages\django\core\__init__.py first seen with mtime 1733464571.3242414
File D:\BaseDjango\MuzeyProject\MuzeyServer\Base\apps.py first seen with mtime 1733464812.0479295
File D:\BaseDjango\MuzeyProject\.venv\Lib\site-packages\django\urls\resolvers.py first seen with mtime 1733464571.7461636
File D:\BaseDjango\MuzeyProject\.venv\Lib\site-packages\django\contrib\admin\checks.py first seen with mtime 1733464568.6532667
File D:\BaseDjango\MuzeyProject\.venv\Lib\site-packages\django\contrib\auth\password_validation.py first seen with mtime 1733464569.2423975
File C:\Users\admin\AppData\Local\Programs\Python\Python39\Lib\email\generator.py first seen with mtime 1652795110.0
File D:\BaseDjango\MuzeyProject\.venv\Lib\site-packages\django\template\loaders\filesystem.py first seen with mtime 1733464571.7331245
File D:\BaseDjango\MuzeyProject\.venv\Lib\site-packages\django\utils\hashable.py first seen with mtime 1733464571.7602026
File C:\Users\admin\AppData\Local\Programs\Python\Python39\Lib\subprocess.py first seen with mtime 1652795110.0
File C:\Users\admin\AppData\Local\Programs\Python\Python39\Lib\wsgiref\headers.py first seen with mtime 1652795112.0
File C:\Users\admin\AppData\Local\Programs\Python\Python39\Lib\asyncio\sslproto.py first seen with mtime 1652795110.0
File D:\BaseDjango\MuzeyProject\.venv\Lib\site-packages\django\contrib\admin\views\__init__.py first seen with mtime 1733464569.087363
File D:\BaseDjango\MuzeyProject\.venv\Lib\site-packages\django\db\models\base.py first seen with mtime 1733464571.5317433
File D:\BaseDjango\MuzeyProject\.venv\Lib\site-packages\django\contrib\sessions\backends\__init__.py first seen with mtime 1733464570.997325
File D:\BaseDjango\MuzeyProject\.venv\Lib\site-packages\django\db\migrations\exceptions.py first seen with mtime 1733464571.5166779
File D:\BaseDjango\MuzeyProject\.venv\Lib\site-packages\django\db\models\options.py first seen with mtime 1733464571.5407434
File C:\Users\admin\AppData\Local\Programs\Python\Python39\Lib\platform.py first seen with mtime 1652795110.0
File D:\BaseDjango\MuzeyProject\.venv\Lib\site-packages\django\views\generic\detail.py first seen with mtime 1733464571.7862823
File C:\Users\admin\AppData\Local\Programs\Python\Python39\Lib\typing.py first seen with mtime 1652795112.0
File D:\BaseDjango\MuzeyProject\.venv\Lib\site-packages\django\templatetags\__init__.py first seen with mtime 1733464571.734145
File D:\BaseDjango\MuzeyProject\.venv\Lib\site-packages\django\conf\__init__.py first seen with mtime 1733464568.4142137
File D:\BaseDjango\MuzeyProject\.venv\Lib\site-packages\django\core\handlers\asgi.py first seen with mtime 1733464571.3833804
File D:\BaseDjango\MuzeyProject\.venv\Lib\site-packages\django\template\context.py first seen with mtime 1733464571.7200851
File D:\BaseDjango\MuzeyProject\.venv\Lib\site-packages\django\middleware\__init__.py first seen with mtime 1733464571.7130628
File D:\BaseDjango\MuzeyProject\.venv\Lib\site-packages\django\db\backends\base\base.py first seen with mtime 1733464571.477572
File C:\Users\admin\AppData\Local\Programs\Python\Python39\Lib\email\mime\text.py first seen with mtime 1652795110.0
File D:\BaseDjango\MuzeyProject\.venv\Lib\site-packages\sqlparse\engine\grouping.py first seen with mtime 1733464568.125149
File C:\Users\admin\AppData\Local\Programs\Python\Python39\DLLs\_socket.pyd first seen with mtime 1652795162.0
File D:\BaseDjango\MuzeyProject\.venv\Lib\site-packages\django\forms\formsets.py first seen with mtime 1733464571.57586
File D:\BaseDjango\MuzeyProject\.venv\Lib\site-packages\django\utils\__init__.py first seen with mtime 1733464571.7471642
File D:\BaseDjango\MuzeyProject\.venv\Lib\site-packages\django\utils\translation\trans_real.py first seen with mtime 1733464571.7752633
File D:\BaseDjango\MuzeyProject\.venv\Lib\site-packages\django\core\checks\compatibility\django_4_0.py first seen with mtime 1733464571.363323
File C:\Users\admin\AppData\Local\Programs\Python\Python39\Lib\email\charset.py first seen with mtime 1652795110.0
File C:\Users\admin\AppData\Local\Programs\Python\Python39\Lib\email\headerregistry.py first seen with mtime 1652795110.0
File C:\Users\admin\AppData\Local\Programs\Python\Python39\Lib\io.py first seen with mtime 1652795110.0
File C:\Users\admin\AppData\Local\Programs\Python\Python39\Lib\asyncio\exceptions.py first seen with mtime 1652795110.0
File D:\BaseDjango\MuzeyProject\.venv\Lib\site-packages\django\contrib\auth\checks.py first seen with mtime 1733464569.2363963
File D:\BaseDjango\MuzeyProject\.venv\Lib\site-packages\django\forms\forms.py first seen with mtime 1733464571.57586
File D:\BaseDjango\MuzeyProject\.venv\Lib\site-packages\django\core\checks\async_checks.py first seen with mtime 1733464571.3453188
File D:\BaseDjango\MuzeyProject\.venv\Lib\site-packages\django\templatetags\static.py first seen with mtime 1733464571.7361436
File C:\Users\admin\AppData\Local\Programs\Python\Python39\Lib\hashlib.py first seen with mtime 1652795110.0
File C:\Users\admin\AppData\Local\Programs\Python\Python39\Lib\base64.py first seen with mtime 1652795110.0
File D:\BaseDjango\MuzeyProject\.venv\Lib\site-packages\django\core\checks\security\csrf.py first seen with mtime 1733464571.365342
File D:\BaseDjango\MuzeyProject\.venv\Lib\site-packages\django\db\backends\sqlite3\operations.py first seen with mtime 1733464571.5136783
File C:\Users\admin\AppData\Local\Programs\Python\Python39\Lib\lzma.py first seen with mtime 1652795110.0
File C:\Users\admin\AppData\Local\Programs\Python\Python39\Lib\urllib\parse.py first seen with mtime 1652795112.0
File C:\Users\admin\AppData\Local\Programs\Python\Python39\Lib\contextvars.py first seen with mtime 1652795110.0
File C:\Users\admin\AppData\Local\Programs\Python\Python39\Lib\_sitebuiltins.py first seen with mtime 1652795110.0
File D:\BaseDjango\MuzeyProject\.venv\Lib\site-packages\django\db\models\constraints.py first seen with mtime 1733464571.5327415
File D:\BaseDjango\MuzeyProject\.venv\Lib\site-packages\sqlparse\filters\tokens.py first seen with mtime 1733464568.1301503
File D:\BaseDjango\MuzeyProject\.venv\Lib\site-packages\django\core\checks\messages.py first seen with mtime 1733464571.3473194
File C:\Users\admin\AppData\Local\Programs\Python\Python39\Lib\heapq.py first seen with mtime 1652795110.0
File C:\Users\admin\AppData\Local\Programs\Python\Python39\Lib\warnings.py first seen with mtime 1652795112.0
File C:\Users\admin\AppData\Local\Programs\Python\Python39\Lib\ssl.py first seen with mtime 1652795110.0
File D:\BaseDjango\MuzeyProject\.venv\Lib\site-packages\django\db\models\fields\proxy.py first seen with mtime 1733464571.5457647
File D:\BaseDjango\MuzeyProject\MuzeyServer\Base\views.py first seen with mtime 1742129107.892427
File C:\Users\admin\AppData\Local\Programs\Python\Python39\Lib\asyncio\subprocess.py first seen with mtime 1652795110.0
File D:\BaseDjango\MuzeyProject\.venv\Lib\site-packages\django\views\decorators\common.py first seen with mtime 1733464571.781283
File D:\BaseDjango\MuzeyProject\.venv\Lib\site-packages\sqlparse\__init__.py first seen with mtime 1733464568.118148
File D:\BaseDjango\MuzeyProject\.venv\Lib\site-packages\django\core\cache\backends\__init__.py first seen with mtime 1733464571.3362825
File D:\BaseDjango\MuzeyProject\.venv\Lib\site-packages\django\core\files\storage\base.py first seen with mtime 1733464571.379361
File D:\BaseDjango\MuzeyProject\.venv\Lib\site-packages\django\utils\formats.py first seen with mtime 1733464571.7592025
File C:\Users\admin\AppData\Local\Programs\Python\Python39\Lib\asyncio\base_subprocess.py first seen with mtime 1652795110.0
File D:\BaseDjango\MuzeyProject\.venv\Lib\site-packages\django\db\models\utils.py first seen with mtime 1733464571.5427656
File D:\BaseDjango\MuzeyProject\.venv\Lib\site-packages\django\core\checks\security\base.py first seen with mtime 1733464571.3643432
File D:\BaseDjango\MuzeyProject\.venv\Lib\site-packages\django\core\management\color.py first seen with mtime 1733464571.3984199
File C:\Users\admin\AppData\Local\Programs\Python\Python39\Lib\re.py first seen with mtime 1652795110.0
File D:\BaseDjango\MuzeyProject\.venv\Lib\site-packages\django\contrib\admin\templatetags\log.py first seen with mtime 1733464569.086363
File D:\BaseDjango\MuzeyProject\.venv\Lib\site-packages\django\middleware\security.py first seen with mtime 1733464571.7180846
File D:\BaseDjango\MuzeyProject\.venv\Lib\site-packages\django\utils\version.py first seen with mtime 1733464571.7712417
File D:\BaseDjango\MuzeyProject\.venv\Lib\site-packages\django\views\debug.py first seen with mtime 1733464571.7772622
File D:\BaseDjango\MuzeyProject\.venv\Lib\site-packages\django\db\models\query_utils.py first seen with mtime 1733464571.5417435
File C:\Users\admin\AppData\Local\Programs\Python\Python39\Lib\wsgiref\simple_server.py first seen with mtime 1652795112.0
File D:\BaseDjango\MuzeyProject\.venv\Lib\site-packages\django\core\mail\__init__.py first seen with mtime 1733464571.385381
File D:\BaseDjango\MuzeyProject\.venv\Lib\site-packages\django\utils\http.py first seen with mtime 1733464571.7612028
File D:\BaseDjango\MuzeyProject\.venv\Lib\site-packages\django\urls\conf.py first seen with mtime 1733464571.7441454
File D:\BaseDjango\MuzeyProject\.venv\Lib\site-packages\django\db\migrations\utils.py first seen with mtime 1733464571.5257215
File D:\BaseDjango\MuzeyProject\.venv\Lib\site-packages\sqlparse\cli.py first seen with mtime 1733464568.1191483
File D:\BaseDjango\MuzeyProject\.venv\Lib\site-packages\django\db\models\sql\query.py first seen with mtime 1733464571.5698402
File D:\BaseDjango\MuzeyProject\.venv\Lib\site-packages\django\core\management\commands\__init__.py first seen with mtime 1733464571.4184556
File C:\Users\admin\AppData\Local\Programs\Python\Python39\Lib\mimetypes.py first seen with mtime 1652795110.0
File D:\BaseDjango\MuzeyProject\MuzeyServer\manage.py first seen with mtime 1733464675.8608496
File D:\BaseDjango\MuzeyProject\.venv\Lib\site-packages\django\core\management\base.py first seen with mtime 1733464571.3974197
File D:\BaseDjango\MuzeyProject\.venv\Lib\site-packages\django\db\models\functions\comparison.py first seen with mtime 1733464571.5588002
File D:\BaseDjango\MuzeyProject\.venv\Lib\site-packages\sqlparse\filters\aligned_indent.py first seen with mtime 1733464568.1271496
File D:\BaseDjango\MuzeyProject\.venv\Lib\site-packages\django\conf\global_settings.py first seen with mtime 1733464568.4152143
File D:\BaseDjango\MuzeyProject\.venv\Lib\site-packages\django\views\decorators\cache.py first seen with mtime 1733464571.7802627
File D:\BaseDjango\MuzeyProject\.venv\Lib\site-packages\django\conf\locale\__init__.py first seen with mtime 1733464568.4222155
File C:\Users\admin\AppData\Local\Programs\Python\Python39\Lib\encodings\latin_1.py first seen with mtime 1652795110.0
File D:\BaseDjango\MuzeyProject\.venv\Lib\site-packages\django\contrib\admin\options.py first seen with mtime 1733464568.6572673
File D:\BaseDjango\MuzeyProject\.venv\Lib\site-packages\django\db\models\deletion.py first seen with mtime 1733464571.533742
File D:\BaseDjango\MuzeyProject\.venv\Lib\site-packages\django\contrib\contenttypes\admin.py first seen with mtime 1733464569.397432
File D:\BaseDjango\MuzeyProject\.venv\Lib\site-packages\django\contrib\auth\signals.py first seen with mtime 1733464569.2423975
File D:\BaseDjango\MuzeyProject\.venv\Lib\site-packages\django\db\backends\sqlite3\features.py first seen with mtime 1733464571.5126562
File D:\BaseDjango\MuzeyProject\.venv\Lib\site-packages\typing_extensions.py first seen with mtime 1733464568.0651357
File D:\BaseDjango\MuzeyProject\.venv\Lib\site-packages\django\contrib\admin\views\main.py first seen with mtime 1733464569.0893638
File D:\BaseDjango\MuzeyProject\.venv\Lib\site-packages\django\utils\duration.py first seen with mtime 1733464571.7572038
File D:\BaseDjango\MuzeyProject\.venv\Lib\site-packages\django\utils\translation\__init__.py first seen with mtime 1733464571.772242
File C:\Users\admin\AppData\Local\Programs\Python\Python39\Lib\asyncio\base_tasks.py first seen with mtime 1652795110.0
File D:\BaseDjango\MuzeyProject\.venv\Lib\site-packages\django\core\files\storage\memory.py first seen with mtime 1733464571.3813818
File C:\Users\admin\AppData\Local\Programs\Python\Python39\DLLs\select.pyd first seen with mtime 1652795162.0
File D:\BaseDjango\MuzeyProject\.venv\Lib\site-packages\django\db\models\aggregates.py first seen with mtime 1733464571.5307207
File D:\BaseDjango\MuzeyProject\.venv\Lib\site-packages\sqlparse\filters\output.py first seen with mtime 1733464568.1281497
File C:\Users\admin\AppData\Local\Programs\Python\Python39\Lib\html\parser.py first seen with mtime 1652795110.0
File D:\BaseDjango\MuzeyProject\.venv\Lib\site-packages\django\views\decorators\csrf.py first seen with mtime 1733464571.781283
File D:\BaseDjango\MuzeyProject\.venv\Lib\site-packages\django\core\checks\registry.py first seen with mtime 1733464571.360322
File D:\BaseDjango\MuzeyProject\.venv\Lib\site-packages\django\utils\encoding.py first seen with mtime 1733464571.7582026
File D:\BaseDjango\MuzeyProject\.venv\Lib\site-packages\django\db\backends\base\client.py first seen with mtime 1733464571.477572
File D:\BaseDjango\MuzeyProject\.venv\Lib\site-packages\django\core\handlers\__init__.py first seen with mtime 1733464571.3823805
File C:\Users\admin\AppData\Local\Programs\Python\Python39\Lib\email\_policybase.py first seen with mtime 1652795110.0
File C:\Users\admin\AppData\Local\Programs\Python\Python39\Lib\logging\handlers.py first seen with mtime 1652795110.0
File D:\BaseDjango\MuzeyProject\.venv\Lib\site-packages\django\template\loaders\cached.py first seen with mtime 1733464571.7321243
File D:\BaseDjango\MuzeyProject\.venv\Lib\site-packages\django\template\library.py first seen with mtime 1733464571.7241046
File D:\BaseDjango\MuzeyProject\.venv\Lib\site-packages\django\db\backends\sqlite3\_functions.py first seen with mtime 1733464571.5096555
File D:\BaseDjango\MuzeyProject\.venv\Lib\site-packages\django\contrib\sites\requests.py first seen with mtime 1733464571.1517773
File C:\Users\admin\AppData\Local\Programs\Python\Python39\Lib\urllib\error.py first seen with mtime 1652795112.0
File D:\BaseDjango\MuzeyProject\MuzeyServer\Base\__init__.py first seen with mtime 1733464812.04993
File D:\BaseDjango\MuzeyProject\.venv\Lib\site-packages\django\contrib\messages\constants.py first seen with mtime 1733464570.7224536
File C:\Users\admin\AppData\Local\Programs\Python\Python39\DLLs\_uuid.pyd first seen with mtime 1652795162.0
File D:\BaseDjango\MuzeyProject\.venv\Lib\site-packages\django\utils\autoreload.py first seen with mtime 1733464571.7491639
File D:\BaseDjango\MuzeyProject\MuzeyServer\MuzeyServer\__init__.py first seen with mtime 1733464675.8648503
File D:\BaseDjango\MuzeyProject\.venv\Lib\site-packages\sqlparse\formatter.py first seen with mtime 1733464568.1211486
File D:\BaseDjango\MuzeyProject\.venv\Lib\site-packages\django\db\models\sql\subqueries.py first seen with mtime 1733464571.5708406
File D:\BaseDjango\MuzeyProject\.venv\Lib\site-packages\django\core\files\storage\handler.py first seen with mtime 1733464571.3803613
File C:\Users\admin\AppData\Local\Programs\Python\Python39\Lib\email\parser.py first seen with mtime 1652795110.0
File C:\Users\admin\AppData\Local\Programs\Python\Python39\Lib\getpass.py first seen with mtime 1652795110.0
File D:\BaseDjango\MuzeyProject\.venv\Lib\site-packages\django\contrib\admin\templatetags\base.py first seen with mtime 1733464569.086363
File C:\Users\admin\AppData\Local\Programs\Python\Python39\Lib\sre_compile.py first seen with mtime 1652795110.0
File C:\Users\admin\AppData\Local\Programs\Python\Python39\Lib\_bootlocale.py first seen with mtime 1652795110.0
File C:\Users\admin\AppData\Local\Programs\Python\Python39\Lib\wsgiref\handlers.py first seen with mtime 1652795112.0
File C:\Users\admin\AppData\Local\Programs\Python\Python39\Lib\http\client.py first seen with mtime 1652795110.0
File D:\BaseDjango\MuzeyProject\.venv\Lib\site-packages\django\core\checks\__init__.py first seen with mtime 1733464571.3443189
File D:\BaseDjango\MuzeyProject\.venv\Lib\site-packages\django\template\defaultfilters.py first seen with mtime 1733464571.721085
File C:\Users\admin\AppData\Local\Programs\Python\Python39\Lib\ast.py first seen with mtime 1652795110.0
File C:\Users\admin\AppData\Local\Programs\Python\Python39\Lib\decimal.py first seen with mtime 1652795110.0
File D:\BaseDjango\MuzeyProject\.venv\Lib\site-packages\django\urls\__init__.py first seen with mtime 1733464571.743145
File D:\BaseDjango\MuzeyProject\.venv\Lib\site-packages\django\forms\widgets.py first seen with mtime 1733464571.5788605
File C:\Users\admin\AppData\Local\Programs\Python\Python39\DLLs\_sqlite3.pyd first seen with mtime 1652795162.0
File C:\Users\admin\AppData\Local\Programs\Python\Python39\Lib\_weakrefset.py first seen with mtime 1652795110.0
File D:\BaseDjango\MuzeyProject\.venv\Lib\site-packages\django\contrib\auth\hashers.py first seen with mtime 1733464569.2403972
File D:\BaseDjango\MuzeyProject\.venv\Lib\site-packages\django\utils\module_loading.py first seen with mtime 1733464571.7652216
File C:\Users\admin\AppData\Local\Programs\Python\Python39\Lib\email\iterators.py first seen with mtime 1652795110.0
File D:\BaseDjango\MuzeyProject\.venv\Lib\site-packages\django\db\migrations\operations\__init__.py first seen with mtime 1733464571.5267198
File C:\Users\admin\AppData\Local\Programs\Python\Python39\Lib\multiprocessing\__init__.py first seen with mtime 1652795110.0
File D:\BaseDjango\MuzeyProject\.venv\Lib\site-packages\django\contrib\admin\utils.py first seen with mtime 1733464568.659268
File D:\BaseDjango\MuzeyProject\.venv\Lib\site-packages\django\core\files\utils.py first seen with mtime 1733464571.3783607
File D:\BaseDjango\MuzeyProject\.venv\Lib\site-packages\django\contrib\auth\admin.py first seen with mtime 1733464569.2343957
File D:\BaseDjango\MuzeyProject\.venv\Lib\site-packages\django\contrib\contenttypes\__init__.py first seen with mtime 1733464569.397432
File D:\BaseDjango\MuzeyProject\.venv\Lib\site-packages\django\template\base.py first seen with mtime 1733464571.7200851
File D:\BaseDjango\MuzeyProject\.venv\Lib\site-packages\django\contrib\messages\__init__.py first seen with mtime 1733464570.721454
File D:\BaseDjango\MuzeyProject\.venv\Lib\site-packages\django\contrib\contenttypes\models.py first seen with mtime 1733464569.401433
File D:\BaseDjango\MuzeyProject\.venv\Lib\site-packages\django\contrib\auth\tokens.py first seen with mtime 1733464569.2433977
File D:\BaseDjango\MuzeyProject\.venv\Lib\site-packages\django\db\backends\__init__.py first seen with mtime 1733464571.4745731
File D:\BaseDjango\MuzeyProject\.venv\Lib\site-packages\django\core\management\__init__.py first seen with mtime 1733464571.3964193
File C:\Users\admin\AppData\Local\Programs\Python\Python39\Lib\email\_header_value_parser.py first seen with mtime 1652795110.0
File D:\BaseDjango\MuzeyProject\.venv\Lib\site-packages\django\urls\converters.py first seen with mtime 1733464571.7451646
File D:\BaseDjango\MuzeyProject\.venv\Lib\site-packages\django\contrib\admin\templatetags\admin_modify.py first seen with mtime 1733464569.0853627
File C:\Users\admin\AppData\Local\Programs\Python\Python39\Lib\asyncio\windows_events.py first seen with mtime 1652795110.0
File C:\Users\admin\AppData\Local\Programs\Python\Python39\Lib\sre_constants.py first seen with mtime 1652795110.0
File D:\BaseDjango\MuzeyProject\.venv\Lib\site-packages\django\db\backends\sqlite3\introspection.py first seen with mtime 1733464571.5126562
File D:\BaseDjango\MuzeyProject\.venv\Lib\site-packages\django\db\models\functions\math.py first seen with mtime 1733464571.560819
File D:\BaseDjango\MuzeyProject\.venv\Lib\site-packages\django\db\models\fields\files.py first seen with mtime 1733464571.5447645
File D:\BaseDjango\MuzeyProject\.venv\Lib\site-packages\django\contrib\auth\base_user.py first seen with mtime 1733464569.2363963
File C:\Users\admin\AppData\Local\Programs\Python\Python39\Lib\concurrent\__init__.py first seen with mtime 1652795110.0
File D:\BaseDjango\MuzeyProject\.venv\Lib\site-packages\django\views\i18n.py first seen with mtime 1733464571.7782624
File C:\Users\admin\AppData\Local\Programs\Python\Python39\Lib\inspect.py first seen with mtime 1652795110.0
File C:\Users\admin\AppData\Local\Programs\Python\Python39\Lib\argparse.py first seen with mtime 1652795110.0
File D:\BaseDjango\MuzeyProject\.venv\Lib\site-packages\django\core\cache\backends\filebased.py first seen with mtime 1733464571.338301
File C:\Users\admin\AppData\Local\Programs\Python\Python39\Lib\keyword.py first seen with mtime 1652795110.0
File C:\Users\admin\AppData\Local\Programs\Python\Python39\Lib\stat.py first seen with mtime 1652795110.0
File D:\BaseDjango\MuzeyProject\.venv\Lib\site-packages\django\db\models\functions\mixins.py first seen with mtime 1733464571.560819
File D:\BaseDjango\MuzeyProject\.venv\Lib\site-packages\django\contrib\sessions\models.py first seen with mtime 1733464570.996325
File D:\BaseDjango\MuzeyProject\.venv\Lib\site-packages\django\contrib\staticfiles\utils.py first seen with mtime 1733464571.3162203
File C:\Users\admin\AppData\Local\Programs\Python\Python39\Lib\queue.py first seen with mtime 1652795110.0
File D:\BaseDjango\MuzeyProject\.venv\Lib\site-packages\django\utils\text.py first seen with mtime 1733464571.768222
File C:\Users\admin\AppData\Local\Programs\Python\Python39\Lib\abc.py first seen with mtime 1652795110.0
File D:\BaseDjango\MuzeyProject\.venv\Lib\site-packages\django\core\management\commands\runserver.py first seen with mtime 1733464571.4595292
File C:\Users\admin\AppData\Local\Programs\Python\Python39\Lib\string.py first seen with mtime 1652795110.0
File C:\Users\admin\AppData\Local\Programs\Python\Python39\Lib\dis.py first seen with mtime 1652795110.0
File D:\BaseDjango\MuzeyProject\.venv\Lib\site-packages\django\contrib\sessions\base_session.py first seen with mtime 1733464570.9943247
File D:\BaseDjango\MuzeyProject\.venv\Lib\site-packages\django\core\files\storage\mixins.py first seen with mtime 1733464571.3823805
File D:\BaseDjango\MuzeyProject\.venv\Lib\site-packages\django\db\backends\base\operations.py first seen with mtime 1733464571.4805734
File D:\BaseDjango\MuzeyProject\.venv\Lib\site-packages\django\contrib\admin\filters.py first seen with mtime 1733464568.6552672
File D:\BaseDjango\MuzeyProject\.venv\Lib\site-packages\_virtualenv.py first seen with mtime 1733464431.870555
File C:\Users\admin\AppData\Local\Programs\Python\Python39\Lib\ctypes\__init__.py first seen with mtime 1652795110.0
File D:\BaseDjango\MuzeyProject\MuzeyServer\MuzeyServer\settings.py first seen with mtime 1742412782.4451625
File C:\Users\admin\AppData\Local\Programs\Python\Python39\Lib\email\quoprimime.py first seen with mtime 1652795110.0
File D:\BaseDjango\MuzeyProject\.venv\Lib\site-packages\django\contrib\contenttypes\management\__init__.py first seen with mtime 1733464569.535463
File D:\BaseDjango\MuzeyProject\.venv\Lib\site-packages\django\contrib\staticfiles\finders.py first seen with mtime 1733464571.310219
File D:\BaseDjango\MuzeyProject\.venv\Lib\site-packages\django\utils\termcolors.py first seen with mtime 1733464571.7672222
File C:\Users\admin\AppData\Local\Programs\Python\Python39\Lib\collections\__init__.py first seen with mtime 1652795110.0
File D:\BaseDjango\MuzeyProject\.venv\Lib\site-packages\django\views\decorators\__init__.py first seen with mtime 1733464571.7792625
File D:\BaseDjango\MuzeyProject\.venv\Lib\site-packages\django\core\cache\utils.py first seen with mtime 1733464571.3362825
File D:\BaseDjango\MuzeyProject\.venv\Lib\site-packages\django\contrib\messages\storage\base.py first seen with mtime 1733464570.726472
File C:\Users\admin\AppData\Local\Programs\Python\Python39\Lib\hmac.py first seen with mtime 1652795110.0
File D:\BaseDjango\MuzeyProject\.venv\Lib\site-packages\django\contrib\auth\models.py first seen with mtime 1733464569.2413974
File D:\BaseDjango\MuzeyProject\.venv\Lib\site-packages\sqlparse\exceptions.py first seen with mtime 1733464568.1201484
File C:\Users\admin\AppData\Local\Programs\Python\Python39\Lib\asyncio\futures.py first seen with mtime 1652795110.0
File D:\BaseDjango\MuzeyProject\.venv\Lib\site-packages\django\template\utils.py first seen with mtime 1733464571.7271051
File D:\BaseDjango\MuzeyProject\.venv\Lib\site-packages\django\views\csrf.py first seen with mtime 1733464571.7762623
File D:\BaseDjango\MuzeyProject\.venv\Lib\site-packages\django\contrib\contenttypes\forms.py first seen with mtime 1733464569.4004328
File D:\BaseDjango\MuzeyProject\.venv\Lib\site-packages\django\contrib\auth\validators.py first seen with mtime 1733464569.2443984
File D:\BaseDjango\MuzeyProject\.venv\Lib\site-packages\django\contrib\messages\api.py first seen with mtime 1733464570.721454
File D:\BaseDjango\MuzeyProject\.venv\Lib\site-packages\sqlparse\sql.py first seen with mtime 1733464568.1231487
File C:\Users\admin\AppData\Local\Programs\Python\Python39\Lib\ctypes\wintypes.py first seen with mtime 1652795110.0
File D:\BaseDjango\MuzeyProject\MuzeyServer\MuzeyServer\urls.py first seen with mtime 1742123548.7479253
File C:\Users\admin\AppData\Local\Programs\Python\Python39\Lib\calendar.py first seen with mtime 1652795110.0
File D:\BaseDjango\MuzeyProject\.venv\Lib\site-packages\PIL\_binary.py first seen with mtime 1733465806.9784217
File C:\Users\admin\AppData\Local\Programs\Python\Python39\Lib\asyncio\windows_utils.py first seen with mtime 1652795110.0
File D:\BaseDjango\MuzeyProject\.venv\Lib\site-packages\django\db\utils.py first seen with mtime 1733464571.473553
File D:\BaseDjango\MuzeyProject\.venv\Lib\site-packages\django\db\migrations\operations\special.py first seen with mtime 1733464571.5297203
File D:\BaseDjango\MuzeyProject\.venv\Lib\site-packages\django\contrib\admin\actions.py first seen with mtime 1733464568.651266
File D:\BaseDjango\MuzeyProject\.venv\Lib\site-packages\django\contrib\contenttypes\apps.py first seen with mtime 1733464569.3984332
File D:\BaseDjango\MuzeyProject\.venv\Lib\site-packages\django\template\engine.py first seen with mtime 1733464571.7231042
File D:\BaseDjango\MuzeyProject\.venv\Lib\site-packages\django\core\files\uploadedfile.py first seen with mtime 1733464571.3773606
File D:\BaseDjango\MuzeyProject\.venv\Lib\site-packages\django\apps\config.py first seen with mtime 1733464568.4132137
File D:\BaseDjango\MuzeyProject\.venv\Lib\site-packages\django\contrib\messages\apps.py first seen with mtime 1733464570.7224536
File D:\BaseDjango\MuzeyProject\.venv\Lib\site-packages\django\contrib\staticfiles\checks.py first seen with mtime 1733464571.310219
File C:\Users\admin\AppData\Local\Programs\Python\Python39\Lib\email\encoders.py first seen with mtime 1652795110.0
File D:\BaseDjango\MuzeyProject\.venv\Lib\site-packages\django\core\checks\urls.py first seen with mtime 1733464571.3623226
File C:\Users\admin\AppData\Local\Programs\Python\Python39\Lib\asyncio\events.py first seen with mtime 1652795110.0
File D:\BaseDjango\MuzeyProject\.venv\Lib\site-packages\django\templatetags\l10n.py first seen with mtime 1733464571.7361436
File D:\BaseDjango\MuzeyProject\.venv\Lib\site-packages\django\core\servers\__init__.py first seen with mtime 1733464571.4715526
File D:\BaseDjango\MuzeyProject\.venv\Lib\site-packages\django\contrib\staticfiles\handlers.py first seen with mtime 1733464571.3112192
File D:\BaseDjango\MuzeyProject\.venv\Lib\site-packages\asgiref\current_thread_executor.py first seen with mtime 1733464568.252178
File D:\BaseDjango\MuzeyProject\.venv\Lib\site-packages\django\contrib\admin\apps.py first seen with mtime 1733464568.6522663
File C:\Users\admin\AppData\Local\Programs\Python\Python39\Lib\codecs.py first seen with mtime 1652795110.0
File D:\BaseDjango\MuzeyProject\.venv\Lib\site-packages\django\template\loader.py first seen with mtime 1733464571.7251048
File C:\Users\admin\AppData\Local\Programs\Python\Python39\Lib\email\utils.py first seen with mtime 1652795110.0
File C:\Users\admin\AppData\Local\Programs\Python\Python39\Lib\encodings\__init__.py first seen with mtime 1652795110.0
File D:\BaseDjango\MuzeyProject\.venv\Lib\site-packages\sqlparse\engine\statement_splitter.py first seen with mtime 1733464568.1261494
File D:\BaseDjango\MuzeyProject\.venv\Lib\site-packages\django\db\backends\base\features.py first seen with mtime 1733464571.4785724
File C:\Users\admin\AppData\Local\Programs\Python\Python39\Lib\email\mime\base.py first seen with mtime 1652795110.0
File C:\Users\admin\AppData\Local\Programs\Python\Python39\Lib\asyncio\base_futures.py first seen with mtime 1652795110.0
File C:\Users\admin\AppData\Local\Programs\Python\Python39\Lib\zoneinfo\_tzpath.py first seen with mtime 1652795112.0
File D:\BaseDjango\MuzeyProject\.venv\Lib\site-packages\django\contrib\sessions\apps.py first seen with mtime 1733464570.9943247
File C:\Users\admin\AppData\Local\Programs\Python\Python39\DLLs\_overlapped.pyd first seen with mtime 1652795162.0
File D:\BaseDjango\MuzeyProject\.venv\Lib\site-packages\django\db\backends\sqlite3\creation.py first seen with mtime 1733464571.511656
File D:\BaseDjango\MuzeyProject\.venv\Lib\site-packages\django\core\files\uploadhandler.py first seen with mtime 1733464571.3773606
File D:\BaseDjango\MuzeyProject\.venv\Lib\site-packages\django\db\migrations\migration.py first seen with mtime 1733464571.5216987
File D:\BaseDjango\MuzeyProject\.venv\Lib\site-packages\django\utils\timezone.py first seen with mtime 1733464571.769243
File C:\Users\admin\AppData\Local\Programs\Python\Python39\Lib\email\mime\message.py first seen with mtime 1652795110.0
File C:\Users\admin\AppData\Local\Programs\Python\Python39\Lib\selectors.py first seen with mtime 1652795110.0
File C:\Users\admin\AppData\Local\Programs\Python\Python39\Lib\uuid.py first seen with mtime 1652795112.0
File D:\BaseDjango\MuzeyProject\.venv\Lib\site-packages\django\db\models\fields\mixins.py first seen with mtime 1733464571.5457647
File D:\BaseDjango\MuzeyProject\.venv\Lib\site-packages\django\core\handlers\exception.py first seen with mtime 1733464571.3843806
File D:\BaseDjango\MuzeyProject\.venv\Lib\site-packages\django\db\models\constants.py first seen with mtime 1733464571.5317433
File C:\Users\admin\AppData\Local\Programs\Python\Python39\Lib\json\decoder.py first seen with mtime 1652795110.0
File D:\BaseDjango\MuzeyProject\.venv\Lib\site-packages\asgiref\local.py first seen with mtime 1733464568.2531781
File D:\BaseDjango\MuzeyProject\.venv\Lib\site-packages\django\db\migrations\operations\fields.py first seen with mtime 1733464571.5277197
File C:\Users\admin\AppData\Local\Programs\Python\Python39\Lib\logging\config.py first seen with mtime 1652795110.0
File C:\Users\admin\AppData\Local\Programs\Python\Python39\Lib\pprint.py first seen with mtime 1652795110.0
File D:\BaseDjango\MuzeyProject\.venv\Lib\site-packages\django\db\migrations\state.py first seen with mtime 1733464571.5246992
File D:\BaseDjango\MuzeyProject\.venv\Lib\site-packages\django\views\generic\base.py first seen with mtime 1733464571.785282
File D:\BaseDjango\MuzeyProject\.venv\Lib\site-packages\django\contrib\auth\forms.py first seen with mtime 1733464569.239397
File D:\BaseDjango\MuzeyProject\.venv\Lib\site-packages\django\core\checks\database.py first seen with mtime 1733464571.346319
File D:\BaseDjango\MuzeyProject\.venv\Lib\site-packages\django\core\checks\translation.py first seen with mtime 1733464571.3613224
File C:\Users\admin\AppData\Local\Programs\Python\Python39\Lib\traceback.py first seen with mtime 1652795112.0
File D:\BaseDjango\MuzeyProject\.venv\Lib\site-packages\django\template\loaders\base.py first seen with mtime 1733464571.7321243
File D:\BaseDjango\MuzeyProject\.venv\Lib\site-packages\django\__init__.py first seen with mtime 1733464568.4112132
File D:\BaseDjango\MuzeyProject\.venv\Lib\site-packages\django\dispatch\dispatcher.py first seen with mtime 1733464571.5728612
File D:\BaseDjango\MuzeyProject\.venv\Lib\site-packages\django\contrib\messages\storage\__init__.py first seen with mtime 1733464570.7254715
File C:\Users\admin\AppData\Local\Programs\Python\Python39\Lib\signal.py first seen with mtime 1652795110.0
File D:\BaseDjango\MuzeyProject\.venv\Lib\site-packages\django\contrib\auth\apps.py first seen with mtime 1733464569.235396
File D:\BaseDjango\MuzeyProject\.venv\Lib\site-packages\PIL\ImageFont.py first seen with mtime 1733465806.9474156
File D:\BaseDjango\MuzeyProject\.venv\Lib\site-packages\PIL\ExifTags.py first seen with mtime 1733465806.9324121
File D:\BaseDjango\MuzeyProject\.venv\Lib\site-packages\django\db\models\__init__.py first seen with mtime 1733464571.5297203
File C:\Users\admin\AppData\Local\Programs\Python\Python39\Lib\_compression.py first seen with mtime 1652795110.0
File D:\BaseDjango\MuzeyProject\.venv\Lib\site-packages\PIL\_imaging.cp39-win_amd64.pyd first seen with mtime 1733465806.9884238
File D:\BaseDjango\MuzeyProject\.venv\Lib\site-packages\django\views\generic\list.py first seen with mtime 1733464571.7873027
File D:\BaseDjango\MuzeyProject\.venv\Lib\site-packages\django\core\serializers\base.py first seen with mtime 1733464571.4675303
File D:\BaseDjango\MuzeyProject\.venv\Lib\site-packages\django\db\models\functions\datetime.py first seen with mtime 1733464571.5598004
File D:\BaseDjango\MuzeyProject\.venv\Lib\site-packages\PIL\TiffTags.py first seen with mtime 1733465806.973421
File D:\BaseDjango\MuzeyProject\.venv\Lib\site-packages\django\utils\translation\reloader.py first seen with mtime 1733464571.7732427
File D:\BaseDjango\MuzeyProject\.venv\Lib\site-packages\django\db\models\manager.py first seen with mtime 1733464571.5397432
File D:\BaseDjango\MuzeyProject\.venv\Lib\site-packages\django\forms\fields.py first seen with mtime 1733464571.5748599
File C:\Users\admin\AppData\Local\Programs\Python\Python39\Lib\ipaddress.py first seen with mtime 1652795110.0
File D:\BaseDjango\MuzeyProject\.venv\Lib\site-packages\django\contrib\staticfiles\management\commands\__init__.py first seen with mtime 1733464571.3182206
File C:\Users\admin\AppData\Local\Programs\Python\Python39\Lib\numbers.py first seen with mtime 1652795110.0
File D:\BaseDjango\MuzeyProject\.venv\Lib\site-packages\PIL\_typing.py first seen with mtime 1733465807.0044277
File D:\BaseDjango\MuzeyProject\.venv\Lib\site-packages\django\contrib\contenttypes\views.py first seen with mtime 1733464569.401433
File D:\BaseDjango\MuzeyProject\.venv\Lib\site-packages\django\shortcuts.py first seen with mtime 1733464568.4122136
File D:\BaseDjango\MuzeyProject\.venv\Lib\site-packages\django\db\models\enums.py first seen with mtime 1733464571.5367427
File C:\Users\admin\AppData\Local\Programs\Python\Python39\DLLs\_queue.pyd first seen with mtime 1652795162.0
File D:\BaseDjango\MuzeyProject\.venv\Lib\site-packages\django\urls\exceptions.py first seen with mtime 1733464571.7451646
File D:\BaseDjango\MuzeyProject\.venv\Lib\site-packages\django\template\loader_tags.py first seen with mtime 1733464571.7251048
File C:\Users\admin\AppData\Local\Programs\Python\Python39\Lib\copy.py first seen with mtime 1652795110.0
File D:\BaseDjango\MuzeyProject\.venv\Lib\site-packages\PIL\__init__.py first seen with mtime 1733465806.9774215
File C:\Users\admin\AppData\Local\Programs\Python\Python39\Lib\asyncio\constants.py first seen with mtime 1652795110.0
File C:\Users\admin\AppData\Local\Programs\Python\Python39\Lib\concurrent\futures\__init__.py first seen with mtime 1652795110.0
File D:\BaseDjango\MuzeyProject\.venv\Lib\site-packages\django\core\files\base.py first seen with mtime 1733464571.3663418
File D:\BaseDjango\MuzeyProject\.venv\Lib\site-packages\django\db\backends\base\__init__.py first seen with mtime 1733464571.476572
File C:\Users\admin\AppData\Local\Programs\Python\Python39\Lib\email\mime\multipart.py first seen with mtime 1652795110.0
File D:\BaseDjango\MuzeyProject\.venv\Lib\site-packages\django\db\migrations\__init__.py first seen with mtime 1733464571.5156775
File C:\Users\admin\AppData\Local\Programs\Python\Python39\Lib\sqlite3\dbapi2.py first seen with mtime 1652795110.0
File C:\Users\admin\AppData\Local\Programs\Python\Python39\Lib\pathlib.py first seen with mtime 1652795110.0
File D:\BaseDjango\MuzeyProject\.venv\Lib\site-packages\sqlparse\filters\__init__.py first seen with mtime 1733464568.1271496
File D:\BaseDjango\MuzeyProject\.venv\Lib\site-packages\django\core\checks\caches.py first seen with mtime 1733464571.3453188
File D:\BaseDjango\MuzeyProject\.venv\Lib\site-packages\django\db\models\functions\window.py first seen with mtime 1733464571.5658183
File D:\BaseDjango\MuzeyProject\.venv\Lib\site-packages\django\contrib\admin\sites.py first seen with mtime 1733464568.6582677
File C:\Users\admin\AppData\Local\Programs\Python\Python39\Lib\opcode.py first seen with mtime 1652795110.0
File C:\Users\admin\AppData\Local\Programs\Python\Python39\Lib\asyncio\locks.py first seen with mtime 1652795110.0
File D:\BaseDjango\MuzeyProject\.venv\Lib\site-packages\django\contrib\sites\__init__.py first seen with mtime 1733464571.1477766
File D:\BaseDjango\MuzeyProject\.venv\Lib\site-packages\django\views\generic\edit.py first seen with mtime 1733464571.7873027
File C:\Users\admin\AppData\Local\Programs\Python\Python39\Lib\secrets.py first seen with mtime 1652795110.0
File C:\Users\admin\AppData\Local\Programs\Python\Python39\DLLs\_ctypes.pyd first seen with mtime 1652795162.0
File D:\BaseDjango\MuzeyProject\.venv\Lib\site-packages\django\template\autoreload.py first seen with mtime 1733464571.7190845
File C:\Users\admin\AppData\Local\Programs\Python\Python39\Lib\site.py first seen with mtime 1652795110.0
File D:\BaseDjango\MuzeyProject\.venv\Lib\site-packages\django\views\static.py first seen with mtime 1733464571.7782624
File C:\Users\admin\AppData\Local\Programs\Python\Python39\Lib\http\__init__.py first seen with mtime 1652795110.0
File C:\Users\admin\AppData\Local\Programs\Python\Python39\Lib\contextlib.py first seen with mtime 1652795110.0
File D:\BaseDjango\MuzeyProject\.venv\Lib\site-packages\django\db\models\functions\__init__.py first seen with mtime 1733464571.5588002
File D:\BaseDjango\MuzeyProject\.venv\Lib\site-packages\django\utils\log.py first seen with mtime 1733464571.7642217
File D:\BaseDjango\MuzeyProject\.venv\Lib\site-packages\django\contrib\sites\shortcuts.py first seen with mtime 1733464571.1527772
File D:\BaseDjango\MuzeyProject\.venv\Lib\site-packages\django\core\wsgi.py first seen with mtime 1733464571.3342824
File C:\Users\admin\AppData\Local\Programs\Python\Python39\Lib\_collections_abc.py first seen with mtime 1652795110.0
File D:\BaseDjango\MuzeyProject\.venv\Lib\site-packages\django\utils\ipv6.py first seen with mtime 1733464571.7622032
File D:\BaseDjango\MuzeyProject\.venv\Lib\site-packages\django\views\generic\__init__.py first seen with mtime 1733464571.7842817
File D:\BaseDjango\MuzeyProject\.venv\Lib\site-packages\django\core\files\storage\__init__.py first seen with mtime 1733464571.379361
File C:\Users\admin\AppData\Local\Programs\Python\Python39\Lib\email\mime\nonmultipart.py first seen with mtime 1652795110.0
File D:\BaseDjango\MuzeyProject\.venv\Lib\site-packages\django\db\backends\ddl_references.py first seen with mtime 1733464571.4745731
File D:\BaseDjango\MuzeyProject\.venv\Lib\site-packages\django\core\checks\security\__init__.py first seen with mtime 1733464571.363323
File D:\BaseDjango\MuzeyProject\.venv\Lib\site-packages\django\contrib\admin\views\autocomplete.py first seen with mtime 1733464569.087363
File C:\Users\admin\AppData\Local\Programs\Python\Python39\Lib\__future__.py first seen with mtime 1652795110.0
File C:\Users\admin\AppData\Local\Programs\Python\Python39\Lib\sre_parse.py first seen with mtime 1652795110.0
File D:\BaseDjango\MuzeyProject\MuzeyServer\GamesList\apps.py first seen with mtime 1733464820.7283447
File D:\BaseDjango\MuzeyProject\.venv\Lib\site-packages\django\http\__init__.py first seen with mtime 1733464571.7100637
File D:\BaseDjango\MuzeyProject\.venv\Lib\site-packages\django\utils\timesince.py first seen with mtime 1733464571.769243
File D:\BaseDjango\MuzeyProject\.venv\Lib\site-packages\django\core\exceptions.py first seen with mtime 1733464571.3262625
File D:\BaseDjango\MuzeyProject\.venv\Lib\site-packages\django\template\loaders\__init__.py first seen with mtime 1733464571.7311242
File D:\BaseDjango\MuzeyProject\.venv\Lib\site-packages\django\core\checks\security\sessions.py first seen with mtime 1733464571.365342
File D:\BaseDjango\MuzeyProject\MuzeyServer\send_email\views.py first seen with mtime 1742412420.7548673
File D:\BaseDjango\MuzeyProject\.venv\Lib\site-packages\sqlparse\engine\filter_stack.py first seen with mtime 1733464568.125149
File D:\BaseDjango\MuzeyProject\.venv\Lib\site-packages\django\utils\itercompat.py first seen with mtime 1733464571.763223
File D:\BaseDjango\MuzeyProject\.venv\Lib\site-packages\django\core\serializers\python.py first seen with mtime 1733464571.4695525
File D:\BaseDjango\MuzeyProject\.venv\Lib\site-packages\django\core\checks\templates.py first seen with mtime 1733464571.3613224
File C:\Users\admin\AppData\Local\Programs\Python\Python39\Lib\tempfile.py first seen with mtime 1652795110.0
File C:\Users\admin\AppData\Local\Programs\Python\Python39\Lib\quopri.py first seen with mtime 1652795110.0
File C:\Users\admin\AppData\Local\Programs\Python\Python39\Lib\asyncio\threads.py first seen with mtime 1652795110.0
File C:\Users\admin\AppData\Local\Programs\Python\Python39\Lib\asyncio\proactor_events.py first seen with mtime 1652795110.0
File D:\BaseDjango\MuzeyProject\.venv\Lib\site-packages\django\middleware\cache.py first seen with mtime 1733464571.7130628
File D:\BaseDjango\MuzeyProject\.venv\Lib\site-packages\PIL\_imagingft.cp39-win_amd64.pyd first seen with mtime 1733465806.9994264
File D:\BaseDjango\MuzeyProject\.venv\Lib\site-packages\django\core\files\locks.py first seen with mtime 1733464571.3683424
File D:\BaseDjango\MuzeyProject\.venv\Lib\site-packages\PIL\_deprecate.py first seen with mtime 1733465806.979422
File D:\BaseDjango\MuzeyProject\.venv\Lib\site-packages\django\utils\decorators.py first seen with mtime 1733464571.7561831
File D:\BaseDjango\MuzeyProject\.venv\Lib\site-packages\django\db\transaction.py first seen with mtime 1733464571.4725528
File D:\BaseDjango\MuzeyProject\.venv\Lib\site-packages\django\db\backends\base\validation.py first seen with mtime 1733464571.4815729
File C:\Users\admin\AppData\Local\Programs\Python\Python39\Lib\email\contentmanager.py first seen with mtime 1652795110.0
File D:\BaseDjango\MuzeyProject\.venv\Lib\site-packages\django\db\models\fields\related_lookups.py first seen with mtime 1733464571.5578
File D:\BaseDjango\MuzeyProject\.venv\Lib\site-packages\django\urls\utils.py first seen with mtime 1733464571.7461636
File D:\BaseDjango\MuzeyProject\MuzeyServer\SearchResult\admin.py first seen with mtime 1733465975.2854438
File C:\Users\admin\AppData\Local\Programs\Python\Python39\DLLs\_bz2.pyd first seen with mtime 1652795172.0
File D:\BaseDjango\MuzeyProject\.venv\Lib\site-packages\django\contrib\admin\__init__.py first seen with mtime 1733464568.651266
File C:\Users\admin\AppData\Local\Programs\Python\Python39\Lib\asyncio\staggered.py first seen with mtime 1652795110.0
File D:\BaseDjango\MuzeyProject\.venv\Lib\site-packages\django\middleware\csrf.py first seen with mtime 1733464571.715063
File D:\BaseDjango\MuzeyProject\.venv\Lib\site-packages\django\contrib\admin\models.py first seen with mtime 1733464568.6562672
File D:\BaseDjango\MuzeyProject\.venv\Lib\site-packages\django\utils\inspect.py first seen with mtime 1733464571.7622032
File D:\BaseDjango\MuzeyProject\MuzeyServer\SearchMenu\admin.py first seen with mtime 1733464938.6552207
File C:\Users\admin\AppData\Local\Programs\Python\Python39\Lib\urllib\__init__.py first seen with mtime 1652795112.0
File D:\BaseDjango\MuzeyProject\.venv\Lib\site-packages\PIL\ImageMode.py first seen with mtime 1733465806.949416
File D:\BaseDjango\MuzeyProject\.venv\Lib\site-packages\django\contrib\sessions\__init__.py first seen with mtime 1733464570.9933245
File C:\Users\admin\AppData\Local\Programs\Python\Python39\Lib\http\server.py first seen with mtime 1652795110.0
File C:\Users\admin\AppData\Local\Programs\Python\Python39\Lib\encodings\cp1251.py first seen with mtime 1652795110.0
File D:\BaseDjango\MuzeyProject\.venv\Lib\site-packages\django\db\backends\utils.py first seen with mtime 1733464571.475572
File C:\Users\admin\AppData\Local\Programs\Python\Python39\Lib\zoneinfo\__init__.py first seen with mtime 1652795112.0
File D:\BaseDjango\MuzeyProject\.venv\Lib\site-packages\django\core\servers\basehttp.py first seen with mtime 1733464571.4715526
File C:\Users\admin\AppData\Local\Programs\Python\Python39\Lib\asyncio\selector_events.py first seen with mtime 1652795110.0
File D:\BaseDjango\MuzeyProject\.venv\Lib\site-packages\django\contrib\staticfiles\management\commands\runserver.py first seen with mtime 1733464571.3192418
File D:\BaseDjango\MuzeyProject\.venv\Lib\site-packages\sqlparse\keywords.py first seen with mtime 1733464568.1211486
File D:\BaseDjango\MuzeyProject\.venv\Lib\site-packages\django\db\backends\base\creation.py first seen with mtime 1733464571.4785724
File C:\Users\admin\AppData\Local\Programs\Python\Python39\DLLs\_asyncio.pyd first seen with mtime 1652795162.0
File C:\Users\admin\AppData\Local\Programs\Python\Python39\Lib\email\message.py first seen with mtime 1652795110.0
File C:\Users\admin\AppData\Local\Programs\Python\Python39\Lib\multiprocessing\reduction.py first seen with mtime 1652795110.0
File C:\Users\admin\AppData\Local\Programs\Python\Python39\Lib\weakref.py first seen with mtime 1652795112.0
File C:\Users\admin\AppData\Local\Programs\Python\Python39\Lib\email\policy.py first seen with mtime 1652795110.0
File D:\BaseDjango\MuzeyProject\.venv\Lib\site-packages\django\contrib\admin\templatetags\admin_urls.py first seen with mtime 1733464569.0853627
File D:\BaseDjango\MuzeyProject\.venv\Lib\site-packages\django\template\backends\base.py first seen with mtime 1733464571.7281253
File D:\BaseDjango\MuzeyProject\.venv\Lib\site-packages\django\views\defaults.py first seen with mtime 1733464571.7772622
File D:\BaseDjango\MuzeyProject\.venv\Lib\site-packages\django\db\models\fields\__init__.py first seen with mtime 1733464571.5437646
File D:\BaseDjango\MuzeyProject\.venv\Lib\site-packages\django\core\checks\model_checks.py first seen with mtime 1733464571.359322
File C:\Users\admin\AppData\Local\Programs\Python\Python39\Lib\fnmatch.py first seen with mtime 1652795110.0
File D:\BaseDjango\MuzeyProject\.venv\Lib\site-packages\django\forms\utils.py first seen with mtime 1733464571.5788605
File D:\BaseDjango\MuzeyProject\.venv\Lib\site-packages\django\conf\urls\__init__.py first seen with mtime 1733464568.6492655
File D:\BaseDjango\MuzeyProject\MuzeyServer\templates\game_1.html first seen with mtime 1741426684.985973
File D:\BaseDjango\MuzeyProject\MuzeyServer\templates\game_2.html first seen with mtime 1741426410.3674054
File D:\BaseDjango\MuzeyProject\MuzeyServer\templates\game_3.html first seen with mtime 1741807144.2613888
File D:\BaseDjango\MuzeyProject\MuzeyServer\templates\game_4.html first seen with mtime 1741426410.3684058
File D:\BaseDjango\MuzeyProject\MuzeyServer\templates\game_5.html first seen with mtime 1741426410.3684058
File D:\BaseDjango\MuzeyProject\MuzeyServer\templates\game_6.html first seen with mtime 1741426410.3694053
File D:\BaseDjango\MuzeyProject\MuzeyServer\templates\game_7.html first seen with mtime 1741426410.3704062
File D:\BaseDjango\MuzeyProject\MuzeyServer\templates\index.html first seen with mtime 1742129546.125297
File D:\BaseDjango\MuzeyProject\MuzeyServer\templates\login.html first seen with mtime 1742126128.8308303
File D:\BaseDjango\MuzeyProject\MuzeyServer\templates\page1.html first seen with mtime 1742315093.0240977
File D:\BaseDjango\MuzeyProject\MuzeyServer\templates\page2.html first seen with mtime 1739371559.2016268
File D:\BaseDjango\MuzeyProject\MuzeyServer\templates\page3.html first seen with mtime 1742125008.8995664
File D:\BaseDjango\MuzeyProject\MuzeyServer\templates\register_visitor.html first seen with mtime 1738683858.7223306
File D:\BaseDjango\MuzeyProject\MuzeyServer\templates\send_email.html first seen with mtime 1742128846.3268332
File D:\BaseDjango\MuzeyProject\MuzeyServer\templates\video_r1.html first seen with mtime 1738680981.7228174
File D:\BaseDjango\MuzeyProject\MuzeyServer\templates\video_r2.html first seen with mtime 1739605313.5841815
File D:\BaseDjango\MuzeyProject\MuzeyServer\templates\video_r3.html first seen with mtime 1739605345.5963705
File D:\BaseDjango\MuzeyProject\MuzeyServer\templates\video_r4.html first seen with mtime 1739605347.1947796
File D:\BaseDjango\MuzeyProject\MuzeyServer\templates\video_r5.html first seen with mtime 1739605313.553174
Exception while resolving variable 'logout_message' in template 'index.html'.
Traceback (most recent call last):
  File "D:\BaseDjango\MuzeyProject\.venv\lib\site-packages\django\template\base.py", line 880, in _resolve_lookup
    current = current[bit]
  File "D:\BaseDjango\MuzeyProject\.venv\lib\site-packages\django\template\context.py", line 83, in __getitem__
    raise KeyError(key)
KeyError: 'logout_message'

During handling of the above exception, another exception occurred:

Traceback (most recent call last):
  File "D:\BaseDjango\MuzeyProject\.venv\lib\site-packages\django\template\base.py", line 886, in _resolve_lookup
    if isinstance(current, BaseContext) and getattr(
AttributeError: type object 'RequestContext' has no attribute 'logout_message'

During handling of the above exception, another exception occurred:

Traceback (most recent call last):
  File "D:\BaseDjango\MuzeyProject\.venv\lib\site-packages\django\template\base.py", line 896, in _resolve_lookup
    current = current[int(bit)]
ValueError: invalid literal for int() with base 10: 'logout_message'

During handling of the above exception, another exception occurred:

Traceback (most recent call last):
  File "D:\BaseDjango\MuzeyProject\.venv\lib\site-packages\django\template\base.py", line 903, in _resolve_lookup
    raise VariableDoesNotExist(
django.template.base.VariableDoesNotExist: Failed lookup for key [logout_message] in [{'True': True, 'False': False, 'None': None}, {'csrf_token': <SimpleLazyObject: <function csrf.<locals>._get_val at 0x0000021E585058B0>>, 'request': <WSGIRequest: GET '/'>, 'user': <SimpleLazyObject: <function AuthenticationMiddleware.process_request.<locals>.<lambda> at 0x0000021E58505790>>, 'perms': PermWrapper(<SimpleLazyObject: <function AuthenticationMiddleware.process_request.<locals>.<lambda> at 0x0000021E58505790>>), 'messages': <FallbackStorage: request=<WSGIRequest: GET '/'>>, 'DEFAULT_MESSAGE_LEVELS': {'DEBUG': 10, 'INFO': 20, 'SUCCESS': 25, 'WARNING': 30, 'ERROR': 40}}, {}]
"GET / HTTP/1.1" 200 12558
File D:\BaseDjango\MuzeyProject\.venv\Lib\site-packages\django\contrib\auth\migrations\0012_alter_user_first_name_max_length.py first seen with mtime 1733464569.3944314
File D:\BaseDjango\MuzeyProject\.venv\Lib\site-packages\django\contrib\messages\storage\fallback.py first seen with mtime 1733464570.727472
File D:\BaseDjango\MuzeyProject\MuzeyServer\SearchResult\migrations\__init__.py first seen with mtime 1733465047.6754563
File D:\BaseDjango\MuzeyProject\.venv\Lib\site-packages\django\contrib\auth\migrations\0005_alter_user_last_login_null.py first seen with mtime 1733464569.3904307
File D:\BaseDjango\MuzeyProject\MuzeyServer\MuzeyServer\wsgi.py first seen with mtime 1733464675.8638504
File D:\BaseDjango\MuzeyProject\.venv\Lib\site-packages\django\db\migrations\graph.py first seen with mtime 1733464571.517678
File D:\BaseDjango\MuzeyProject\.venv\Lib\site-packages\django\contrib\auth\migrations\0008_alter_user_username_max_length.py first seen with mtime 1733464569.392431
File D:\BaseDjango\MuzeyProject\.venv\Lib\site-packages\django\contrib\sessions\serializers.py first seen with mtime 1733464570.997325
File D:\BaseDjango\MuzeyProject\.venv\Lib\site-packages\django\db\migrations\executor.py first seen with mtime 1733464571.5166779
File D:\BaseDjango\MuzeyProject\.venv\Lib\site-packages\django\contrib\auth\migrations\0010_alter_group_name_max_length.py first seen with mtime 1733464569.3934312
File D:\BaseDjango\MuzeyProject\.venv\Lib\site-packages\django\contrib\sessions\exceptions.py first seen with mtime 1733464570.9953246
File D:\BaseDjango\MuzeyProject\.venv\Lib\site-packages\django\contrib\messages\context_processors.py first seen with mtime 1733464570.7234538
File D:\BaseDjango\MuzeyProject\.venv\Lib\site-packages\django\contrib\messages\storage\cookie.py first seen with mtime 1733464570.726472
File D:\BaseDjango\MuzeyProject\MuzeyServer\Base\migrations\__init__.py first seen with mtime 1733464812.0509298
File D:\BaseDjango\MuzeyProject\.venv\Lib\site-packages\django\contrib\sessions\backends\base.py first seen with mtime 1733464570.998344
File D:\BaseDjango\MuzeyProject\.venv\Lib\site-packages\django\contrib\sessions\migrations\0001_initial.py first seen with mtime 1733464571.1417577
File D:\BaseDjango\MuzeyProject\.venv\Lib\site-packages\django\contrib\auth\migrations\__init__.py first seen with mtime 1733464569.3954318
File D:\BaseDjango\MuzeyProject\MuzeyServer\GamesList\migrations\__init__.py first seen with mtime 1733464820.7323449
File D:\BaseDjango\MuzeyProject\MuzeyServer\SearchMenu\migrations\__init__.py first seen with mtime 1733464938.6652231
File D:\BaseDjango\MuzeyProject\MuzeyServer\Base\migrations\0002_remove_playerprofile_user_delete_customuser_and_more.py first seen with mtime 1742129920.714744
File D:\BaseDjango\MuzeyProject\.venv\Lib\site-packages\django\contrib\auth\migrations\0006_require_contenttypes_0002.py first seen with mtime 1733464569.3914306
File D:\BaseDjango\MuzeyProject\.venv\Lib\site-packages\django\contrib\messages\storage\session.py first seen with mtime 1733464570.7284722
File C:\Users\admin\AppData\Local\Programs\Python\Python39\Lib\stringprep.py first seen with mtime 1652795110.0
File D:\BaseDjango\MuzeyProject\.venv\Lib\site-packages\django\contrib\contenttypes\migrations\0001_initial.py first seen with mtime 1733464569.5374632
File D:\BaseDjango\MuzeyProject\.venv\Lib\site-packages\django\contrib\sessions\backends\db.py first seen with mtime 1733464571.0003426
File D:\BaseDjango\MuzeyProject\.venv\Lib\site-packages\django\db\migrations\loader.py first seen with mtime 1733464571.5186775
File D:\BaseDjango\MuzeyProject\.venv\Lib\site-packages\django\db\models\sql\compiler.py first seen with mtime 1733464571.5678396
File D:\BaseDjango\MuzeyProject\.venv\Lib\site-packages\django\contrib\auth\migrations\0002_alter_permission_name_max_length.py first seen with mtime 1733464569.3894303
File D:\BaseDjango\MuzeyProject\.venv\Lib\site-packages\django\contrib\auth\context_processors.py first seen with mtime 1733464569.2383966
File D:\BaseDjango\MuzeyProject\.venv\Lib\site-packages\django\contrib\contenttypes\migrations\0002_remove_content_type_name.py first seen with mtime 1733464569.5374632
File D:\BaseDjango\MuzeyProject\.venv\Lib\site-packages\django\contrib\admin\migrations\0001_initial.py first seen with mtime 1733464568.9713373
File D:\BaseDjango\MuzeyProject\.venv\Lib\site-packages\django\contrib\sessions\migrations\__init__.py first seen with mtime 1733464571.1427577
File D:\BaseDjango\MuzeyProject\.venv\Lib\site-packages\django\middleware\clickjacking.py first seen with mtime 1733464571.7140627
File D:\BaseDjango\MuzeyProject\.venv\Lib\site-packages\django\template\context_processors.py first seen with mtime 1733464571.721085
File D:\BaseDjango\MuzeyProject\.venv\Lib\site-packages\django\contrib\auth\migrations\0011_update_proxy_permissions.py first seen with mtime 1733464569.3944314
File D:\BaseDjango\MuzeyProject\.venv\Lib\site-packages\django\contrib\staticfiles\storage.py first seen with mtime 1733464571.3122194
File D:\BaseDjango\MuzeyProject\.venv\Lib\site-packages\django\contrib\auth\migrations\0007_alter_validators_add_error_messages.py first seen with mtime 1733464569.392431
File D:\BaseDjango\MuzeyProject\.venv\Lib\site-packages\django\contrib\contenttypes\migrations\__init__.py first seen with mtime 1733464569.5384636
File D:\BaseDjango\MuzeyProject\.venv\Lib\site-packages\django\contrib\auth\migrations\0001_initial.py first seen with mtime 1733464569.38843
File D:\BaseDjango\MuzeyProject\.venv\Lib\site-packages\django\contrib\auth\migrations\0003_alter_user_email_max_length.py first seen with mtime 1733464569.3894303
File D:\BaseDjango\MuzeyProject\.venv\Lib\site-packages\django\contrib\auth\migrations\0009_alter_user_last_name_max_length.py first seen with mtime 1733464569.3934312
File D:\BaseDjango\MuzeyProject\.venv\Lib\site-packages\django\contrib\admin\migrations\0003_logentry_add_action_flag_choices.py first seen with mtime 1733464568.9723375
File D:\BaseDjango\MuzeyProject\.venv\Lib\site-packages\django\contrib\messages\middleware.py first seen with mtime 1733464570.7234538
File D:\BaseDjango\MuzeyProject\MuzeyServer\SearchResult\migrations\0001_initial.py first seen with mtime 1742122906.7394667
File D:\BaseDjango\MuzeyProject\.venv\Lib\site-packages\django\contrib\admin\migrations\0002_logentry_remove_auto_add.py first seen with mtime 1733464568.9713373
File C:\Users\admin\AppData\Local\Programs\Python\Python39\Lib\encodings\idna.py first seen with mtime 1652795110.0
File D:\BaseDjango\MuzeyProject\.venv\Lib\site-packages\django\db\migrations\recorder.py first seen with mtime 1733464571.523699
File D:\BaseDjango\MuzeyProject\.venv\Lib\site-packages\django\middleware\common.py first seen with mtime 1733464571.715063
File D:\BaseDjango\MuzeyProject\.venv\Lib\site-packages\django\contrib\admin\migrations\__init__.py first seen with mtime 1733464568.9733384
File D:\BaseDjango\MuzeyProject\.venv\Lib\site-packages\django\contrib\auth\migrations\0004_alter_user_username_opts.py first seen with mtime 1733464569.3904307
File D:\BaseDjango\MuzeyProject\MuzeyServer\Base\migrations\0001_initial.py first seen with mtime 1742122906.7414672
(0.000) SELECT "django_session"."session_key", "django_session"."session_data", "django_session"."expire_date" FROM "django_session" WHERE ("django_session"."expire_date" > '2025-03-19 19:36:45.562008' AND "django_session"."session_key" = 'zr6p92ge2xc1ei0tkxa8to7dgxe7fp37') LIMIT 21; args=('2025-03-19 19:36:45.562008', 'zr6p92ge2xc1ei0tkxa8to7dgxe7fp37'); alias=default
(0.000) SELECT "auth_user"."id", "auth_user"."password", "auth_user"."last_login", "auth_user"."is_superuser", "auth_user"."username", "auth_user"."first_name", "auth_user"."last_name", "auth_user"."email", "auth_user"."is_staff", "auth_user"."is_active", "auth_user"."date_joined" FROM "auth_user" WHERE "auth_user"."id" = 1 LIMIT 21; args=(1,); alias=default
(0.000) SELECT "Base_gameresult"."id", "Base_gameresult"."user_id", "Base_gameresult"."score", "Base_gameresult"."date" FROM "Base_gameresult" WHERE "Base_gameresult"."user_id" = 1 LIMIT 1; args=(1,); alias=default
"GET /email/ HTTP/1.1" 200 3792
(0.000) SELECT "django_session"."session_key", "django_session"."session_data", "django_session"."expire_date" FROM "django_session" WHERE ("django_session"."expire_date" > '2025-03-19 19:36:48.508916' AND "django_session"."session_key" = 'zr6p92ge2xc1ei0tkxa8to7dgxe7fp37') LIMIT 21; args=('2025-03-19 19:36:48.508916', 'zr6p92ge2xc1ei0tkxa8to7dgxe7fp37'); alias=default
(0.000) SELECT "auth_user"."id", "auth_user"."password", "auth_user"."last_login", "auth_user"."is_superuser", "auth_user"."username", "auth_user"."first_name", "auth_user"."last_name", "auth_user"."email", "auth_user"."is_staff", "auth_user"."is_active", "auth_user"."date_joined" FROM "auth_user" WHERE "auth_user"."id" = 1 LIMIT 21; args=(1,); alias=default
File D:\BaseDjango\MuzeyProject\.venv\Lib\site-packages\PIL\GimpGradientFile.py first seen with mtime 1733465806.9374132
File D:\BaseDjango\MuzeyProject\.venv\Lib\site-packages\PIL\ImageFile.py first seen with mtime 1733465806.945415
File D:\BaseDjango\MuzeyProject\.venv\Lib\site-packages\PIL\PngImagePlugin.py first seen with mtime 1733465806.9674199
File D:\BaseDjango\MuzeyProject\.venv\Lib\site-packages\PIL\GimpPaletteFile.py first seen with mtime 1733465806.9374132
File D:\BaseDjango\MuzeyProject\.venv\Lib\site-packages\PIL\JpegImagePlugin.py first seen with mtime 1733465806.9574175
File D:\BaseDjango\MuzeyProject\.venv\Lib\site-packages\PIL\PaletteFile.py first seen with mtime 1733465806.9624188
File D:\BaseDjango\MuzeyProject\.venv\Lib\site-packages\PIL\ImageSequence.py first seen with mtime 1733465806.9524167
File D:\BaseDjango\MuzeyProject\.venv\Lib\site-packages\PIL\PpmImagePlugin.py first seen with mtime 1733465806.9684198
File D:\BaseDjango\MuzeyProject\.venv\Lib\site-packages\PIL\ImageOps.py first seen with mtime 1733465806.950416
File D:\BaseDjango\MuzeyProject\.venv\Lib\site-packages\PIL\ImagePalette.py first seen with mtime 1733465806.950416
File D:\BaseDjango\MuzeyProject\.venv\Lib\site-packages\PIL\ImageChops.py first seen with mtime 1733465806.9424143
File D:\BaseDjango\MuzeyProject\.venv\Lib\site-packages\PIL\BmpImagePlugin.py first seen with mtime 1733465806.9274104
File D:\BaseDjango\MuzeyProject\.venv\Lib\site-packages\PIL\JpegPresets.py first seen with mtime 1733465806.958418
File D:\BaseDjango\MuzeyProject\.venv\Lib\site-packages\PIL\ImageMath.py first seen with mtime 1733465806.9484158
File D:\BaseDjango\MuzeyProject\.venv\Lib\site-packages\PIL\_imagingmath.cp39-win_amd64.pyd first seen with mtime 1733465807.001427
File D:\BaseDjango\MuzeyProject\.venv\Lib\site-packages\PIL\GifImagePlugin.py first seen with mtime 1733465806.936413
File D:\BaseDjango\MuzeyProject\.venv\Lib\site-packages\django\core\mail\backends\base.py first seen with mtime 1733464571.3884008
File D:\BaseDjango\MuzeyProject\.venv\Lib\site-packages\django\core\mail\backends\smtp.py first seen with mtime 1733464571.3964193
File D:\BaseDjango\MuzeyProject\.venv\Lib\site-packages\django\core\mail\backends\__init__.py first seen with mtime 1733464571.3874018
File C:\Users\admin\AppData\Local\Programs\Python\Python39\Lib\smtplib.py first seen with mtime 1652795110.0
Internal Server Error: /email/
"POST /email/ HTTP/1.1" 500 236
File D:\BaseDjango\MuzeyProject\MuzeyServer\MuzeyServer\settings.py previous mtime: 1742412782.4451625, current mtime: 1742413492.968789
D:\BaseDjango\MuzeyProject\MuzeyServer\MuzeyServer\settings.py notified as changed. Signal results: [(<function template_changed at 0x0000021E576C3AF0>, None), (<function translation_file_changed at 0x0000021E580B7AF0>, None)].
D:\BaseDjango\MuzeyProject\MuzeyServer\MuzeyServer\settings.py changed, reloading.
Watching for file changes with StatReloader
Waiting for apps ready_event.
Apps ready_event triggered. Sending autoreload_started signal.
Watching dir D:\BaseDjango\MuzeyProject\MuzeyServer\templates with glob **/*.
Watching dir D:\BaseDjango\MuzeyProject\MuzeyServer\locale with glob **/*.mo.
Watching dir D:\BaseDjango\MuzeyProject\MuzeyServer\SearchResult\locale with glob **/*.mo.
Watching dir D:\BaseDjango\MuzeyProject\MuzeyServer\Base\locale with glob **/*.mo.
Watching dir D:\BaseDjango\MuzeyProject\MuzeyServer\GamesList\locale with glob **/*.mo.
Watching dir D:\BaseDjango\MuzeyProject\MuzeyServer\SearchMenu\locale with glob **/*.mo.
(0.000) 
            SELECT name, type FROM sqlite_master
            WHERE type in ('table', 'view') AND NOT name='sqlite_sequence'
            ORDER BY name; args=None; alias=default
(0.000) SELECT "django_migrations"."id", "django_migrations"."app", "django_migrations"."name", "django_migrations"."applied" FROM "django_migrations"; args=(); alias=default
File D:\BaseDjango\MuzeyProject\.venv\Lib\site-packages\PIL\features.py first seen with mtime 1733465807.0094292
File C:\Users\admin\AppData\Local\Programs\Python\Python39\Lib\wsgiref\headers.py first seen with mtime 1652795112.0
File D:\BaseDjango\MuzeyProject\.venv\Lib\site-packages\django\conf\global_settings.py first seen with mtime 1733464568.4152143
File C:\Users\admin\AppData\Local\Programs\Python\Python39\Lib\os.py first seen with mtime 1652795110.0
File D:\BaseDjango\MuzeyProject\.venv\Lib\site-packages\django\contrib\admin\utils.py first seen with mtime 1733464568.659268
File D:\BaseDjango\MuzeyProject\.venv\Lib\site-packages\django\views\decorators\cache.py first seen with mtime 1733464571.7802627
File C:\Users\admin\AppData\Local\Programs\Python\Python39\Lib\bz2.py first seen with mtime 1652795110.0
File D:\BaseDjango\MuzeyProject\.venv\Lib\site-packages\django\core\mail\__init__.py first seen with mtime 1733464571.385381
File D:\BaseDjango\MuzeyProject\.venv\Lib\site-packages\PIL\_imagingft.cp39-win_amd64.pyd first seen with mtime 1733465806.9994264
File D:\BaseDjango\MuzeyProject\.venv\Lib\site-packages\django\conf\urls\__init__.py first seen with mtime 1733464568.6492655
File D:\BaseDjango\MuzeyProject\.venv\Lib\site-packages\django\db\models\fields\related.py first seen with mtime 1733464571.546765
File D:\BaseDjango\MuzeyProject\.venv\Lib\site-packages\sqlparse\filters\tokens.py first seen with mtime 1733464568.1301503
File D:\BaseDjango\MuzeyProject\.venv\Lib\site-packages\django\contrib\messages\storage\base.py first seen with mtime 1733464570.726472
File D:\BaseDjango\MuzeyProject\.venv\Lib\site-packages\django\core\wsgi.py first seen with mtime 1733464571.3342824
File D:\BaseDjango\MuzeyProject\.venv\Lib\site-packages\django\db\utils.py first seen with mtime 1733464571.473553
File D:\BaseDjango\MuzeyProject\MuzeyServer\SearchMenu\apps.py first seen with mtime 1733464938.6622224
File D:\BaseDjango\MuzeyProject\.venv\Lib\site-packages\django\http\__init__.py first seen with mtime 1733464571.7100637
File C:\Users\admin\AppData\Local\Programs\Python\Python39\Lib\platform.py first seen with mtime 1652795110.0
File C:\Users\admin\AppData\Local\Programs\Python\Python39\Lib\warnings.py first seen with mtime 1652795112.0
File C:\Users\admin\AppData\Local\Programs\Python\Python39\Lib\email\generator.py first seen with mtime 1652795110.0
File D:\BaseDjango\MuzeyProject\.venv\Lib\site-packages\django\utils\itercompat.py first seen with mtime 1733464571.763223
File D:\BaseDjango\MuzeyProject\MuzeyServer\send_email\views.py first seen with mtime 1742412420.7548673
File C:\Users\admin\AppData\Local\Programs\Python\Python39\Lib\asyncio\constants.py first seen with mtime 1652795110.0
File C:\Users\admin\AppData\Local\Programs\Python\Python39\Lib\email\feedparser.py first seen with mtime 1652795110.0
File D:\BaseDjango\MuzeyProject\.venv\Lib\site-packages\django\template\loader.py first seen with mtime 1733464571.7251048
File C:\Users\admin\AppData\Local\Programs\Python\Python39\Lib\asyncio\base_events.py first seen with mtime 1652795110.0
File D:\BaseDjango\MuzeyProject\MuzeyServer\GamesList\admin.py first seen with mtime 1733464820.7233436
File D:\BaseDjango\MuzeyProject\.venv\Lib\site-packages\django\core\management\color.py first seen with mtime 1733464571.3984199
File C:\Users\admin\AppData\Local\Programs\Python\Python39\Lib\asyncio\runners.py first seen with mtime 1652795110.0
File C:\Users\admin\AppData\Local\Programs\Python\Python39\Lib\ctypes\_endian.py first seen with mtime 1652795110.0
File C:\Users\admin\AppData\Local\Programs\Python\Python39\Lib\email\mime\__init__.py first seen with mtime 1652795110.0
File D:\BaseDjango\MuzeyProject\.venv\Lib\site-packages\django\core\checks\messages.py first seen with mtime 1733464571.3473194
File D:\BaseDjango\MuzeyProject\.venv\Lib\site-packages\django\utils\hashable.py first seen with mtime 1733464571.7602026
File D:\BaseDjango\MuzeyProject\.venv\Lib\site-packages\django\shortcuts.py first seen with mtime 1733464568.4122136
File D:\BaseDjango\MuzeyProject\.venv\Lib\site-packages\django\contrib\messages\__init__.py first seen with mtime 1733464570.721454
File D:\BaseDjango\MuzeyProject\.venv\Lib\site-packages\django\utils\encoding.py first seen with mtime 1733464571.7582026
File C:\Users\admin\AppData\Local\Programs\Python\Python39\Lib\zoneinfo\_common.py first seen with mtime 1652795112.0
File D:\BaseDjango\MuzeyProject\.venv\Lib\site-packages\django\middleware\cache.py first seen with mtime 1733464571.7130628
File C:\Users\admin\AppData\Local\Programs\Python\Python39\Lib\wsgiref\util.py first seen with mtime 1652795112.0
File C:\Users\admin\AppData\Local\Programs\Python\Python39\Lib\selectors.py first seen with mtime 1652795110.0
File D:\BaseDjango\MuzeyProject\.venv\Lib\site-packages\django\template\context.py first seen with mtime 1733464571.7200851
File C:\Users\admin\AppData\Local\Programs\Python\Python39\Lib\site.py first seen with mtime 1652795110.0
File D:\BaseDjango\MuzeyProject\.venv\Lib\site-packages\django\contrib\auth\middleware.py first seen with mtime 1733464569.2403972
File C:\Users\admin\AppData\Local\Programs\Python\Python39\Lib\email\base64mime.py first seen with mtime 1652795110.0
File D:\BaseDjango\MuzeyProject\.venv\Lib\site-packages\django\contrib\contenttypes\admin.py first seen with mtime 1733464569.397432
File D:\BaseDjango\MuzeyProject\.venv\Lib\site-packages\django\template\base.py first seen with mtime 1733464571.7200851
File D:\BaseDjango\MuzeyProject\.venv\Lib\site-packages\django\utils\translation\__init__.py first seen with mtime 1733464571.772242
File C:\Users\admin\AppData\Local\Programs\Python\Python39\Lib\asyncio\exceptions.py first seen with mtime 1652795110.0
File D:\BaseDjango\MuzeyProject\.venv\Lib\site-packages\django\db\backends\sqlite3\introspection.py first seen with mtime 1733464571.5126562
File C:\Users\admin\AppData\Local\Programs\Python\Python39\Lib\gzip.py first seen with mtime 1652795110.0
File D:\BaseDjango\MuzeyProject\MuzeyServer\MuzeyServer\settings.py first seen with mtime 1742413492.968789
File D:\BaseDjango\MuzeyProject\.venv\Lib\site-packages\django\core\cache\backends\__init__.py first seen with mtime 1733464571.3362825
File D:\BaseDjango\MuzeyProject\.venv\Lib\site-packages\django\db\models\sql\query.py first seen with mtime 1733464571.5698402
File C:\Users\admin\AppData\Local\Programs\Python\Python39\Lib\__future__.py first seen with mtime 1652795110.0
File D:\BaseDjango\MuzeyProject\.venv\Lib\site-packages\PIL\_binary.py first seen with mtime 1733465806.9784217
File D:\BaseDjango\MuzeyProject\.venv\Lib\site-packages\django\core\checks\security\sessions.py first seen with mtime 1733464571.365342
File C:\Users\admin\AppData\Local\Programs\Python\Python39\DLLs\_decimal.pyd first seen with mtime 1652795162.0
File C:\Users\admin\AppData\Local\Programs\Python\Python39\Lib\logging\handlers.py first seen with mtime 1652795110.0
File D:\BaseDjango\MuzeyProject\.venv\Lib\site-packages\django\db\models\query_utils.py first seen with mtime 1733464571.5417435
File D:\BaseDjango\MuzeyProject\.venv\Lib\site-packages\PIL\ImageFont.py first seen with mtime 1733465806.9474156
File D:\BaseDjango\MuzeyProject\.venv\Lib\site-packages\django\core\files\storage\filesystem.py first seen with mtime 1733464571.3803613
File C:\Users\admin\AppData\Local\Programs\Python\Python39\Lib\email\errors.py first seen with mtime 1652795110.0
File C:\Users\admin\AppData\Local\Programs\Python\Python39\Lib\_sitebuiltins.py first seen with mtime 1652795110.0
File D:\BaseDjango\MuzeyProject\.venv\Lib\site-packages\django\core\checks\compatibility\__init__.py first seen with mtime 1733464571.3623226
File D:\BaseDjango\MuzeyProject\.venv\Lib\site-packages\django\core\validators.py first seen with mtime 1733464571.3342824
File D:\BaseDjango\MuzeyProject\.venv\Lib\site-packages\django\forms\widgets.py first seen with mtime 1733464571.5788605
File D:\BaseDjango\MuzeyProject\.venv\Lib\site-packages\django\contrib\auth\checks.py first seen with mtime 1733464569.2363963
File D:\BaseDjango\MuzeyProject\.venv\Lib\site-packages\django\contrib\sessions\__init__.py first seen with mtime 1733464570.9933245
File D:\BaseDjango\MuzeyProject\.venv\Lib\site-packages\django\utils\lorem_ipsum.py first seen with mtime 1733464571.7652216
File C:\Users\admin\AppData\Local\Programs\Python\Python39\Lib\calendar.py first seen with mtime 1652795110.0
File C:\Users\admin\AppData\Local\Programs\Python\Python39\Lib\asyncio\staggered.py first seen with mtime 1652795110.0
File D:\BaseDjango\MuzeyProject\.venv\Lib\site-packages\django\template\loader_tags.py first seen with mtime 1733464571.7251048
File C:\Users\admin\AppData\Local\Programs\Python\Python39\Lib\encodings\aliases.py first seen with mtime 1652795110.0
File D:\BaseDjango\MuzeyProject\.venv\Lib\site-packages\sqlparse\filters\right_margin.py first seen with mtime 1733464568.12915
File D:\BaseDjango\MuzeyProject\.venv\Lib\site-packages\django\core\signals.py first seen with mtime 1733464571.3272624
File D:\BaseDjango\MuzeyProject\.venv\Lib\site-packages\django\templatetags\tz.py first seen with mtime 1733464571.7371438
File D:\BaseDjango\MuzeyProject\.venv\Lib\site-packages\django\core\handlers\base.py first seen with mtime 1733464571.3833804
File D:\BaseDjango\MuzeyProject\.venv\Lib\site-packages\django\contrib\admin\templatetags\log.py first seen with mtime 1733464569.086363
File C:\Users\admin\AppData\Local\Programs\Python\Python39\Lib\urllib\response.py first seen with mtime 1652795112.0
File D:\BaseDjango\MuzeyProject\MuzeyServer\SearchResult\admin.py first seen with mtime 1733465975.2854438
File D:\BaseDjango\MuzeyProject\.venv\Lib\site-packages\django\template\loaders\base.py first seen with mtime 1733464571.7321243
File D:\BaseDjango\MuzeyProject\.venv\Lib\site-packages\django\utils\dateformat.py first seen with mtime 1733464571.7531826
File C:\Users\admin\AppData\Local\Programs\Python\Python39\Lib\codecs.py first seen with mtime 1652795110.0
File C:\Users\admin\AppData\Local\Programs\Python\Python39\Lib\enum.py first seen with mtime 1652795110.0
File D:\BaseDjango\MuzeyProject\.venv\Lib\site-packages\django\template\defaultfilters.py first seen with mtime 1733464571.721085
File C:\Users\admin\AppData\Local\Programs\Python\Python39\Lib\importlib\util.py first seen with mtime 1652795110.0
File D:\BaseDjango\MuzeyProject\.venv\Lib\site-packages\django\contrib\contenttypes\management\__init__.py first seen with mtime 1733464569.535463
File D:\BaseDjango\MuzeyProject\.venv\Lib\site-packages\asgiref\__init__.py first seen with mtime 1733464568.2511775
File C:\Users\admin\AppData\Local\Programs\Python\Python39\Lib\fnmatch.py first seen with mtime 1652795110.0
File C:\Users\admin\AppData\Local\Programs\Python\Python39\Lib\queue.py first seen with mtime 1652795110.0
File C:\Users\admin\AppData\Local\Programs\Python\Python39\Lib\subprocess.py first seen with mtime 1652795110.0
File D:\BaseDjango\MuzeyProject\.venv\Lib\site-packages\django\core\checks\caches.py first seen with mtime 1733464571.3453188
File C:\Users\admin\AppData\Local\Programs\Python\Python39\Lib\email\message.py first seen with mtime 1652795110.0
File D:\BaseDjango\MuzeyProject\.venv\Lib\site-packages\django\core\checks\files.py first seen with mtime 1733464571.346319
File D:\BaseDjango\MuzeyProject\.venv\Lib\site-packages\django\urls\converters.py first seen with mtime 1733464571.7451646
File D:\BaseDjango\MuzeyProject\.venv\Lib\site-packages\django\core\checks\security\base.py first seen with mtime 1733464571.3643432
File D:\BaseDjango\MuzeyProject\.venv\Lib\site-packages\django\db\backends\sqlite3\features.py first seen with mtime 1733464571.5126562
File C:\Users\admin\AppData\Local\Programs\Python\Python39\Lib\difflib.py first seen with mtime 1652795110.0
File C:\Users\admin\AppData\Local\Programs\Python\Python39\Lib\email\_encoded_words.py first seen with mtime 1652795110.0
File C:\Users\admin\AppData\Local\Programs\Python\Python39\Lib\json\decoder.py first seen with mtime 1652795110.0
File D:\BaseDjango\MuzeyProject\.venv\Lib\site-packages\django\db\backends\base\introspection.py first seen with mtime 1733464571.4795725
File D:\BaseDjango\MuzeyProject\.venv\Lib\site-packages\django\templatetags\__init__.py first seen with mtime 1733464571.734145
File C:\Users\admin\AppData\Local\Programs\Python\Python39\Lib\urllib\request.py first seen with mtime 1652795112.0
File D:\BaseDjango\MuzeyProject\.venv\Lib\site-packages\django\contrib\auth\management\__init__.py first seen with mtime 1733464569.3864298
File C:\Users\admin\AppData\Local\Programs\Python\Python39\DLLs\unicodedata.pyd first seen with mtime 1652795164.0
File D:\BaseDjango\MuzeyProject\.venv\Lib\site-packages\django\utils\inspect.py first seen with mtime 1733464571.7622032
File D:\BaseDjango\MuzeyProject\.venv\Lib\site-packages\django\contrib\admin\exceptions.py first seen with mtime 1733464568.6542668
File D:\BaseDjango\MuzeyProject\.venv\Lib\site-packages\django\core\cache\utils.py first seen with mtime 1733464571.3362825
File C:\Users\admin\AppData\Local\Programs\Python\Python39\Lib\asyncio\protocols.py first seen with mtime 1652795110.0
File D:\BaseDjango\MuzeyProject\.venv\Lib\site-packages\django\db\models\enums.py first seen with mtime 1733464571.5367427
File C:\Users\admin\AppData\Local\Programs\Python\Python39\Lib\ntpath.py first seen with mtime 1652795110.0
File C:\Users\admin\AppData\Local\Programs\Python\Python39\Lib\wsgiref\handlers.py first seen with mtime 1652795112.0
File D:\BaseDjango\MuzeyProject\.venv\Lib\site-packages\django\contrib\admin\actions.py first seen with mtime 1733464568.651266
File C:\Users\admin\AppData\Local\Programs\Python\Python39\Lib\contextlib.py first seen with mtime 1652795110.0
File D:\BaseDjango\MuzeyProject\.venv\Lib\site-packages\sqlparse\sql.py first seen with mtime 1733464568.1231487
File D:\BaseDjango\MuzeyProject\.venv\Lib\site-packages\django\core\management\__init__.py first seen with mtime 1733464571.3964193
File D:\BaseDjango\MuzeyProject\.venv\Lib\site-packages\django\utils\deconstruct.py first seen with mtime 1733464571.755183
File D:\BaseDjango\MuzeyProject\.venv\Lib\site-packages\django\core\files\storage\handler.py first seen with mtime 1733464571.3803613
File C:\Users\admin\AppData\Local\Programs\Python\Python39\Lib\asyncio\selector_events.py first seen with mtime 1652795110.0
File C:\Users\admin\AppData\Local\Programs\Python\Python39\Lib\asyncio\base_subprocess.py first seen with mtime 1652795110.0
File D:\BaseDjango\MuzeyProject\.venv\Lib\site-packages\django\db\models\__init__.py first seen with mtime 1733464571.5297203
File C:\Users\admin\AppData\Local\Programs\Python\Python39\Lib\encodings\cp1251.py first seen with mtime 1652795110.0
File D:\BaseDjango\MuzeyProject\.venv\Lib\site-packages\django\apps\__init__.py first seen with mtime 1733464568.4132137
File D:\BaseDjango\MuzeyProject\.venv\Lib\site-packages\django\contrib\sites\__init__.py first seen with mtime 1733464571.1477766
File C:\Users\admin\AppData\Local\Programs\Python\Python39\Lib\secrets.py first seen with mtime 1652795110.0
File D:\BaseDjango\MuzeyProject\.venv\Lib\site-packages\sqlparse\filters\__init__.py first seen with mtime 1733464568.1271496
File D:\BaseDjango\MuzeyProject\.venv\Lib\site-packages\django\core\exceptions.py first seen with mtime 1733464571.3262625
File D:\BaseDjango\MuzeyProject\.venv\Lib\site-packages\django\core\files\locks.py first seen with mtime 1733464571.3683424
File D:\BaseDjango\MuzeyProject\.venv\Lib\site-packages\django\core\paginator.py first seen with mtime 1733464571.3262625
File C:\Users\admin\AppData\Local\Programs\Python\Python39\Lib\http\__init__.py first seen with mtime 1652795110.0
File C:\Users\admin\AppData\Local\Programs\Python\Python39\Lib\bisect.py first seen with mtime 1652795110.0
File C:\Users\admin\AppData\Local\Programs\Python\Python39\Lib\struct.py first seen with mtime 1652795110.0
File D:\BaseDjango\MuzeyProject\.venv\Lib\site-packages\django\utils\dateparse.py first seen with mtime 1733464571.7541828
File C:\Users\admin\AppData\Local\Programs\Python\Python39\Lib\genericpath.py first seen with mtime 1652795110.0
File C:\Users\admin\AppData\Local\Programs\Python\Python39\Lib\pickle.py first seen with mtime 1652795110.0
File C:\Users\admin\AppData\Local\Programs\Python\Python39\Lib\asyncio\subprocess.py first seen with mtime 1652795110.0
File D:\BaseDjango\MuzeyProject\.venv\Lib\site-packages\django\db\backends\sqlite3\creation.py first seen with mtime 1733464571.511656
File D:\BaseDjango\MuzeyProject\.venv\Lib\site-packages\django\contrib\contenttypes\models.py first seen with mtime 1733464569.401433
File D:\BaseDjango\MuzeyProject\.venv\Lib\site-packages\django\db\models\functions\math.py first seen with mtime 1733464571.560819
File C:\Users\admin\AppData\Local\Programs\Python\Python39\Lib\logging\__init__.py first seen with mtime 1652795110.0
File D:\BaseDjango\MuzeyProject\.venv\Lib\site-packages\django\core\checks\model_checks.py first seen with mtime 1733464571.359322
File D:\BaseDjango\MuzeyProject\MuzeyServer\SearchMenu\admin.py first seen with mtime 1733464938.6552207
File D:\BaseDjango\MuzeyProject\.venv\Lib\site-packages\django\contrib\auth\forms.py first seen with mtime 1733464569.239397
File D:\BaseDjango\MuzeyProject\MuzeyServer\GamesList\__init__.py first seen with mtime 1733464820.7313454
File C:\Users\admin\AppData\Local\Programs\Python\Python39\Lib\asyncio\tasks.py first seen with mtime 1652795110.0
File C:\Users\admin\AppData\Local\Programs\Python\Python39\Lib\email\_header_value_parser.py first seen with mtime 1652795110.0
File D:\BaseDjango\MuzeyProject\.venv\Lib\site-packages\django\views\generic\__init__.py first seen with mtime 1733464571.7842817
File C:\Users\admin\AppData\Local\Programs\Python\Python39\Lib\asyncio\windows_events.py first seen with mtime 1652795110.0
File D:\BaseDjango\MuzeyProject\.venv\Lib\site-packages\django\contrib\auth\apps.py first seen with mtime 1733464569.235396
File D:\BaseDjango\MuzeyProject\.venv\Lib\site-packages\django\db\models\functions\datetime.py first seen with mtime 1733464571.5598004
File C:\Users\admin\AppData\Local\Programs\Python\Python39\Lib\email\contentmanager.py first seen with mtime 1652795110.0
File C:\Users\admin\AppData\Local\Programs\Python\Python39\Lib\hashlib.py first seen with mtime 1652795110.0
File D:\BaseDjango\MuzeyProject\.venv\Lib\site-packages\django\db\models\utils.py first seen with mtime 1733464571.5427656
File D:\BaseDjango\MuzeyProject\.venv\Lib\site-packages\django\utils\datastructures.py first seen with mtime 1733464571.7521827
File D:\BaseDjango\MuzeyProject\.venv\Lib\site-packages\django\contrib\staticfiles\handlers.py first seen with mtime 1733464571.3112192
File C:\Users\admin\AppData\Local\Programs\Python\Python39\Lib\threading.py first seen with mtime 1652795112.0
File D:\BaseDjango\MuzeyProject\.venv\Lib\site-packages\django\db\models\functions\text.py first seen with mtime 1733464571.561818
File C:\Users\admin\AppData\Local\Programs\Python\Python39\Lib\glob.py first seen with mtime 1652795110.0
File C:\Users\admin\AppData\Local\Programs\Python\Python39\Lib\_compat_pickle.py first seen with mtime 1652795110.0
File D:\BaseDjango\MuzeyProject\.venv\Lib\site-packages\django\contrib\auth\models.py first seen with mtime 1733464569.2413974
File D:\BaseDjango\MuzeyProject\.venv\Lib\site-packages\django\db\migrations\utils.py first seen with mtime 1733464571.5257215
File D:\BaseDjango\MuzeyProject\.venv\Lib\site-packages\django\contrib\admin\models.py first seen with mtime 1733464568.6562672
File D:\BaseDjango\MuzeyProject\MuzeyServer\SearchResult\models.py first seen with mtime 1742122438.618652
File D:\BaseDjango\MuzeyProject\.venv\Lib\site-packages\django\db\models\fields\proxy.py first seen with mtime 1733464571.5457647
File D:\BaseDjango\MuzeyProject\.venv\Lib\site-packages\django\core\checks\security\csrf.py first seen with mtime 1733464571.365342
File C:\Users\admin\AppData\Local\Programs\Python\Python39\DLLs\_ctypes.pyd first seen with mtime 1652795162.0
File D:\BaseDjango\MuzeyProject\.venv\Lib\site-packages\django\core\serializers\base.py first seen with mtime 1733464571.4675303
File D:\BaseDjango\MuzeyProject\.venv\Lib\site-packages\sqlparse\engine\filter_stack.py first seen with mtime 1733464568.125149
File C:\Users\admin\AppData\Local\Programs\Python\Python39\Lib\_weakrefset.py first seen with mtime 1652795110.0
File D:\BaseDjango\MuzeyProject\.venv\Lib\site-packages\django\core\files\__init__.py first seen with mtime 1733464571.3663418
File D:\BaseDjango\MuzeyProject\.venv\Lib\site-packages\django\utils\regex_helper.py first seen with mtime 1733464571.7662218
File D:\BaseDjango\MuzeyProject\.venv\Lib\site-packages\django\db\backends\base\creation.py first seen with mtime 1733464571.4785724
File D:\BaseDjango\MuzeyProject\.venv\Lib\site-packages\django\utils\log.py first seen with mtime 1733464571.7642217
File C:\Users\admin\AppData\Local\Programs\Python\Python39\Lib\asyncio\futures.py first seen with mtime 1652795110.0
File D:\BaseDjango\MuzeyProject\.venv\Lib\site-packages\django\core\files\temp.py first seen with mtime 1733464571.3693423
File D:\BaseDjango\MuzeyProject\.venv\Lib\site-packages\django\urls\exceptions.py first seen with mtime 1733464571.7451646
File C:\Users\admin\AppData\Local\Programs\Python\Python39\Lib\sre_constants.py first seen with mtime 1652795110.0
File D:\BaseDjango\MuzeyProject\.venv\Lib\site-packages\django\db\migrations\operations\fields.py first seen with mtime 1733464571.5277197
File D:\BaseDjango\MuzeyProject\.venv\Lib\site-packages\django\http\cookie.py first seen with mtime 1733464571.7110627
File D:\BaseDjango\MuzeyProject\.venv\Lib\site-packages\django\db\backends\base\client.py first seen with mtime 1733464571.477572
File C:\Users\admin\AppData\Local\Programs\Python\Python39\Lib\base64.py first seen with mtime 1652795110.0
File C:\Users\admin\AppData\Local\Programs\Python\Python39\Lib\email\header.py first seen with mtime 1652795110.0
File D:\BaseDjango\MuzeyProject\.venv\Lib\site-packages\django\db\migrations\migration.py first seen with mtime 1733464571.5216987
File D:\BaseDjango\MuzeyProject\.venv\Lib\site-packages\django\template\autoreload.py first seen with mtime 1733464571.7190845
File D:\BaseDjango\MuzeyProject\.venv\Lib\site-packages\sqlparse\engine\statement_splitter.py first seen with mtime 1733464568.1261494
File D:\BaseDjango\MuzeyProject\.venv\Lib\site-packages\django\template\backends\__init__.py first seen with mtime 1733464571.7271051
File D:\BaseDjango\MuzeyProject\.venv\Lib\site-packages\django\core\cache\backends\base.py first seen with mtime 1733464571.3373022
File D:\BaseDjango\MuzeyProject\.venv\Lib\site-packages\django\db\backends\signals.py first seen with mtime 1733464571.475572
File D:\BaseDjango\MuzeyProject\.venv\Lib\site-packages\django\views\defaults.py first seen with mtime 1733464571.7772622
File D:\BaseDjango\MuzeyProject\.venv\Lib\site-packages\django\utils\http.py first seen with mtime 1733464571.7612028
File D:\BaseDjango\MuzeyProject\.venv\Lib\site-packages\django\contrib\auth\hashers.py first seen with mtime 1733464569.2403972
File D:\BaseDjango\MuzeyProject\.venv\Lib\site-packages\django\db\backends\base\operations.py first seen with mtime 1733464571.4805734
File C:\Users\admin\AppData\Local\Programs\Python\Python39\Lib\multiprocessing\__init__.py first seen with mtime 1652795110.0
File D:\BaseDjango\MuzeyProject\.venv\Lib\site-packages\django\contrib\__init__.py first seen with mtime 1733464568.650266
File D:\BaseDjango\MuzeyProject\.venv\Lib\site-packages\django\views\__init__.py first seen with mtime 1733464571.7752633
File D:\BaseDjango\MuzeyProject\.venv\Lib\site-packages\django\db\models\lookups.py first seen with mtime 1733464571.538743
File D:\BaseDjango\MuzeyProject\.venv\Lib\site-packages\django\utils\text.py first seen with mtime 1733464571.768222
File D:\BaseDjango\MuzeyProject\.venv\Lib\site-packages\django\utils\crypto.py first seen with mtime 1733464571.7521827
File D:\BaseDjango\MuzeyProject\.venv\Lib\site-packages\django\db\models\sql\__init__.py first seen with mtime 1733464571.5668416
File D:\BaseDjango\MuzeyProject\.venv\Lib\site-packages\django\core\files\utils.py first seen with mtime 1733464571.3783607
File D:\BaseDjango\MuzeyProject\.venv\Lib\site-packages\sqlparse\keywords.py first seen with mtime 1733464568.1211486
File C:\Users\admin\AppData\Local\Programs\Python\Python39\Lib\email\_parseaddr.py first seen with mtime 1652795110.0
File C:\Users\admin\AppData\Local\Programs\Python\Python39\Lib\quopri.py first seen with mtime 1652795110.0
File D:\BaseDjango\MuzeyProject\.venv\Lib\site-packages\django\views\csrf.py first seen with mtime 1733464571.7762623
File C:\Users\admin\AppData\Local\Programs\Python\Python39\Lib\asyncio\streams.py first seen with mtime 1652795110.0
File D:\BaseDjango\MuzeyProject\.venv\Lib\site-packages\django\contrib\admin\views\main.py first seen with mtime 1733464569.0893638
File D:\BaseDjango\MuzeyProject\MuzeyServer\Base\__init__.py first seen with mtime 1733464812.04993
File D:\BaseDjango\MuzeyProject\MuzeyServer\manage.py first seen with mtime 1733464675.8608496
File C:\Users\admin\AppData\Local\Programs\Python\Python39\Lib\encodings\utf_8.py first seen with mtime 1652795110.0
File D:\BaseDjango\MuzeyProject\.venv\Lib\site-packages\sqlparse\tokens.py first seen with mtime 1733464568.1231487
File D:\BaseDjango\MuzeyProject\.venv\Lib\site-packages\django\utils\html.py first seen with mtime 1733464571.7602026
File D:\BaseDjango\MuzeyProject\.venv\Lib\site-packages\django\db\models\aggregates.py first seen with mtime 1733464571.5307207
File C:\Users\admin\AppData\Local\Programs\Python\Python39\DLLs\_zoneinfo.pyd first seen with mtime 1652795162.0
File D:\BaseDjango\MuzeyProject\.venv\Lib\site-packages\django\conf\__init__.py first seen with mtime 1733464568.4142137
File D:\BaseDjango\MuzeyProject\.venv\Lib\site-packages\django\contrib\auth\backends.py first seen with mtime 1733464569.235396
File D:\BaseDjango\MuzeyProject\.venv\Lib\site-packages\django\contrib\messages\apps.py first seen with mtime 1733464570.7224536
File D:\BaseDjango\MuzeyProject\.venv\Lib\site-packages\django\db\models\fields\related_descriptors.py first seen with mtime 1733464571.5567992
File D:\BaseDjango\MuzeyProject\.venv\Lib\site-packages\django\contrib\admin\templatetags\admin_list.py first seen with mtime 1733464569.0843625
File C:\Users\admin\AppData\Local\Programs\Python\Python39\Lib\email\headerregistry.py first seen with mtime 1652795110.0
File D:\BaseDjango\MuzeyProject\MuzeyServer\SearchMenu\models.py first seen with mtime 1733558091.3495717
File C:\Users\admin\AppData\Local\Programs\Python\Python39\Lib\functools.py first seen with mtime 1652795110.0
File D:\BaseDjango\MuzeyProject\MuzeyServer\MuzeyServer\__init__.py first seen with mtime 1733464675.8648503
File D:\BaseDjango\MuzeyProject\.venv\Lib\site-packages\django\views\generic\list.py first seen with mtime 1733464571.7873027
File D:\BaseDjango\MuzeyProject\.venv\Lib\site-packages\PIL\ImageColor.py first seen with mtime 1733465806.9434142
File C:\Users\admin\AppData\Local\Programs\Python\Python39\Lib\html\__init__.py first seen with mtime 1652795110.0
File D:\BaseDjango\MuzeyProject\.venv\Lib\site-packages\django\contrib\admin\options.py first seen with mtime 1733464568.6572673
File D:\BaseDjango\MuzeyProject\.venv\Lib\site-packages\django\db\models\constants.py first seen with mtime 1733464571.5317433
File C:\Users\admin\AppData\Local\Programs\Python\Python39\Lib\tokenize.py first seen with mtime 1652795112.0
File D:\BaseDjango\MuzeyProject\.venv\Lib\site-packages\django\contrib\staticfiles\__init__.py first seen with mtime 1733464571.3092191
File D:\BaseDjango\MuzeyProject\.venv\Lib\site-packages\django\contrib\admin\decorators.py first seen with mtime 1733464568.6532667
File D:\BaseDjango\MuzeyProject\.venv\Lib\site-packages\django\core\mail\utils.py first seen with mtime 1733464571.386381
File D:\BaseDjango\MuzeyProject\.venv\Lib\site-packages\django\http\response.py first seen with mtime 1733464571.7120624
File C:\Users\admin\AppData\Local\Programs\Python\Python39\Lib\json\scanner.py first seen with mtime 1652795110.0
File D:\BaseDjango\MuzeyProject\.venv\Lib\site-packages\django\contrib\sessions\base_session.py first seen with mtime 1733464570.9943247
File D:\BaseDjango\MuzeyProject\.venv\Lib\site-packages\django\utils\module_loading.py first seen with mtime 1733464571.7652216
File D:\BaseDjango\MuzeyProject\.venv\Lib\site-packages\sqlparse\exceptions.py first seen with mtime 1733464568.1201484
File C:\Users\admin\AppData\Local\Programs\Python\Python39\Lib\abc.py first seen with mtime 1652795110.0
File D:\BaseDjango\MuzeyProject\.venv\Lib\site-packages\django\contrib\auth\validators.py first seen with mtime 1733464569.2443984
File C:\Users\admin\AppData\Local\Programs\Python\Python39\Lib\hmac.py first seen with mtime 1652795110.0
File D:\BaseDjango\MuzeyProject\.venv\Lib\site-packages\sqlparse\engine\grouping.py first seen with mtime 1733464568.125149
File D:\BaseDjango\MuzeyProject\.venv\Lib\site-packages\django\db\backends\base\__init__.py first seen with mtime 1733464571.476572
File C:\Users\admin\AppData\Local\Programs\Python\Python39\Lib\re.py first seen with mtime 1652795110.0
File D:\BaseDjango\MuzeyProject\.venv\Lib\site-packages\django\core\management\base.py first seen with mtime 1733464571.3974197
File D:\BaseDjango\MuzeyProject\.venv\Lib\site-packages\django\contrib\auth\signals.py first seen with mtime 1733464569.2423975
File D:\BaseDjango\MuzeyProject\.venv\Lib\site-packages\django\db\backends\base\validation.py first seen with mtime 1733464571.4815729
File D:\BaseDjango\MuzeyProject\.venv\Lib\site-packages\django\template\exceptions.py first seen with mtime 1733464571.7231042
File D:\BaseDjango\MuzeyProject\.venv\Lib\site-packages\django\utils\cache.py first seen with mtime 1733464571.751184
File D:\BaseDjango\MuzeyProject\.venv\Lib\site-packages\django\db\models\base.py first seen with mtime 1733464571.5317433
File D:\BaseDjango\MuzeyProject\.venv\Lib\site-packages\django\core\files\storage\__init__.py first seen with mtime 1733464571.379361
File C:\Users\admin\AppData\Local\Programs\Python\Python39\Lib\weakref.py first seen with mtime 1652795112.0
File C:\Users\admin\AppData\Local\Programs\Python\Python39\Lib\_compression.py first seen with mtime 1652795110.0
File D:\BaseDjango\MuzeyProject\.venv\Lib\site-packages\django\core\serializers\json.py first seen with mtime 1733464571.4675303
File D:\BaseDjango\MuzeyProject\.venv\Lib\site-packages\django\http\request.py first seen with mtime 1733464571.7120624
File C:\Users\admin\AppData\Local\Programs\Python\Python39\Lib\email\mime\nonmultipart.py first seen with mtime 1652795110.0
File C:\Users\admin\AppData\Local\Programs\Python\Python39\DLLs\_queue.pyd first seen with mtime 1652795162.0
File C:\Users\admin\AppData\Local\Programs\Python\Python39\Lib\pkgutil.py first seen with mtime 1652795110.0
File C:\Users\admin\AppData\Local\Programs\Python\Python39\Lib\http\client.py first seen with mtime 1652795110.0
File C:\Users\admin\AppData\Local\Programs\Python\Python39\Lib\inspect.py first seen with mtime 1652795110.0
File C:\Users\admin\AppData\Local\Programs\Python\Python39\Lib\locale.py first seen with mtime 1652795110.0
File D:\BaseDjango\MuzeyProject\.venv\Lib\site-packages\django\template\backends\django.py first seen with mtime 1733464571.729124
File C:\Users\admin\AppData\Local\Programs\Python\Python39\Lib\lzma.py first seen with mtime 1652795110.0
File D:\BaseDjango\MuzeyProject\.venv\Lib\site-packages\django\contrib\messages\utils.py first seen with mtime 1733464570.724473
File D:\BaseDjango\MuzeyProject\.venv\Lib\site-packages\PIL\_version.py first seen with mtime 1733465807.006428
File D:\BaseDjango\MuzeyProject\MuzeyServer\GamesList\views.py first seen with mtime 1742135042.3997183
File C:\Users\admin\AppData\Local\Programs\Python\Python39\Lib\email\charset.py first seen with mtime 1652795110.0
File C:\Users\admin\AppData\Local\Programs\Python\Python39\Lib\linecache.py first seen with mtime 1652795110.0
File D:\BaseDjango\MuzeyProject\.venv\Lib\site-packages\django\db\models\deletion.py first seen with mtime 1733464571.533742
File D:\BaseDjango\MuzeyProject\.venv\Lib\site-packages\django\urls\conf.py first seen with mtime 1733464571.7441454
File C:\Users\admin\AppData\Local\Programs\Python\Python39\Lib\asyncio\windows_utils.py first seen with mtime 1652795110.0
File D:\BaseDjango\MuzeyProject\.venv\Lib\site-packages\django\contrib\auth\admin.py first seen with mtime 1733464569.2343957
File D:\BaseDjango\MuzeyProject\.venv\Lib\site-packages\asgiref\sync.py first seen with mtime 1733464568.2551785
File D:\BaseDjango\MuzeyProject\.venv\Lib\site-packages\django\contrib\admin\sites.py first seen with mtime 1733464568.6582677
File C:\Users\admin\AppData\Local\Programs\Python\Python39\Lib\asyncio\queues.py first seen with mtime 1652795110.0
File D:\BaseDjango\MuzeyProject\.venv\Lib\site-packages\django\views\generic\base.py first seen with mtime 1733464571.785282
File C:\Users\admin\AppData\Local\Programs\Python\Python39\Lib\asyncio\base_futures.py first seen with mtime 1652795110.0
File C:\Users\admin\AppData\Local\Programs\Python\Python39\Lib\getpass.py first seen with mtime 1652795110.0
File D:\BaseDjango\MuzeyProject\.venv\Lib\site-packages\django\views\decorators\debug.py first seen with mtime 1733464571.7822816
File C:\Users\admin\AppData\Local\Programs\Python\Python39\Lib\asyncio\threads.py first seen with mtime 1652795110.0
File D:\BaseDjango\MuzeyProject\.venv\Lib\site-packages\django\templatetags\l10n.py first seen with mtime 1733464571.7361436
File C:\Users\admin\AppData\Local\Programs\Python\Python39\Lib\ctypes\wintypes.py first seen with mtime 1652795110.0
File C:\Users\admin\AppData\Local\Programs\Python\Python39\Lib\_bootlocale.py first seen with mtime 1652795110.0
File C:\Users\admin\AppData\Local\Programs\Python\Python39\Lib\email\__init__.py first seen with mtime 1652795110.0
File C:\Users\admin\AppData\Local\Programs\Python\Python39\Lib\uuid.py first seen with mtime 1652795112.0
File C:\Users\admin\AppData\Local\Programs\Python\Python39\Lib\email\iterators.py first seen with mtime 1652795110.0
File D:\BaseDjango\MuzeyProject\.venv\Lib\site-packages\django\contrib\sites\shortcuts.py first seen with mtime 1733464571.1527772
File C:\Users\admin\AppData\Local\Programs\Python\Python39\Lib\io.py first seen with mtime 1652795110.0
File D:\BaseDjango\MuzeyProject\.venv\Lib\site-packages\PIL\__init__.py first seen with mtime 1733465806.9774215
File D:\BaseDjango\MuzeyProject\.venv\Lib\site-packages\django\core\signing.py first seen with mtime 1733464571.3272624
File D:\BaseDjango\MuzeyProject\.venv\Lib\site-packages\django\core\files\images.py first seen with mtime 1733464571.367342
File D:\BaseDjango\MuzeyProject\.venv\Lib\site-packages\django\utils\translation\reloader.py first seen with mtime 1733464571.7732427
File C:\Users\admin\AppData\Local\Programs\Python\Python39\Lib\encodings\__init__.py first seen with mtime 1652795110.0
File D:\BaseDjango\MuzeyProject\.venv\Lib\site-packages\django\core\files\storage\mixins.py first seen with mtime 1733464571.3823805
File D:\BaseDjango\MuzeyProject\.venv\Lib\site-packages\django\contrib\admin\templatetags\admin_urls.py first seen with mtime 1733464569.0853627
File C:\Users\admin\AppData\Local\Programs\Python\Python39\Lib\mimetypes.py first seen with mtime 1652795110.0
File D:\BaseDjango\MuzeyProject\.venv\Lib\site-packages\sqlparse\formatter.py first seen with mtime 1733464568.1211486
File D:\BaseDjango\MuzeyProject\.venv\Lib\site-packages\django\forms\boundfield.py first seen with mtime 1733464571.57386
File D:\BaseDjango\MuzeyProject\.venv\Lib\site-packages\django\utils\tree.py first seen with mtime 1733464571.7702415
File D:\BaseDjango\MuzeyProject\.venv\Lib\site-packages\django\db\backends\base\schema.py first seen with mtime 1733464571.4815729
File C:\Users\admin\AppData\Local\Programs\Python\Python39\Lib\dis.py first seen with mtime 1652795110.0
File C:\Users\admin\AppData\Local\Programs\Python\Python39\Lib\_markupbase.py first seen with mtime 1652795110.0
File D:\BaseDjango\MuzeyProject\.venv\Lib\site-packages\asgiref\local.py first seen with mtime 1733464568.2531781
File D:\BaseDjango\MuzeyProject\.venv\Lib\site-packages\django\core\files\base.py first seen with mtime 1733464571.3663418
File D:\BaseDjango\MuzeyProject\.venv\Lib\site-packages\django\views\decorators\__init__.py first seen with mtime 1733464571.7792625
File D:\BaseDjango\MuzeyProject\.venv\Lib\site-packages\django\views\decorators\common.py first seen with mtime 1733464571.781283
File C:\Users\admin\AppData\Local\Programs\Python\Python39\Lib\json\encoder.py first seen with mtime 1652795110.0
File C:\Users\admin\AppData\Local\Programs\Python\Python39\Lib\zoneinfo\__init__.py first seen with mtime 1652795112.0
File C:\Users\admin\AppData\Local\Programs\Python\Python39\Lib\string.py first seen with mtime 1652795110.0
File D:\BaseDjango\MuzeyProject\.venv\Lib\site-packages\django\db\models\functions\__init__.py first seen with mtime 1733464571.5588002
File D:\BaseDjango\MuzeyProject\.venv\Lib\site-packages\django\forms\__init__.py first seen with mtime 1733464571.57386
File C:\Users\admin\AppData\Local\Programs\Python\Python39\Lib\email\encoders.py first seen with mtime 1652795110.0
File C:\Users\admin\AppData\Local\Programs\Python\Python39\Lib\multiprocessing\process.py first seen with mtime 1652795110.0
File D:\BaseDjango\MuzeyProject\.venv\Lib\site-packages\django\db\models\fields\json.py first seen with mtime 1733464571.5447645
File D:\BaseDjango\MuzeyProject\.venv\Lib\site-packages\django\core\checks\async_checks.py first seen with mtime 1733464571.3453188
File D:\BaseDjango\MuzeyProject\.venv\Lib\site-packages\django\contrib\auth\base_user.py first seen with mtime 1733464569.2363963
File D:\BaseDjango\MuzeyProject\.venv\Lib\site-packages\django\template\library.py first seen with mtime 1733464571.7241046
File C:\Users\admin\AppData\Local\Programs\Python\Python39\Lib\traceback.py first seen with mtime 1652795112.0
File D:\BaseDjango\MuzeyProject\.venv\Lib\site-packages\django\contrib\admin\views\autocomplete.py first seen with mtime 1733464569.087363
File C:\Users\admin\AppData\Local\Programs\Python\Python39\Lib\urllib\error.py first seen with mtime 1652795112.0
File D:\BaseDjango\MuzeyProject\MuzeyServer\GamesList\apps.py first seen with mtime 1733464820.7283447
File C:\Users\admin\AppData\Local\Programs\Python\Python39\Lib\multiprocessing\context.py first seen with mtime 1652795110.0
File C:\Users\admin\AppData\Local\Programs\Python\Python39\Lib\wsgiref\simple_server.py first seen with mtime 1652795112.0
File D:\BaseDjango\MuzeyProject\.venv\Lib\site-packages\django\core\checks\urls.py first seen with mtime 1733464571.3623226
File D:\BaseDjango\MuzeyProject\.venv\Lib\site-packages\sqlparse\__init__.py first seen with mtime 1733464568.118148
File D:\BaseDjango\MuzeyProject\.venv\Lib\site-packages\django\db\models\fields\related_lookups.py first seen with mtime 1733464571.5578
File C:\Users\admin\AppData\Local\Programs\Python\Python39\Lib\asyncio\base_tasks.py first seen with mtime 1652795110.0
File D:\BaseDjango\MuzeyProject\.venv\Lib\site-packages\django\template\defaulttags.py first seen with mtime 1733464571.722106
File D:\BaseDjango\MuzeyProject\.venv\Lib\site-packages\django\contrib\staticfiles\checks.py first seen with mtime 1733464571.310219
File D:\BaseDjango\MuzeyProject\.venv\Lib\site-packages\django\db\backends\sqlite3\client.py first seen with mtime 1733464571.5106559
File C:\Users\admin\AppData\Local\Programs\Python\Python39\Lib\asyncio\__init__.py first seen with mtime 1652795110.0
File D:\BaseDjango\MuzeyProject\.venv\Lib\site-packages\django\contrib\admin\widgets.py first seen with mtime 1733464568.6602683
File D:\BaseDjango\MuzeyProject\.venv\Lib\site-packages\django\db\migrations\operations\__init__.py first seen with mtime 1733464571.5267198
File C:\Users\admin\AppData\Local\Programs\Python\Python39\Lib\gettext.py first seen with mtime 1652795110.0
File D:\BaseDjango\MuzeyProject\MuzeyServer\Base\views.py first seen with mtime 1742129107.892427
File D:\BaseDjango\MuzeyProject\.venv\Lib\site-packages\django\utils\formats.py first seen with mtime 1733464571.7592025
File D:\BaseDjango\MuzeyProject\.venv\Lib\site-packages\django\contrib\messages\constants.py first seen with mtime 1733464570.7224536
File D:\BaseDjango\MuzeyProject\.venv\Lib\site-packages\django\template\loaders\app_directories.py first seen with mtime 1733464571.7311242
File D:\BaseDjango\MuzeyProject\.venv\Lib\site-packages\django\dispatch\__init__.py first seen with mtime 1733464571.5718408
File C:\Users\admin\AppData\Local\Programs\Python\Python39\Lib\multiprocessing\reduction.py first seen with mtime 1652795110.0
File D:\BaseDjango\MuzeyProject\.venv\Lib\site-packages\django\db\models\indexes.py first seen with mtime 1733464571.538743
File D:\BaseDjango\MuzeyProject\.venv\Lib\site-packages\django\contrib\sessions\middleware.py first seen with mtime 1733464570.996325
File D:\BaseDjango\MuzeyProject\.venv\Lib\site-packages\django\middleware\__init__.py first seen with mtime 1733464571.7130628
File D:\BaseDjango\MuzeyProject\.venv\Lib\site-packages\django\db\backends\sqlite3\operations.py first seen with mtime 1733464571.5136783
File D:\BaseDjango\MuzeyProject\.venv\Lib\site-packages\django\forms\utils.py first seen with mtime 1733464571.5788605
File D:\BaseDjango\MuzeyProject\.venv\Lib\site-packages\django\template\loaders\cached.py first seen with mtime 1733464571.7321243
File C:\Users\admin\AppData\Local\Programs\Python\Python39\Lib\pprint.py first seen with mtime 1652795110.0
File D:\BaseDjango\MuzeyProject\.venv\Lib\site-packages\django\utils\timezone.py first seen with mtime 1733464571.769243
File D:\BaseDjango\MuzeyProject\.venv\Lib\site-packages\_distutils_hack\__init__.py first seen with mtime 1733464432.163577
File D:\BaseDjango\MuzeyProject\.venv\Lib\site-packages\django\forms\fields.py first seen with mtime 1733464571.5748599
File D:\BaseDjango\MuzeyProject\.venv\Lib\site-packages\PIL\ExifTags.py first seen with mtime 1733465806.9324121
File D:\BaseDjango\MuzeyProject\.venv\Lib\site-packages\django\contrib\staticfiles\views.py first seen with mtime 1733464571.3172204
File D:\BaseDjango\MuzeyProject\.venv\Lib\site-packages\django\contrib\contenttypes\__init__.py first seen with mtime 1733464569.397432
File C:\Users\admin\AppData\Local\Programs\Python\Python39\Lib\posixpath.py first seen with mtime 1652795110.0
File D:\BaseDjango\MuzeyProject\.venv\Lib\site-packages\django\utils\timesince.py first seen with mtime 1733464571.769243
File C:\Users\admin\AppData\Local\Programs\Python\Python39\Lib\email\mime\base.py first seen with mtime 1652795110.0
File D:\BaseDjango\MuzeyProject\.venv\Lib\site-packages\django\core\handlers\__init__.py first seen with mtime 1733464571.3823805
File C:\Users\admin\AppData\Local\Programs\Python\Python39\Lib\importlib\abc.py first seen with mtime 1652795110.0
File C:\Users\admin\AppData\Local\Programs\Python\Python39\Lib\numbers.py first seen with mtime 1652795110.0
File D:\BaseDjango\MuzeyProject\.venv\Lib\site-packages\django\core\handlers\exception.py first seen with mtime 1733464571.3843806
File C:\Users\admin\AppData\Local\Programs\Python\Python39\Lib\email\mime\multipart.py first seen with mtime 1652795110.0
File D:\BaseDjango\MuzeyProject\.venv\Lib\site-packages\django\contrib\auth\password_validation.py first seen with mtime 1733464569.2423975
File D:\BaseDjango\MuzeyProject\.venv\Lib\site-packages\django\apps\config.py first seen with mtime 1733464568.4132137
File D:\BaseDjango\MuzeyProject\.venv\Lib\site-packages\django\template\smartif.py first seen with mtime 1733464571.726105
File D:\BaseDjango\MuzeyProject\.venv\Lib\site-packages\django\template\loaders\filesystem.py first seen with mtime 1733464571.7331245
File C:\Users\admin\AppData\Local\Programs\Python\Python39\Lib\sre_parse.py first seen with mtime 1652795110.0
File D:\BaseDjango\MuzeyProject\.venv\Lib\site-packages\django\db\backends\base\base.py first seen with mtime 1733464571.477572
File C:\Users\admin\AppData\Local\Programs\Python\Python39\Lib\wsgiref\__init__.py first seen with mtime 1652795112.0
File C:\Users\admin\AppData\Local\Programs\Python\Python39\Lib\pathlib.py first seen with mtime 1652795110.0
File C:\Users\admin\AppData\Local\Programs\Python\Python39\Lib\asyncio\events.py first seen with mtime 1652795110.0
File C:\Users\admin\AppData\Local\Programs\Python\Python39\Lib\asyncio\proactor_events.py first seen with mtime 1652795110.0
File D:\BaseDjango\MuzeyProject\.venv\Lib\site-packages\django\db\transaction.py first seen with mtime 1733464571.4725528
File D:\BaseDjango\MuzeyProject\.venv\Lib\site-packages\sqlparse\engine\__init__.py first seen with mtime 1733464568.1241488
File D:\BaseDjango\MuzeyProject\MuzeyServer\Base\forms.py first seen with mtime 1738593210.2819538
File D:\BaseDjango\MuzeyProject\.venv\Lib\site-packages\django\core\files\storage\base.py first seen with mtime 1733464571.379361
File D:\BaseDjango\MuzeyProject\.venv\Lib\site-packages\django\contrib\admin\__init__.py first seen with mtime 1733464568.651266
File D:\BaseDjango\MuzeyProject\MuzeyServer\SearchResult\__init__.py first seen with mtime 1733465047.6744561
File D:\BaseDjango\MuzeyProject\.venv\Lib\site-packages\django\urls\resolvers.py first seen with mtime 1733464571.7461636
File D:\BaseDjango\MuzeyProject\.venv\Lib\site-packages\django\db\models\manager.py first seen with mtime 1733464571.5397432
File D:\BaseDjango\MuzeyProject\.venv\Lib\site-packages\PIL\_imaging.cp39-win_amd64.pyd first seen with mtime 1733465806.9884238
File C:\Users\admin\AppData\Local\Programs\Python\Python39\Lib\copyreg.py first seen with mtime 1652795110.0
File C:\Users\admin\AppData\Local\Programs\Python\Python39\Lib\logging\config.py first seen with mtime 1652795110.0
File C:\Users\admin\AppData\Local\Programs\Python\Python39\Lib\tempfile.py first seen with mtime 1652795110.0
File D:\BaseDjango\MuzeyProject\.venv\Lib\site-packages\django\db\backends\sqlite3\__init__.py first seen with mtime 1733464571.5096555
File D:\BaseDjango\MuzeyProject\MuzeyServer\Base\apps.py first seen with mtime 1733464812.0479295
File D:\BaseDjango\MuzeyProject\.venv\Lib\site-packages\django\templatetags\i18n.py first seen with mtime 1733464571.7351434
File D:\BaseDjango\MuzeyProject\.venv\Lib\site-packages\django\core\files\move.py first seen with mtime 1733464571.3683424
File D:\BaseDjango\MuzeyProject\.venv\Lib\site-packages\django\db\models\signals.py first seen with mtime 1733464571.5427656
File D:\BaseDjango\MuzeyProject\.venv\Lib\site-packages\django\db\__init__.py first seen with mtime 1733464571.4725528
File D:\BaseDjango\MuzeyProject\.venv\Lib\site-packages\django\utils\decorators.py first seen with mtime 1733464571.7561831
File D:\BaseDjango\MuzeyProject\.venv\Lib\site-packages\django\contrib\contenttypes\fields.py first seen with mtime 1733464569.3994327
File D:\BaseDjango\MuzeyProject\.venv\Lib\site-packages\django\contrib\admin\templatetags\admin_modify.py first seen with mtime 1733464569.0853627
File D:\BaseDjango\MuzeyProject\.venv\Lib\site-packages\PIL\Image.py first seen with mtime 1733465806.941414
File D:\BaseDjango\MuzeyProject\.venv\Lib\site-packages\django\utils\autoreload.py first seen with mtime 1733464571.7491639
File D:\BaseDjango\MuzeyProject\MuzeyServer\Base\models.py first seen with mtime 1742134843.2951288
File D:\BaseDjango\MuzeyProject\.venv\Lib\site-packages\django\templatetags\cache.py first seen with mtime 1733464571.7351434
File D:\BaseDjango\MuzeyProject\.venv\Lib\site-packages\django\contrib\sites\requests.py first seen with mtime 1733464571.1517773
File D:\BaseDjango\MuzeyProject\.venv\Lib\site-packages\django\core\__init__.py first seen with mtime 1733464571.3242414
File C:\Users\admin\AppData\Local\Programs\Python\Python39\DLLs\_socket.pyd first seen with mtime 1652795162.0
File D:\BaseDjango\MuzeyProject\.venv\Lib\site-packages\sqlparse\lexer.py first seen with mtime 1733464568.122149
File D:\BaseDjango\MuzeyProject\.venv\Lib\site-packages\django\contrib\staticfiles\management\commands\__init__.py first seen with mtime 1733464571.3182206
File D:\BaseDjango\MuzeyProject\.venv\Lib\site-packages\django\contrib\staticfiles\apps.py first seen with mtime 1733464571.3092191
File D:\BaseDjango\MuzeyProject\.venv\Lib\site-packages\django\contrib\messages\api.py first seen with mtime 1733464570.721454
File C:\Users\admin\AppData\Local\Programs\Python\Python39\Lib\asyncio\sslproto.py first seen with mtime 1652795110.0
File C:\Users\admin\AppData\Local\Programs\Python\Python39\Lib\collections\__init__.py first seen with mtime 1652795110.0
File D:\BaseDjango\MuzeyProject\.venv\Lib\site-packages\django\core\management\commands\__init__.py first seen with mtime 1733464571.4184556
File D:\BaseDjango\MuzeyProject\.venv\Lib\site-packages\PIL\_typing.py first seen with mtime 1733465807.0044277
File D:\BaseDjango\MuzeyProject\.venv\Lib\site-packages\django\core\handlers\asgi.py first seen with mtime 1733464571.3833804
File D:\BaseDjango\MuzeyProject\.venv\Lib\site-packages\django\db\models\sql\datastructures.py first seen with mtime 1733464571.5688398
File C:\Users\admin\AppData\Local\Programs\Python\Python39\Lib\sre_compile.py first seen with mtime 1652795110.0
File C:\Users\admin\AppData\Local\Programs\Python\Python39\Lib\types.py first seen with mtime 1652795112.0
File C:\Users\admin\AppData\Local\Programs\Python\Python39\Lib\importlib\__init__.py first seen with mtime 1652795110.0
File D:\BaseDjango\MuzeyProject\.venv\Lib\site-packages\django\core\cache\backends\filebased.py first seen with mtime 1733464571.338301
File D:\BaseDjango\MuzeyProject\.venv\Lib\site-packages\django\contrib\auth\decorators.py first seen with mtime 1733464569.2383966
File D:\BaseDjango\MuzeyProject\.venv\Lib\site-packages\django\contrib\sessions\backends\__init__.py first seen with mtime 1733464570.997325
File D:\BaseDjango\MuzeyProject\.venv\Lib\site-packages\django\core\mail\message.py first seen with mtime 1733464571.386381
File C:\Users\admin\AppData\Local\Programs\Python\Python39\Lib\ssl.py first seen with mtime 1652795110.0
File D:\BaseDjango\MuzeyProject\.venv\Lib\site-packages\PIL\ImageDraw.py first seen with mtime 1733465806.944415
File D:\BaseDjango\MuzeyProject\.venv\Lib\site-packages\django\utils\deprecation.py first seen with mtime 1733464571.7561831
File D:\BaseDjango\MuzeyProject\.venv\Lib\site-packages\django\utils\termcolors.py first seen with mtime 1733464571.7672222
File C:\Users\admin\AppData\Local\Programs\Python\Python39\Lib\asyncio\coroutines.py first seen with mtime 1652795110.0
File D:\BaseDjango\MuzeyProject\.venv\Lib\site-packages\django\db\models\fields\files.py first seen with mtime 1733464571.5447645
File C:\Users\admin\AppData\Local\Programs\Python\Python39\Lib\concurrent\futures\__init__.py first seen with mtime 1652795110.0
File C:\Users\admin\AppData\Local\Programs\Python\Python39\Lib\decimal.py first seen with mtime 1652795110.0
File C:\Users\admin\AppData\Local\Programs\Python\Python39\DLLs\_bz2.pyd first seen with mtime 1652795172.0
File D:\BaseDjango\MuzeyProject\.venv\Lib\site-packages\django\apps\registry.py first seen with mtime 1733464568.4142137
File C:\Users\admin\AppData\Local\Programs\Python\Python39\DLLs\_hashlib.pyd first seen with mtime 1652795162.0
File D:\BaseDjango\MuzeyProject\.venv\Lib\site-packages\django\views\static.py first seen with mtime 1733464571.7782624
File D:\BaseDjango\MuzeyProject\.venv\Lib\site-packages\django\utils\version.py first seen with mtime 1733464571.7712417
File C:\Users\admin\AppData\Local\Programs\Python\Python39\DLLs\_sqlite3.pyd first seen with mtime 1652795162.0
File D:\BaseDjango\MuzeyProject\.venv\Lib\site-packages\django\core\files\uploadhandler.py first seen with mtime 1733464571.3773606
File D:\BaseDjango\MuzeyProject\.venv\Lib\site-packages\django\contrib\sessions\apps.py first seen with mtime 1733464570.9943247
File D:\BaseDjango\MuzeyProject\MuzeyServer\SearchMenu\__init__.py first seen with mtime 1733464938.664223
File D:\BaseDjango\MuzeyProject\.venv\Lib\site-packages\django\template\engine.py first seen with mtime 1733464571.7231042
File C:\Users\admin\AppData\Local\Programs\Python\Python39\Lib\socketserver.py first seen with mtime 1652795110.0
File C:\Users\admin\AppData\Local\Programs\Python\Python39\Lib\argparse.py first seen with mtime 1652795110.0
File C:\Users\admin\AppData\Local\Programs\Python\Python39\Lib\heapq.py first seen with mtime 1652795110.0
File C:\Users\admin\AppData\Local\Programs\Python\Python39\Lib\concurrent\futures\_base.py first seen with mtime 1652795110.0
File C:\Users\admin\AppData\Local\Programs\Python\Python39\Lib\keyword.py first seen with mtime 1652795110.0
File D:\BaseDjango\MuzeyProject\.venv\Lib\site-packages\django\core\checks\translation.py first seen with mtime 1733464571.3613224
File C:\Users\admin\AppData\Local\Programs\Python\Python39\DLLs\_ssl.pyd first seen with mtime 1652795162.0
File D:\BaseDjango\MuzeyProject\.venv\Lib\site-packages\django\db\migrations\state.py first seen with mtime 1733464571.5246992
File C:\Users\admin\AppData\Local\Programs\Python\Python39\Lib\email\mime\message.py first seen with mtime 1652795110.0
File D:\BaseDjango\MuzeyProject\.venv\Lib\site-packages\django\contrib\admin\templatetags\__init__.py first seen with mtime 1733464569.083362
File D:\BaseDjango\MuzeyProject\.venv\Lib\site-packages\django\db\backends\sqlite3\schema.py first seen with mtime 1733464571.5146773
File D:\BaseDjango\MuzeyProject\.venv\Lib\site-packages\django\views\generic\edit.py first seen with mtime 1733464571.7873027
File D:\BaseDjango\MuzeyProject\.venv\Lib\site-packages\django\core\serializers\__init__.py first seen with mtime 1733464571.4665303
File D:\BaseDjango\MuzeyProject\.venv\Lib\site-packages\PIL\TiffTags.py first seen with mtime 1733465806.973421
File D:\BaseDjango\MuzeyProject\.venv\Lib\site-packages\django\db\migrations\exceptions.py first seen with mtime 1733464571.5166779
File D:\BaseDjango\MuzeyProject\.venv\Lib\site-packages\django\contrib\staticfiles\utils.py first seen with mtime 1733464571.3162203
File D:\BaseDjango\MuzeyProject\.venv\Lib\site-packages\django\contrib\sessions\models.py first seen with mtime 1733464570.996325
File D:\BaseDjango\MuzeyProject\.venv\Lib\site-packages\sqlparse\filters\output.py first seen with mtime 1733464568.1281497
File D:\BaseDjango\MuzeyProject\.venv\Lib\site-packages\django\contrib\auth\tokens.py first seen with mtime 1733464569.2433977
File D:\BaseDjango\MuzeyProject\.venv\Lib\site-packages\django\contrib\contenttypes\checks.py first seen with mtime 1733464569.3994327
File D:\BaseDjango\MuzeyProject\.venv\Lib\site-packages\django\contrib\staticfiles\management\__init__.py first seen with mtime 1733464571.3172204
File C:\Users\admin\AppData\Local\Programs\Python\Python39\Lib\sqlite3\__init__.py first seen with mtime 1652795110.0
File D:\BaseDjango\MuzeyProject\.venv\Lib\site-packages\django\urls\__init__.py first seen with mtime 1733464571.743145
File C:\Users\admin\AppData\Local\Programs\Python\Python39\DLLs\_overlapped.pyd first seen with mtime 1652795162.0
File C:\Users\admin\AppData\Local\Programs\Python\Python39\DLLs\_uuid.pyd first seen with mtime 1652795162.0
File D:\BaseDjango\MuzeyProject\.venv\Lib\site-packages\typing_extensions.py first seen with mtime 1733464568.0651357
File D:\BaseDjango\MuzeyProject\.venv\Lib\site-packages\django\db\migrations\operations\base.py first seen with mtime 1733464571.5277197
File D:\BaseDjango\MuzeyProject\.venv\Lib\site-packages\django\dispatch\dispatcher.py first seen with mtime 1733464571.5728612
File D:\BaseDjango\MuzeyProject\.venv\Lib\site-packages\django\db\backends\sqlite3\_functions.py first seen with mtime 1733464571.5096555
File D:\BaseDjango\MuzeyProject\.venv\Lib\site-packages\sqlparse\filters\others.py first seen with mtime 1733464568.1281497
File C:\Users\admin\AppData\Local\Programs\Python\Python39\Lib\asyncio\trsock.py first seen with mtime 1652795110.0
File C:\Users\admin\AppData\Local\Programs\Python\Python39\Lib\urllib\__init__.py first seen with mtime 1652795112.0
File C:\Users\admin\AppData\Local\Programs\Python\Python39\Lib\concurrent\__init__.py first seen with mtime 1652795110.0
File C:\Users\admin\AppData\Local\Programs\Python\Python39\Lib\importlib\machinery.py first seen with mtime 1652795110.0
File D:\BaseDjango\MuzeyProject\.venv\Lib\site-packages\django\__init__.py first seen with mtime 1733464568.4112132
File C:\Users\admin\AppData\Local\Programs\Python\Python39\Lib\asyncio\locks.py first seen with mtime 1652795110.0
File D:\BaseDjango\MuzeyProject\.venv\Lib\site-packages\django\core\files\storage\memory.py first seen with mtime 1733464571.3813818
File D:\BaseDjango\MuzeyProject\.venv\Lib\site-packages\django\core\files\uploadedfile.py first seen with mtime 1733464571.3773606
File C:\Users\admin\AppData\Local\Programs\Python\Python39\Lib\fractions.py first seen with mtime 1652795110.0
File D:\BaseDjango\MuzeyProject\.venv\Lib\site-packages\django\utils\numberformat.py first seen with mtime 1733464571.7662218
File D:\BaseDjango\MuzeyProject\.venv\Lib\site-packages\django\contrib\contenttypes\views.py first seen with mtime 1733464569.401433
File C:\Users\admin\AppData\Local\Programs\Python\Python39\Lib\random.py first seen with mtime 1652795110.0
File C:\Users\admin\AppData\Local\Programs\Python\Python39\Lib\http\cookies.py first seen with mtime 1652795110.0
File D:\BaseDjango\MuzeyProject\.venv\Lib\site-packages\django\forms\forms.py first seen with mtime 1733464571.57586
File C:\Users\admin\AppData\Local\Programs\Python\Python39\DLLs\select.pyd first seen with mtime 1652795162.0
File D:\BaseDjango\MuzeyProject\.venv\Lib\site-packages\django\contrib\messages\storage\__init__.py first seen with mtime 1733464570.7254715
File D:\BaseDjango\MuzeyProject\.venv\Lib\site-packages\django\core\cache\__init__.py first seen with mtime 1733464571.3352826
File D:\BaseDjango\MuzeyProject\.venv\Lib\site-packages\django\views\generic\detail.py first seen with mtime 1733464571.7862823
File D:\BaseDjango\MuzeyProject\.venv\Lib\site-packages\django\contrib\admin\checks.py first seen with mtime 1733464568.6532667
File D:\BaseDjango\MuzeyProject\.venv\Lib\site-packages\django\db\models\functions\window.py first seen with mtime 1733464571.5658183
File D:\BaseDjango\MuzeyProject\.venv\Lib\site-packages\django\utils\duration.py first seen with mtime 1733464571.7572038
File C:\Users\admin\AppData\Local\Programs\Python\Python39\Lib\email\mime\text.py first seen with mtime 1652795110.0
File D:\BaseDjango\MuzeyProject\.venv\Lib\site-packages\django\contrib\admin\filters.py first seen with mtime 1733464568.6552672
File D:\BaseDjango\MuzeyProject\.venv\Lib\site-packages\django\db\models\constraints.py first seen with mtime 1733464571.5327415
File D:\BaseDjango\MuzeyProject\.venv\Lib\site-packages\django\views\i18n.py first seen with mtime 1733464571.7782624
File D:\BaseDjango\MuzeyProject\.venv\Lib\site-packages\django\core\checks\registry.py first seen with mtime 1733464571.360322
File D:\BaseDjango\MuzeyProject\.venv\Lib\site-packages\django\forms\renderers.py first seen with mtime 1733464571.577861
File C:\Users\admin\AppData\Local\Programs\Python\Python39\Lib\shutil.py first seen with mtime 1652795110.0
File D:\BaseDjango\MuzeyProject\.venv\Lib\site-packages\django\urls\utils.py first seen with mtime 1733464571.7461636
File C:\Users\admin\AppData\Local\Programs\Python\Python39\Lib\ctypes\__init__.py first seen with mtime 1652795110.0
File C:\Users\admin\AppData\Local\Programs\Python\Python39\Lib\token.py first seen with mtime 1652795112.0
File D:\BaseDjango\MuzeyProject\.venv\Lib\site-packages\django\utils\safestring.py first seen with mtime 1733464571.7672222
File C:\Users\admin\AppData\Local\Programs\Python\Python39\Lib\concurrent\futures\thread.py first seen with mtime 1652795110.0
File D:\BaseDjango\MuzeyProject\.venv\Lib\site-packages\django\forms\models.py first seen with mtime 1733464571.5768602
File C:\Users\admin\AppData\Local\Programs\Python\Python39\Lib\reprlib.py first seen with mtime 1652795110.0
File D:\BaseDjango\MuzeyProject\.venv\Lib\site-packages\django\db\models\sql\constants.py first seen with mtime 1733464571.5688398
File D:\BaseDjango\MuzeyProject\.venv\Lib\site-packages\django\utils\functional.py first seen with mtime 1733464571.7592025
File C:\Users\admin\AppData\Local\Programs\Python\Python39\DLLs\_lzma.pyd first seen with mtime 1652795162.0
File D:\BaseDjango\MuzeyProject\.venv\Lib\site-packages\django\views\decorators\csrf.py first seen with mtime 1733464571.781283
File D:\BaseDjango\MuzeyProject\.venv\Lib\site-packages\_virtualenv.py first seen with mtime 1733464431.870555
File C:\Users\admin\AppData\Local\Programs\Python\Python39\Lib\encodings\latin_1.py first seen with mtime 1652795110.0
File D:\BaseDjango\MuzeyProject\MuzeyServer\send_email\__init__.py first seen with mtime 1737631813.390819
File C:\Users\admin\AppData\Local\Programs\Python\Python39\Lib\zoneinfo\_tzpath.py first seen with mtime 1652795112.0
File D:\BaseDjango\MuzeyProject\MuzeyServer\SearchResult\views.py first seen with mtime 1733725445.2956367
File C:\Users\admin\AppData\Local\Programs\Python\Python39\Lib\stat.py first seen with mtime 1652795110.0
File C:\Users\admin\AppData\Local\Programs\Python\Python39\Lib\email\utils.py first seen with mtime 1652795110.0
File C:\Users\admin\AppData\Local\Programs\Python\Python39\Lib\email\_policybase.py first seen with mtime 1652795110.0
File D:\BaseDjango\MuzeyProject\MuzeyServer\Base\admin.py first seen with mtime 1742129082.4737725
File D:\BaseDjango\MuzeyProject\.venv\Lib\site-packages\django\template\backends\base.py first seen with mtime 1733464571.7281253
File D:\BaseDjango\MuzeyProject\.venv\Lib\site-packages\django\db\models\fields\__init__.py first seen with mtime 1733464571.5437646
File C:\Users\admin\AppData\Local\Programs\Python\Python39\Lib\http\server.py first seen with mtime 1652795110.0
File D:\BaseDjango\MuzeyProject\.venv\Lib\site-packages\django\db\models\fields\reverse_related.py first seen with mtime 1733464571.5578
File D:\BaseDjango\MuzeyProject\.venv\Lib\site-packages\django\utils\ipv6.py first seen with mtime 1733464571.7622032
File C:\Users\admin\AppData\Local\Programs\Python\Python39\Lib\urllib\parse.py first seen with mtime 1652795112.0
File D:\BaseDjango\MuzeyProject\.venv\Lib\site-packages\django\db\backends\sqlite3\base.py first seen with mtime 1733464571.5106559
File C:\Users\admin\AppData\Local\Programs\Python\Python39\Lib\email\policy.py first seen with mtime 1652795110.0
File C:\Users\admin\AppData\Local\Programs\Python\Python39\Lib\nturl2path.py first seen with mtime 1652795110.0
File D:\BaseDjango\MuzeyProject\.venv\Lib\site-packages\django\db\backends\__init__.py first seen with mtime 1733464571.4745731
File D:\BaseDjango\MuzeyProject\.venv\Lib\site-packages\django\utils\_os.py first seen with mtime 1733464571.7471642
File C:\Users\admin\AppData\Local\Programs\Python\Python39\Lib\_collections_abc.py first seen with mtime 1652795110.0
File C:\Users\admin\AppData\Local\Programs\Python\Python39\Lib\email\quoprimime.py first seen with mtime 1652795110.0
File D:\BaseDjango\MuzeyProject\.venv\Lib\site-packages\django\db\models\expressions.py first seen with mtime 1733464571.537743
File D:\BaseDjango\MuzeyProject\.venv\Lib\site-packages\django\templatetags\static.py first seen with mtime 1733464571.7361436
File D:\BaseDjango\MuzeyProject\MuzeyServer\GamesList\models.py first seen with mtime 1733464820.7293448
File D:\BaseDjango\MuzeyProject\.venv\Lib\site-packages\django\template\__init__.py first seen with mtime 1733464571.7180846
File D:\BaseDjango\MuzeyProject\.venv\Lib\site-packages\django\contrib\staticfiles\finders.py first seen with mtime 1733464571.310219
File D:\BaseDjango\MuzeyProject\.venv\Lib\site-packages\django\conf\locale\__init__.py first seen with mtime 1733464568.4222155
File D:\BaseDjango\MuzeyProject\.venv\Lib\site-packages\django\db\migrations\operations\models.py first seen with mtime 1733464571.5287201
File C:\Users\admin\AppData\Local\Programs\Python\Python39\Lib\html\entities.py first seen with mtime 1652795110.0
File D:\BaseDjango\MuzeyProject\.venv\Lib\site-packages\django\contrib\contenttypes\forms.py first seen with mtime 1733464569.4004328
File D:\BaseDjango\MuzeyProject\.venv\Lib\site-packages\django\contrib\staticfiles\management\commands\runserver.py first seen with mtime 1733464571.3192418
File C:\Users\admin\AppData\Local\Programs\Python\Python39\Lib\html\parser.py first seen with mtime 1652795110.0
File D:\BaseDjango\MuzeyProject\.venv\Lib\site-packages\django\utils\dates.py first seen with mtime 1733464571.7541828
File D:\BaseDjango\MuzeyProject\.venv\Lib\site-packages\django\core\management\commands\runserver.py first seen with mtime 1733464571.4595292
File D:\BaseDjango\MuzeyProject\.venv\Lib\site-packages\django\core\cache\backends\locmem.py first seen with mtime 1733464571.3393009
File D:\BaseDjango\MuzeyProject\.venv\Lib\site-packages\django\contrib\contenttypes\apps.py first seen with mtime 1733464569.3984332
File C:\Users\admin\AppData\Local\Programs\Python\Python39\Lib\signal.py first seen with mtime 1652795110.0
File D:\BaseDjango\MuzeyProject\.venv\Lib\site-packages\django\core\serializers\python.py first seen with mtime 1733464571.4695525
File D:\BaseDjango\MuzeyProject\.venv\Lib\site-packages\django\http\multipartparser.py first seen with mtime 1733464571.7110627
File C:\Users\admin\AppData\Local\Programs\Python\Python39\Lib\uu.py first seen with mtime 1652795112.0
File C:\Users\admin\AppData\Local\Programs\Python\Python39\Lib\json\__init__.py first seen with mtime 1652795110.0
File C:\Users\admin\AppData\Local\Programs\Python\Python39\Lib\typing.py first seen with mtime 1652795112.0
File D:\BaseDjango\MuzeyProject\.venv\Lib\site-packages\django\db\migrations\__init__.py first seen with mtime 1733464571.5156775
File D:\BaseDjango\MuzeyProject\.venv\Lib\site-packages\django\views\generic\dates.py first seen with mtime 1733464571.785282
File D:\BaseDjango\MuzeyProject\.venv\Lib\site-packages\django\middleware\csrf.py first seen with mtime 1733464571.715063
File C:\Users\admin\AppData\Local\Programs\Python\Python39\Lib\socket.py first seen with mtime 1652795110.0
File D:\BaseDjango\MuzeyProject\.venv\Lib\site-packages\sqlparse\filters\aligned_indent.py first seen with mtime 1733464568.1271496
File C:\Users\admin\AppData\Local\Programs\Python\Python39\Lib\copy.py first seen with mtime 1652795110.0
File C:\Users\admin\AppData\Local\Programs\Python\Python39\Lib\datetime.py first seen with mtime 1652795110.0
File D:\BaseDjango\MuzeyProject\.venv\Lib\site-packages\django\db\models\functions\mixins.py first seen with mtime 1733464571.560819
File C:\Users\admin\AppData\Local\Programs\Python\Python39\Lib\collections\abc.py first seen with mtime 1652795110.0
File D:\BaseDjango\MuzeyProject\.venv\Lib\site-packages\django\utils\translation\trans_real.py first seen with mtime 1733464571.7752633
File D:\BaseDjango\MuzeyProject\.venv\Lib\site-packages\django\utils\__init__.py first seen with mtime 1733464571.7471642
File D:\BaseDjango\MuzeyProject\.venv\Lib\site-packages\django\core\checks\compatibility\django_4_0.py first seen with mtime 1733464571.363323
File D:\BaseDjango\MuzeyProject\.venv\Lib\site-packages\sqlparse\filters\reindent.py first seen with mtime 1733464568.12915
File D:\BaseDjango\MuzeyProject\.venv\Lib\site-packages\django\template\response.py first seen with mtime 1733464571.726105
File D:\BaseDjango\MuzeyProject\.venv\Lib\site-packages\sqlparse\utils.py first seen with mtime 1733464568.1241488
File C:\Users\admin\AppData\Local\Programs\Python\Python39\Lib\sqlite3\dbapi2.py first seen with mtime 1652795110.0
File D:\BaseDjango\MuzeyProject\.venv\Lib\site-packages\django\core\checks\database.py first seen with mtime 1733464571.346319
File D:\BaseDjango\MuzeyProject\.venv\Lib\site-packages\django\db\backends\base\features.py first seen with mtime 1733464571.4785724
File D:\BaseDjango\MuzeyProject\.venv\Lib\site-packages\django\template\loaders\__init__.py first seen with mtime 1733464571.7311242
File D:\BaseDjango\MuzeyProject\.venv\Lib\site-packages\django\db\backends\utils.py first seen with mtime 1733464571.475572
File D:\BaseDjango\MuzeyProject\.venv\Lib\site-packages\django\db\models\fields\mixins.py first seen with mtime 1733464571.5457647
File D:\BaseDjango\MuzeyProject\MuzeyServer\MuzeyServer\urls.py first seen with mtime 1742123548.7479253
File D:\BaseDjango\MuzeyProject\.venv\Lib\site-packages\django\template\utils.py first seen with mtime 1733464571.7271051
File D:\BaseDjango\MuzeyProject\.venv\Lib\site-packages\django\contrib\admin\views\__init__.py first seen with mtime 1733464569.087363
File D:\BaseDjango\MuzeyProject\.venv\Lib\site-packages\django\utils\topological_sort.py first seen with mtime 1733464571.7702415
File D:\BaseDjango\MuzeyProject\.venv\Lib\site-packages\django\middleware\security.py first seen with mtime 1733464571.7180846
File C:\Users\admin\AppData\Local\Programs\Python\Python39\Lib\sysconfig.py first seen with mtime 1652795110.0
File C:\Users\admin\AppData\Local\Programs\Python\Python39\Lib\contextvars.py first seen with mtime 1652795110.0
File D:\BaseDjango\MuzeyProject\.venv\Lib\site-packages\django\core\servers\basehttp.py first seen with mtime 1733464571.4715526
File D:\BaseDjango\MuzeyProject\.venv\Lib\site-packages\django\contrib\admin\apps.py first seen with mtime 1733464568.6522663
File D:\BaseDjango\MuzeyProject\MuzeyServer\SearchResult\apps.py first seen with mtime 1733465047.6724558
File C:\Users\admin\AppData\Local\Programs\Python\Python39\Lib\operator.py first seen with mtime 1652795110.0
File D:\BaseDjango\MuzeyProject\.venv\Lib\site-packages\django\db\models\options.py first seen with mtime 1733464571.5407434
File D:\BaseDjango\MuzeyProject\MuzeyServer\SearchMenu\views.py first seen with mtime 1739203012.594634
File C:\Users\admin\AppData\Local\Programs\Python\Python39\Lib\asyncio\log.py first seen with mtime 1652795110.0
File C:\Users\admin\AppData\Local\Programs\Python\Python39\Lib\asyncio\format_helpers.py first seen with mtime 1652795110.0
File D:\BaseDjango\MuzeyProject\.venv\Lib\site-packages\django\core\checks\security\__init__.py first seen with mtime 1733464571.363323
File D:\BaseDjango\MuzeyProject\.venv\Lib\site-packages\django\core\handlers\wsgi.py first seen with mtime 1733464571.3843806
File C:\Users\admin\AppData\Local\Programs\Python\Python39\Lib\statistics.py first seen with mtime 1652795110.0
File D:\BaseDjango\MuzeyProject\.venv\Lib\site-packages\django\core\checks\templates.py first seen with mtime 1733464571.3613224
File C:\Users\admin\AppData\Local\Programs\Python\Python39\DLLs\_asyncio.pyd first seen with mtime 1652795162.0
File D:\BaseDjango\MuzeyProject\.venv\Lib\site-packages\django\contrib\auth\__init__.py first seen with mtime 1733464569.2333956
File D:\BaseDjango\MuzeyProject\.venv\Lib\site-packages\django\db\models\sql\subqueries.py first seen with mtime 1733464571.5708406
File D:\BaseDjango\MuzeyProject\.venv\Lib\site-packages\django\db\models\functions\comparison.py first seen with mtime 1733464571.5588002
File D:\BaseDjango\MuzeyProject\.venv\Lib\site-packages\django\db\backends\ddl_references.py first seen with mtime 1733464571.4745731
File D:\BaseDjango\MuzeyProject\.venv\Lib\site-packages\django\utils\asyncio.py first seen with mtime 1733464571.7491639
File D:\BaseDjango\MuzeyProject\.venv\Lib\site-packages\PIL\_deprecate.py first seen with mtime 1733465806.979422
File D:\BaseDjango\MuzeyProject\.venv\Lib\site-packages\django\db\models\query.py first seen with mtime 1733464571.5407434
File D:\BaseDjango\MuzeyProject\.venv\Lib\site-packages\django\core\servers\__init__.py first seen with mtime 1733464571.4715526
File D:\BaseDjango\MuzeyProject\.venv\Lib\site-packages\django\contrib\admin\templatetags\base.py first seen with mtime 1733464569.086363
File D:\BaseDjango\MuzeyProject\.venv\Lib\site-packages\django\utils\connection.py first seen with mtime 1733464571.751184
File D:\BaseDjango\MuzeyProject\.venv\Lib\site-packages\sqlparse\cli.py first seen with mtime 1733464568.1191483
File D:\BaseDjango\MuzeyProject\.venv\Lib\site-packages\django\db\models\sql\where.py first seen with mtime 1733464571.5708406
File D:\BaseDjango\MuzeyProject\.venv\Lib\site-packages\asgiref\current_thread_executor.py first seen with mtime 1733464568.252178
File D:\BaseDjango\MuzeyProject\.venv\Lib\site-packages\django\contrib\admin\helpers.py first seen with mtime 1733464568.6562672
File C:\Users\admin\AppData\Local\Programs\Python\Python39\Lib\ast.py first seen with mtime 1652795110.0
File D:\BaseDjango\MuzeyProject\.venv\Lib\site-packages\django\forms\formsets.py first seen with mtime 1733464571.57586
File D:\BaseDjango\MuzeyProject\.venv\Lib\site-packages\PIL\_util.py first seen with mtime 1733465807.0054276
File D:\BaseDjango\MuzeyProject\.venv\Lib\site-packages\django\urls\base.py first seen with mtime 1733464571.743145
File C:\Users\admin\AppData\Local\Programs\Python\Python39\Lib\asyncio\transports.py first seen with mtime 1652795110.0
File D:\BaseDjango\MuzeyProject\.venv\Lib\site-packages\django\views\debug.py first seen with mtime 1733464571.7772622
File C:\Users\admin\AppData\Local\Programs\Python\Python39\Lib\email\parser.py first seen with mtime 1652795110.0
File D:\BaseDjango\MuzeyProject\.venv\Lib\site-packages\django\db\migrations\operations\special.py first seen with mtime 1733464571.5297203
File D:\BaseDjango\MuzeyProject\.venv\Lib\site-packages\PIL\ImageMode.py first seen with mtime 1733465806.949416
File C:\Users\admin\AppData\Local\Programs\Python\Python39\Lib\ipaddress.py first seen with mtime 1652795110.0
File D:\BaseDjango\MuzeyProject\.venv\Lib\site-packages\django\core\checks\__init__.py first seen with mtime 1733464571.3443189
File C:\Users\admin\AppData\Local\Programs\Python\Python39\Lib\opcode.py first seen with mtime 1652795110.0
File D:\BaseDjango\MuzeyProject\MuzeyServer\templates\game_1.html first seen with mtime 1741426684.985973
File D:\BaseDjango\MuzeyProject\MuzeyServer\templates\game_2.html first seen with mtime 1741426410.3674054
File D:\BaseDjango\MuzeyProject\MuzeyServer\templates\game_3.html first seen with mtime 1741807144.2613888
File D:\BaseDjango\MuzeyProject\MuzeyServer\templates\game_4.html first seen with mtime 1741426410.3684058
File D:\BaseDjango\MuzeyProject\MuzeyServer\templates\game_5.html first seen with mtime 1741426410.3684058
File D:\BaseDjango\MuzeyProject\MuzeyServer\templates\game_6.html first seen with mtime 1741426410.3694053
File D:\BaseDjango\MuzeyProject\MuzeyServer\templates\game_7.html first seen with mtime 1741426410.3704062
File D:\BaseDjango\MuzeyProject\MuzeyServer\templates\index.html first seen with mtime 1742129546.125297
File D:\BaseDjango\MuzeyProject\MuzeyServer\templates\login.html first seen with mtime 1742126128.8308303
File D:\BaseDjango\MuzeyProject\MuzeyServer\templates\page1.html first seen with mtime 1742315093.0240977
File D:\BaseDjango\MuzeyProject\MuzeyServer\templates\page2.html first seen with mtime 1739371559.2016268
File D:\BaseDjango\MuzeyProject\MuzeyServer\templates\page3.html first seen with mtime 1742125008.8995664
File D:\BaseDjango\MuzeyProject\MuzeyServer\templates\register_visitor.html first seen with mtime 1738683858.7223306
File D:\BaseDjango\MuzeyProject\MuzeyServer\templates\send_email.html first seen with mtime 1742128846.3268332
File D:\BaseDjango\MuzeyProject\MuzeyServer\templates\video_r1.html first seen with mtime 1738680981.7228174
File D:\BaseDjango\MuzeyProject\MuzeyServer\templates\video_r2.html first seen with mtime 1739605313.5841815
File D:\BaseDjango\MuzeyProject\MuzeyServer\templates\video_r3.html first seen with mtime 1739605345.5963705
File D:\BaseDjango\MuzeyProject\MuzeyServer\templates\video_r4.html first seen with mtime 1739605347.1947796
File D:\BaseDjango\MuzeyProject\MuzeyServer\templates\video_r5.html first seen with mtime 1739605313.553174
File D:\BaseDjango\MuzeyProject\.venv\Lib\site-packages\django\contrib\auth\migrations\0009_alter_user_last_name_max_length.py first seen with mtime 1733464569.3934312
File D:\BaseDjango\MuzeyProject\.venv\Lib\site-packages\django\db\migrations\executor.py first seen with mtime 1733464571.5166779
File D:\BaseDjango\MuzeyProject\.venv\Lib\site-packages\django\contrib\auth\migrations\0005_alter_user_last_login_null.py first seen with mtime 1733464569.3904307
File D:\BaseDjango\MuzeyProject\.venv\Lib\site-packages\django\contrib\sessions\migrations\__init__.py first seen with mtime 1733464571.1427577
File D:\BaseDjango\MuzeyProject\.venv\Lib\site-packages\django\contrib\contenttypes\migrations\0001_initial.py first seen with mtime 1733464569.5374632
File D:\BaseDjango\MuzeyProject\.venv\Lib\site-packages\django\db\migrations\graph.py first seen with mtime 1733464571.517678
File D:\BaseDjango\MuzeyProject\.venv\Lib\site-packages\django\contrib\auth\migrations\0001_initial.py first seen with mtime 1733464569.38843
File D:\BaseDjango\MuzeyProject\.venv\Lib\site-packages\django\contrib\auth\migrations\0004_alter_user_username_opts.py first seen with mtime 1733464569.3904307
File D:\BaseDjango\MuzeyProject\.venv\Lib\site-packages\django\contrib\contenttypes\migrations\__init__.py first seen with mtime 1733464569.5384636
File D:\BaseDjango\MuzeyProject\MuzeyServer\SearchResult\migrations\0001_initial.py first seen with mtime 1742122906.7394667
File D:\BaseDjango\MuzeyProject\.venv\Lib\site-packages\django\contrib\auth\migrations\0002_alter_permission_name_max_length.py first seen with mtime 1733464569.3894303
File D:\BaseDjango\MuzeyProject\.venv\Lib\site-packages\django\contrib\messages\middleware.py first seen with mtime 1733464570.7234538
File D:\BaseDjango\MuzeyProject\.venv\Lib\site-packages\django\contrib\auth\migrations\0003_alter_user_email_max_length.py first seen with mtime 1733464569.3894303
File D:\BaseDjango\MuzeyProject\.venv\Lib\site-packages\django\contrib\auth\migrations\0012_alter_user_first_name_max_length.py first seen with mtime 1733464569.3944314
File D:\BaseDjango\MuzeyProject\.venv\Lib\site-packages\django\contrib\sessions\backends\base.py first seen with mtime 1733464570.998344
File D:\BaseDjango\MuzeyProject\.venv\Lib\site-packages\django\contrib\auth\migrations\__init__.py first seen with mtime 1733464569.3954318
File D:\BaseDjango\MuzeyProject\.venv\Lib\site-packages\django\middleware\clickjacking.py first seen with mtime 1733464571.7140627
File D:\BaseDjango\MuzeyProject\MuzeyServer\SearchResult\migrations\__init__.py first seen with mtime 1733465047.6754563
File D:\BaseDjango\MuzeyProject\.venv\Lib\site-packages\django\contrib\admin\migrations\0003_logentry_add_action_flag_choices.py first seen with mtime 1733464568.9723375
File D:\BaseDjango\MuzeyProject\MuzeyServer\Base\migrations\0001_initial.py first seen with mtime 1742122906.7414672
File D:\BaseDjango\MuzeyProject\.venv\Lib\site-packages\django\contrib\auth\migrations\0010_alter_group_name_max_length.py first seen with mtime 1733464569.3934312
File C:\Users\admin\AppData\Local\Programs\Python\Python39\Lib\stringprep.py first seen with mtime 1652795110.0
File D:\BaseDjango\MuzeyProject\.venv\Lib\site-packages\django\db\migrations\loader.py first seen with mtime 1733464571.5186775
File D:\BaseDjango\MuzeyProject\.venv\Lib\site-packages\django\contrib\auth\migrations\0007_alter_validators_add_error_messages.py first seen with mtime 1733464569.392431
File D:\BaseDjango\MuzeyProject\MuzeyServer\Base\migrations\__init__.py first seen with mtime 1733464812.0509298
File D:\BaseDjango\MuzeyProject\.venv\Lib\site-packages\django\db\migrations\recorder.py first seen with mtime 1733464571.523699
File D:\BaseDjango\MuzeyProject\.venv\Lib\site-packages\django\middleware\common.py first seen with mtime 1733464571.715063
File D:\BaseDjango\MuzeyProject\.venv\Lib\site-packages\django\contrib\contenttypes\migrations\0002_remove_content_type_name.py first seen with mtime 1733464569.5374632
File D:\BaseDjango\MuzeyProject\MuzeyServer\SearchMenu\migrations\__init__.py first seen with mtime 1733464938.6652231
File D:\BaseDjango\MuzeyProject\MuzeyServer\Base\migrations\0002_remove_playerprofile_user_delete_customuser_and_more.py first seen with mtime 1742129920.714744
File D:\BaseDjango\MuzeyProject\MuzeyServer\MuzeyServer\wsgi.py first seen with mtime 1733464675.8638504
File D:\BaseDjango\MuzeyProject\.venv\Lib\site-packages\django\contrib\sessions\backends\db.py first seen with mtime 1733464571.0003426
File D:\BaseDjango\MuzeyProject\.venv\Lib\site-packages\django\contrib\admin\migrations\0001_initial.py first seen with mtime 1733464568.9713373
File D:\BaseDjango\MuzeyProject\MuzeyServer\GamesList\migrations\__init__.py first seen with mtime 1733464820.7323449
File D:\BaseDjango\MuzeyProject\.venv\Lib\site-packages\django\contrib\auth\migrations\0011_update_proxy_permissions.py first seen with mtime 1733464569.3944314
File D:\BaseDjango\MuzeyProject\.venv\Lib\site-packages\django\db\models\sql\compiler.py first seen with mtime 1733464571.5678396
File D:\BaseDjango\MuzeyProject\.venv\Lib\site-packages\django\contrib\admin\migrations\0002_logentry_remove_auto_add.py first seen with mtime 1733464568.9713373
File D:\BaseDjango\MuzeyProject\.venv\Lib\site-packages\django\contrib\admin\migrations\__init__.py first seen with mtime 1733464568.9733384
File C:\Users\admin\AppData\Local\Programs\Python\Python39\Lib\encodings\idna.py first seen with mtime 1652795110.0
File D:\BaseDjango\MuzeyProject\.venv\Lib\site-packages\django\contrib\auth\migrations\0006_require_contenttypes_0002.py first seen with mtime 1733464569.3914306
File D:\BaseDjango\MuzeyProject\.venv\Lib\site-packages\django\contrib\sessions\migrations\0001_initial.py first seen with mtime 1733464571.1417577
File D:\BaseDjango\MuzeyProject\.venv\Lib\site-packages\django\contrib\auth\migrations\0008_alter_user_username_max_length.py first seen with mtime 1733464569.392431
File D:\BaseDjango\MuzeyProject\.venv\Lib\site-packages\django\contrib\sessions\exceptions.py first seen with mtime 1733464570.9953246
File D:\BaseDjango\MuzeyProject\MuzeyServer\MuzeyServer\settings.py previous mtime: 1742413492.968789, current mtime: 1742413498.3610787
D:\BaseDjango\MuzeyProject\MuzeyServer\MuzeyServer\settings.py notified as changed. Signal results: [(<function template_changed at 0x000001BBB3763AF0>, None), (<function translation_file_changed at 0x000001BBB4157AF0>, None)].
D:\BaseDjango\MuzeyProject\MuzeyServer\MuzeyServer\settings.py changed, reloading.
Watching for file changes with StatReloader
Waiting for apps ready_event.
Apps ready_event triggered. Sending autoreload_started signal.
Watching dir D:\BaseDjango\MuzeyProject\MuzeyServer\templates with glob **/*.
Watching dir D:\BaseDjango\MuzeyProject\MuzeyServer\locale with glob **/*.mo.
Watching dir D:\BaseDjango\MuzeyProject\MuzeyServer\SearchResult\locale with glob **/*.mo.
Watching dir D:\BaseDjango\MuzeyProject\MuzeyServer\Base\locale with glob **/*.mo.
Watching dir D:\BaseDjango\MuzeyProject\MuzeyServer\GamesList\locale with glob **/*.mo.
Watching dir D:\BaseDjango\MuzeyProject\MuzeyServer\SearchMenu\locale with glob **/*.mo.
(0.000) 
            SELECT name, type FROM sqlite_master
            WHERE type in ('table', 'view') AND NOT name='sqlite_sequence'
            ORDER BY name; args=None; alias=default
(0.000) SELECT "django_migrations"."id", "django_migrations"."app", "django_migrations"."name", "django_migrations"."applied" FROM "django_migrations"; args=(); alias=default
File D:\BaseDjango\MuzeyProject\.venv\Lib\site-packages\django\views\defaults.py first seen with mtime 1733464571.7772622
File D:\BaseDjango\MuzeyProject\.venv\Lib\site-packages\asgiref\sync.py first seen with mtime 1733464568.2551785
File D:\BaseDjango\MuzeyProject\.venv\Lib\site-packages\django\core\exceptions.py first seen with mtime 1733464571.3262625
File C:\Users\admin\AppData\Local\Programs\Python\Python39\Lib\io.py first seen with mtime 1652795110.0
File D:\BaseDjango\MuzeyProject\.venv\Lib\site-packages\django\db\transaction.py first seen with mtime 1733464571.4725528
File D:\BaseDjango\MuzeyProject\.venv\Lib\site-packages\django\template\engine.py first seen with mtime 1733464571.7231042
File C:\Users\admin\AppData\Local\Programs\Python\Python39\Lib\email\_encoded_words.py first seen with mtime 1652795110.0
File D:\BaseDjango\MuzeyProject\.venv\Lib\site-packages\django\db\backends\sqlite3\_functions.py first seen with mtime 1733464571.5096555
File D:\BaseDjango\MuzeyProject\.venv\Lib\site-packages\django\core\validators.py first seen with mtime 1733464571.3342824
File D:\BaseDjango\MuzeyProject\.venv\Lib\site-packages\django\db\models\fields\related_lookups.py first seen with mtime 1733464571.5578
File D:\BaseDjango\MuzeyProject\.venv\Lib\site-packages\django\contrib\sessions\base_session.py first seen with mtime 1733464570.9943247
File D:\BaseDjango\MuzeyProject\.venv\Lib\site-packages\django\template\response.py first seen with mtime 1733464571.726105
File D:\BaseDjango\MuzeyProject\.venv\Lib\site-packages\django\utils\dateformat.py first seen with mtime 1733464571.7531826
File C:\Users\admin\AppData\Local\Programs\Python\Python39\Lib\getpass.py first seen with mtime 1652795110.0
File D:\BaseDjango\MuzeyProject\.venv\Lib\site-packages\django\core\files\storage\mixins.py first seen with mtime 1733464571.3823805
File D:\BaseDjango\MuzeyProject\.venv\Lib\site-packages\django\core\cache\backends\__init__.py first seen with mtime 1733464571.3362825
File D:\BaseDjango\MuzeyProject\.venv\Lib\site-packages\django\db\models\sql\datastructures.py first seen with mtime 1733464571.5688398
File C:\Users\admin\AppData\Local\Programs\Python\Python39\Lib\__future__.py first seen with mtime 1652795110.0
File D:\BaseDjango\MuzeyProject\.venv\Lib\site-packages\django\db\models\sql\subqueries.py first seen with mtime 1733464571.5708406
File D:\BaseDjango\MuzeyProject\MuzeyServer\SearchResult\__init__.py first seen with mtime 1733465047.6744561
File D:\BaseDjango\MuzeyProject\.venv\Lib\site-packages\django\contrib\contenttypes\apps.py first seen with mtime 1733464569.3984332
File D:\BaseDjango\MuzeyProject\.venv\Lib\site-packages\django\templatetags\i18n.py first seen with mtime 1733464571.7351434
File D:\BaseDjango\MuzeyProject\.venv\Lib\site-packages\django\core\checks\async_checks.py first seen with mtime 1733464571.3453188
File C:\Users\admin\AppData\Local\Programs\Python\Python39\Lib\asyncio\log.py first seen with mtime 1652795110.0
File D:\BaseDjango\MuzeyProject\.venv\Lib\site-packages\django\contrib\auth\backends.py first seen with mtime 1733464569.235396
File D:\BaseDjango\MuzeyProject\.venv\Lib\site-packages\django\core\files\storage\base.py first seen with mtime 1733464571.379361
File D:\BaseDjango\MuzeyProject\.venv\Lib\site-packages\django\db\backends\sqlite3\creation.py first seen with mtime 1733464571.511656
File D:\BaseDjango\MuzeyProject\.venv\Lib\site-packages\django\contrib\messages\constants.py first seen with mtime 1733464570.7224536
File D:\BaseDjango\MuzeyProject\.venv\Lib\site-packages\sqlparse\utils.py first seen with mtime 1733464568.1241488
File D:\BaseDjango\MuzeyProject\.venv\Lib\site-packages\django\db\backends\sqlite3\schema.py first seen with mtime 1733464571.5146773
File D:\BaseDjango\MuzeyProject\.venv\Lib\site-packages\django\db\models\deletion.py first seen with mtime 1733464571.533742
File D:\BaseDjango\MuzeyProject\.venv\Lib\site-packages\django\db\backends\base\creation.py first seen with mtime 1733464571.4785724
File D:\BaseDjango\MuzeyProject\.venv\Lib\site-packages\django\utils\hashable.py first seen with mtime 1733464571.7602026
File D:\BaseDjango\MuzeyProject\.venv\Lib\site-packages\django\core\management\__init__.py first seen with mtime 1733464571.3964193
File D:\BaseDjango\MuzeyProject\.venv\Lib\site-packages\django\forms\utils.py first seen with mtime 1733464571.5788605
File C:\Users\admin\AppData\Local\Programs\Python\Python39\Lib\keyword.py first seen with mtime 1652795110.0
File C:\Users\admin\AppData\Local\Programs\Python\Python39\Lib\email\mime\__init__.py first seen with mtime 1652795110.0
File C:\Users\admin\AppData\Local\Programs\Python\Python39\DLLs\_socket.pyd first seen with mtime 1652795162.0
File D:\BaseDjango\MuzeyProject\.venv\Lib\site-packages\django\db\backends\base\schema.py first seen with mtime 1733464571.4815729
File D:\BaseDjango\MuzeyProject\.venv\Lib\site-packages\django\db\migrations\utils.py first seen with mtime 1733464571.5257215
File C:\Users\admin\AppData\Local\Programs\Python\Python39\Lib\concurrent\futures\__init__.py first seen with mtime 1652795110.0
File D:\BaseDjango\MuzeyProject\.venv\Lib\site-packages\django\__init__.py first seen with mtime 1733464568.4112132
File D:\BaseDjango\MuzeyProject\.venv\Lib\site-packages\django\contrib\contenttypes\checks.py first seen with mtime 1733464569.3994327
File D:\BaseDjango\MuzeyProject\MuzeyServer\SearchMenu\views.py first seen with mtime 1739203012.594634
File D:\BaseDjango\MuzeyProject\MuzeyServer\SearchResult\admin.py first seen with mtime 1733465975.2854438
File C:\Users\admin\AppData\Local\Programs\Python\Python39\Lib\codecs.py first seen with mtime 1652795110.0
File D:\BaseDjango\MuzeyProject\.venv\Lib\site-packages\django\db\models\indexes.py first seen with mtime 1733464571.538743
File C:\Users\admin\AppData\Local\Programs\Python\Python39\DLLs\select.pyd first seen with mtime 1652795162.0
File D:\BaseDjango\MuzeyProject\.venv\Lib\site-packages\PIL\Image.py first seen with mtime 1733465806.941414
File C:\Users\admin\AppData\Local\Programs\Python\Python39\Lib\copyreg.py first seen with mtime 1652795110.0
File D:\BaseDjango\MuzeyProject\MuzeyServer\Base\views.py first seen with mtime 1742129107.892427
File C:\Users\admin\AppData\Local\Programs\Python\Python39\Lib\abc.py first seen with mtime 1652795110.0
File C:\Users\admin\AppData\Local\Programs\Python\Python39\Lib\difflib.py first seen with mtime 1652795110.0
File D:\BaseDjango\MuzeyProject\.venv\Lib\site-packages\PIL\ImageDraw.py first seen with mtime 1733465806.944415
File C:\Users\admin\AppData\Local\Programs\Python\Python39\Lib\shutil.py first seen with mtime 1652795110.0
File C:\Users\admin\AppData\Local\Programs\Python\Python39\Lib\tempfile.py first seen with mtime 1652795110.0
File C:\Users\admin\AppData\Local\Programs\Python\Python39\Lib\multiprocessing\reduction.py first seen with mtime 1652795110.0
File D:\BaseDjango\MuzeyProject\.venv\Lib\site-packages\django\core\files\images.py first seen with mtime 1733464571.367342
File D:\BaseDjango\MuzeyProject\.venv\Lib\site-packages\django\utils\regex_helper.py first seen with mtime 1733464571.7662218
File D:\BaseDjango\MuzeyProject\.venv\Lib\site-packages\django\db\backends\base\client.py first seen with mtime 1733464571.477572
File D:\BaseDjango\MuzeyProject\.venv\Lib\site-packages\_distutils_hack\__init__.py first seen with mtime 1733464432.163577
File D:\BaseDjango\MuzeyProject\.venv\Lib\site-packages\django\dispatch\dispatcher.py first seen with mtime 1733464571.5728612
File D:\BaseDjango\MuzeyProject\.venv\Lib\site-packages\django\utils\autoreload.py first seen with mtime 1733464571.7491639
File C:\Users\admin\AppData\Local\Programs\Python\Python39\Lib\sysconfig.py first seen with mtime 1652795110.0
File C:\Users\admin\AppData\Local\Programs\Python\Python39\Lib\encodings\aliases.py first seen with mtime 1652795110.0
File D:\BaseDjango\MuzeyProject\.venv\Lib\site-packages\django\urls\__init__.py first seen with mtime 1733464571.743145
File C:\Users\admin\AppData\Local\Programs\Python\Python39\Lib\_weakrefset.py first seen with mtime 1652795110.0
File D:\BaseDjango\MuzeyProject\.venv\Lib\site-packages\PIL\_imaging.cp39-win_amd64.pyd first seen with mtime 1733465806.9884238
File C:\Users\admin\AppData\Local\Programs\Python\Python39\Lib\contextlib.py first seen with mtime 1652795110.0
File D:\BaseDjango\MuzeyProject\.venv\Lib\site-packages\django\contrib\sites\shortcuts.py first seen with mtime 1733464571.1527772
File D:\BaseDjango\MuzeyProject\.venv\Lib\site-packages\django\contrib\admin\models.py first seen with mtime 1733464568.6562672
File D:\BaseDjango\MuzeyProject\.venv\Lib\site-packages\django\db\backends\base\validation.py first seen with mtime 1733464571.4815729
File D:\BaseDjango\MuzeyProject\.venv\Lib\site-packages\django\contrib\auth\management\__init__.py first seen with mtime 1733464569.3864298
File D:\BaseDjango\MuzeyProject\.venv\Lib\site-packages\django\db\backends\base\introspection.py first seen with mtime 1733464571.4795725
File D:\BaseDjango\MuzeyProject\.venv\Lib\site-packages\django\templatetags\__init__.py first seen with mtime 1733464571.734145
File D:\BaseDjango\MuzeyProject\.venv\Lib\site-packages\django\utils\text.py first seen with mtime 1733464571.768222
File D:\BaseDjango\MuzeyProject\.venv\Lib\site-packages\django\contrib\auth\base_user.py first seen with mtime 1733464569.2363963
File C:\Users\admin\AppData\Local\Programs\Python\Python39\Lib\statistics.py first seen with mtime 1652795110.0
File C:\Users\admin\AppData\Local\Programs\Python\Python39\Lib\encodings\utf_8.py first seen with mtime 1652795110.0
File D:\BaseDjango\MuzeyProject\.venv\Lib\site-packages\django\db\models\functions\math.py first seen with mtime 1733464571.560819
File D:\BaseDjango\MuzeyProject\.venv\Lib\site-packages\django\contrib\admin\templatetags\admin_urls.py first seen with mtime 1733464569.0853627
File C:\Users\admin\AppData\Local\Programs\Python\Python39\Lib\html\__init__.py first seen with mtime 1652795110.0
File D:\BaseDjango\MuzeyProject\.venv\Lib\site-packages\django\core\mail\message.py first seen with mtime 1733464571.386381
File D:\BaseDjango\MuzeyProject\.venv\Lib\site-packages\django\conf\global_settings.py first seen with mtime 1733464568.4152143
File D:\BaseDjango\MuzeyProject\.venv\Lib\site-packages\django\utils\html.py first seen with mtime 1733464571.7602026
File D:\BaseDjango\MuzeyProject\.venv\Lib\site-packages\asgiref\__init__.py first seen with mtime 1733464568.2511775
File D:\BaseDjango\MuzeyProject\.venv\Lib\site-packages\django\db\models\fields\files.py first seen with mtime 1733464571.5447645
File D:\BaseDjango\MuzeyProject\.venv\Lib\site-packages\django\core\serializers\__init__.py first seen with mtime 1733464571.4665303
File D:\BaseDjango\MuzeyProject\MuzeyServer\send_email\__init__.py first seen with mtime 1737631813.390819
File D:\BaseDjango\MuzeyProject\.venv\Lib\site-packages\django\core\signals.py first seen with mtime 1733464571.3272624
File C:\Users\admin\AppData\Local\Programs\Python\Python39\Lib\warnings.py first seen with mtime 1652795112.0
File C:\Users\admin\AppData\Local\Programs\Python\Python39\Lib\asyncio\threads.py first seen with mtime 1652795110.0
File D:\BaseDjango\MuzeyProject\.venv\Lib\site-packages\django\core\files\base.py first seen with mtime 1733464571.3663418
File D:\BaseDjango\MuzeyProject\.venv\Lib\site-packages\django\db\migrations\operations\models.py first seen with mtime 1733464571.5287201
File D:\BaseDjango\MuzeyProject\.venv\Lib\site-packages\django\utils\safestring.py first seen with mtime 1733464571.7672222
File D:\BaseDjango\MuzeyProject\.venv\Lib\site-packages\django\contrib\auth\tokens.py first seen with mtime 1733464569.2433977
File D:\BaseDjango\MuzeyProject\.venv\Lib\site-packages\django\core\checks\__init__.py first seen with mtime 1733464571.3443189
File C:\Users\admin\AppData\Local\Programs\Python\Python39\Lib\email\utils.py first seen with mtime 1652795110.0
File C:\Users\admin\AppData\Local\Programs\Python\Python39\Lib\ctypes\_endian.py first seen with mtime 1652795110.0
File C:\Users\admin\AppData\Local\Programs\Python\Python39\Lib\concurrent\futures\_base.py first seen with mtime 1652795110.0
File D:\BaseDjango\MuzeyProject\.venv\Lib\site-packages\sqlparse\engine\statement_splitter.py first seen with mtime 1733464568.1261494
File D:\BaseDjango\MuzeyProject\.venv\Lib\site-packages\django\contrib\sessions\backends\__init__.py first seen with mtime 1733464570.997325
File D:\BaseDjango\MuzeyProject\.venv\Lib\site-packages\django\contrib\admin\templatetags\base.py first seen with mtime 1733464569.086363
File D:\BaseDjango\MuzeyProject\.venv\Lib\site-packages\PIL\ImageColor.py first seen with mtime 1733465806.9434142
File D:\BaseDjango\MuzeyProject\.venv\Lib\site-packages\django\utils\numberformat.py first seen with mtime 1733464571.7662218
File D:\BaseDjango\MuzeyProject\.venv\Lib\site-packages\sqlparse\filters\right_margin.py first seen with mtime 1733464568.12915
File C:\Users\admin\AppData\Local\Programs\Python\Python39\Lib\email\parser.py first seen with mtime 1652795110.0
File D:\BaseDjango\MuzeyProject\.venv\Lib\site-packages\django\views\generic\base.py first seen with mtime 1733464571.785282
File C:\Users\admin\AppData\Local\Programs\Python\Python39\Lib\copy.py first seen with mtime 1652795110.0
File D:\BaseDjango\MuzeyProject\.venv\Lib\site-packages\django\middleware\__init__.py first seen with mtime 1733464571.7130628
File C:\Users\admin\AppData\Local\Programs\Python\Python39\Lib\email\errors.py first seen with mtime 1652795110.0
File C:\Users\admin\AppData\Local\Programs\Python\Python39\Lib\email\feedparser.py first seen with mtime 1652795110.0
File C:\Users\admin\AppData\Local\Programs\Python\Python39\Lib\asyncio\selector_events.py first seen with mtime 1652795110.0
File D:\BaseDjango\MuzeyProject\.venv\Lib\site-packages\django\contrib\auth\forms.py first seen with mtime 1733464569.239397
File C:\Users\admin\AppData\Local\Programs\Python\Python39\Lib\ipaddress.py first seen with mtime 1652795110.0
File C:\Users\admin\AppData\Local\Programs\Python\Python39\Lib\logging\handlers.py first seen with mtime 1652795110.0
File D:\BaseDjango\MuzeyProject\.venv\Lib\site-packages\django\contrib\messages\__init__.py first seen with mtime 1733464570.721454
File C:\Users\admin\AppData\Local\Programs\Python\Python39\DLLs\_lzma.pyd first seen with mtime 1652795162.0
File D:\BaseDjango\MuzeyProject\.venv\Lib\site-packages\django\forms\renderers.py first seen with mtime 1733464571.577861
File D:\BaseDjango\MuzeyProject\.venv\Lib\site-packages\django\contrib\sessions\apps.py first seen with mtime 1733464570.9943247
File C:\Users\admin\AppData\Local\Programs\Python\Python39\Lib\pathlib.py first seen with mtime 1652795110.0
File D:\BaseDjango\MuzeyProject\.venv\Lib\site-packages\django\forms\boundfield.py first seen with mtime 1733464571.57386
File D:\BaseDjango\MuzeyProject\.venv\Lib\site-packages\django\template\loader_tags.py first seen with mtime 1733464571.7251048
File D:\BaseDjango\MuzeyProject\.venv\Lib\site-packages\django\db\models\functions\text.py first seen with mtime 1733464571.561818
File D:\BaseDjango\MuzeyProject\MuzeyServer\MuzeyServer\settings.py first seen with mtime 1742413498.3610787
File D:\BaseDjango\MuzeyProject\.venv\Lib\site-packages\PIL\_imagingft.cp39-win_amd64.pyd first seen with mtime 1733465806.9994264
File D:\BaseDjango\MuzeyProject\.venv\Lib\site-packages\django\apps\__init__.py first seen with mtime 1733464568.4132137
File C:\Users\admin\AppData\Local\Programs\Python\Python39\Lib\base64.py first seen with mtime 1652795110.0
File C:\Users\admin\AppData\Local\Programs\Python\Python39\Lib\types.py first seen with mtime 1652795112.0
File D:\BaseDjango\MuzeyProject\.venv\Lib\site-packages\django\apps\config.py first seen with mtime 1733464568.4132137
File D:\BaseDjango\MuzeyProject\.venv\Lib\site-packages\django\http\multipartparser.py first seen with mtime 1733464571.7110627
File D:\BaseDjango\MuzeyProject\.venv\Lib\site-packages\sqlparse\cli.py first seen with mtime 1733464568.1191483
File D:\BaseDjango\MuzeyProject\.venv\Lib\site-packages\django\urls\exceptions.py first seen with mtime 1733464571.7451646
File C:\Users\admin\AppData\Local\Programs\Python\Python39\DLLs\_overlapped.pyd first seen with mtime 1652795162.0
File D:\BaseDjango\MuzeyProject\.venv\Lib\site-packages\django\utils\datastructures.py first seen with mtime 1733464571.7521827
File C:\Users\admin\AppData\Local\Programs\Python\Python39\Lib\gzip.py first seen with mtime 1652795110.0
File C:\Users\admin\AppData\Local\Programs\Python\Python39\Lib\encodings\latin_1.py first seen with mtime 1652795110.0
File D:\BaseDjango\MuzeyProject\.venv\Lib\site-packages\PIL\ImageMode.py first seen with mtime 1733465806.949416
File D:\BaseDjango\MuzeyProject\.venv\Lib\site-packages\PIL\_typing.py first seen with mtime 1733465807.0044277
File D:\BaseDjango\MuzeyProject\.venv\Lib\site-packages\django\db\models\fields\reverse_related.py first seen with mtime 1733464571.5578
File C:\Users\admin\AppData\Local\Programs\Python\Python39\Lib\argparse.py first seen with mtime 1652795110.0
File C:\Users\admin\AppData\Local\Programs\Python\Python39\Lib\email\header.py first seen with mtime 1652795110.0
File C:\Users\admin\AppData\Local\Programs\Python\Python39\Lib\quopri.py first seen with mtime 1652795110.0
File D:\BaseDjango\MuzeyProject\.venv\Lib\site-packages\asgiref\current_thread_executor.py first seen with mtime 1733464568.252178
File D:\BaseDjango\MuzeyProject\.venv\Lib\site-packages\django\db\models\functions\datetime.py first seen with mtime 1733464571.5598004
File D:\BaseDjango\MuzeyProject\.venv\Lib\site-packages\django\core\checks\registry.py first seen with mtime 1733464571.360322
File C:\Users\admin\AppData\Local\Programs\Python\Python39\Lib\socketserver.py first seen with mtime 1652795110.0
File D:\BaseDjango\MuzeyProject\.venv\Lib\site-packages\django\contrib\admin\checks.py first seen with mtime 1733464568.6532667
File D:\BaseDjango\MuzeyProject\.venv\Lib\site-packages\django\core\checks\database.py first seen with mtime 1733464571.346319
File D:\BaseDjango\MuzeyProject\.venv\Lib\site-packages\sqlparse\formatter.py first seen with mtime 1733464568.1211486
File D:\BaseDjango\MuzeyProject\.venv\Lib\site-packages\django\db\models\utils.py first seen with mtime 1733464571.5427656
File D:\BaseDjango\MuzeyProject\.venv\Lib\site-packages\django\utils\timesince.py first seen with mtime 1733464571.769243
File C:\Users\admin\AppData\Local\Programs\Python\Python39\DLLs\_ctypes.pyd first seen with mtime 1652795162.0
File D:\BaseDjango\MuzeyProject\.venv\Lib\site-packages\django\contrib\contenttypes\management\__init__.py first seen with mtime 1733464569.535463
File D:\BaseDjango\MuzeyProject\.venv\Lib\site-packages\django\core\cache\backends\locmem.py first seen with mtime 1733464571.3393009
File D:\BaseDjango\MuzeyProject\.venv\Lib\site-packages\django\forms\widgets.py first seen with mtime 1733464571.5788605
File D:\BaseDjango\MuzeyProject\.venv\Lib\site-packages\django\template\exceptions.py first seen with mtime 1733464571.7231042
File C:\Users\admin\AppData\Local\Programs\Python\Python39\Lib\gettext.py first seen with mtime 1652795110.0
File D:\BaseDjango\MuzeyProject\.venv\Lib\site-packages\django\contrib\staticfiles\views.py first seen with mtime 1733464571.3172204
File D:\BaseDjango\MuzeyProject\.venv\Lib\site-packages\django\core\management\commands\__init__.py first seen with mtime 1733464571.4184556
File D:\BaseDjango\MuzeyProject\.venv\Lib\site-packages\django\utils\functional.py first seen with mtime 1733464571.7592025
File D:\BaseDjango\MuzeyProject\.venv\Lib\site-packages\django\conf\locale\__init__.py first seen with mtime 1733464568.4222155
File D:\BaseDjango\MuzeyProject\.venv\Lib\site-packages\django\db\models\sql\__init__.py first seen with mtime 1733464571.5668416
File D:\BaseDjango\MuzeyProject\.venv\Lib\site-packages\django\core\management\base.py first seen with mtime 1733464571.3974197
File D:\BaseDjango\MuzeyProject\MuzeyServer\GamesList\apps.py first seen with mtime 1733464820.7283447
File D:\BaseDjango\MuzeyProject\.venv\Lib\site-packages\django\template\loader.py first seen with mtime 1733464571.7251048
File C:\Users\admin\AppData\Local\Programs\Python\Python39\Lib\email\mime\base.py first seen with mtime 1652795110.0
File D:\BaseDjango\MuzeyProject\.venv\Lib\site-packages\django\core\checks\compatibility\__init__.py first seen with mtime 1733464571.3623226
File D:\BaseDjango\MuzeyProject\.venv\Lib\site-packages\django\contrib\contenttypes\__init__.py first seen with mtime 1733464569.397432
File D:\BaseDjango\MuzeyProject\MuzeyServer\Base\models.py first seen with mtime 1742134843.2951288
File C:\Users\admin\AppData\Local\Programs\Python\Python39\Lib\hashlib.py first seen with mtime 1652795110.0
File D:\BaseDjango\MuzeyProject\.venv\Lib\site-packages\django\contrib\auth\checks.py first seen with mtime 1733464569.2363963
File C:\Users\admin\AppData\Local\Programs\Python\Python39\Lib\random.py first seen with mtime 1652795110.0
File C:\Users\admin\AppData\Local\Programs\Python\Python39\Lib\json\decoder.py first seen with mtime 1652795110.0
File C:\Users\admin\AppData\Local\Programs\Python\Python39\Lib\os.py first seen with mtime 1652795110.0
File D:\BaseDjango\MuzeyProject\.venv\Lib\site-packages\django\db\models\enums.py first seen with mtime 1733464571.5367427
File D:\BaseDjango\MuzeyProject\.venv\Lib\site-packages\django\contrib\contenttypes\forms.py first seen with mtime 1733464569.4004328
File D:\BaseDjango\MuzeyProject\.venv\Lib\site-packages\django\apps\registry.py first seen with mtime 1733464568.4142137
File D:\BaseDjango\MuzeyProject\.venv\Lib\site-packages\django\db\backends\sqlite3\operations.py first seen with mtime 1733464571.5136783
File C:\Users\admin\AppData\Local\Programs\Python\Python39\Lib\socket.py first seen with mtime 1652795110.0
File D:\BaseDjango\MuzeyProject\.venv\Lib\site-packages\PIL\_version.py first seen with mtime 1733465807.006428
File D:\BaseDjango\MuzeyProject\.venv\Lib\site-packages\django\core\checks\security\csrf.py first seen with mtime 1733464571.365342
File D:\BaseDjango\MuzeyProject\.venv\Lib\site-packages\django\core\handlers\asgi.py first seen with mtime 1733464571.3833804
File D:\BaseDjango\MuzeyProject\.venv\Lib\site-packages\django\db\backends\signals.py first seen with mtime 1733464571.475572
File C:\Users\admin\AppData\Local\Programs\Python\Python39\Lib\mimetypes.py first seen with mtime 1652795110.0
File C:\Users\admin\AppData\Local\Programs\Python\Python39\Lib\site.py first seen with mtime 1652795110.0
File C:\Users\admin\AppData\Local\Programs\Python\Python39\Lib\fractions.py first seen with mtime 1652795110.0
File D:\BaseDjango\MuzeyProject\.venv\Lib\site-packages\django\db\backends\base\operations.py first seen with mtime 1733464571.4805734
File C:\Users\admin\AppData\Local\Programs\Python\Python39\Lib\zoneinfo\_tzpath.py first seen with mtime 1652795112.0
File D:\BaseDjango\MuzeyProject\.venv\Lib\site-packages\django\contrib\admin\actions.py first seen with mtime 1733464568.651266
File D:\BaseDjango\MuzeyProject\.venv\Lib\site-packages\django\db\models\functions\comparison.py first seen with mtime 1733464571.5588002
File C:\Users\admin\AppData\Local\Programs\Python\Python39\Lib\selectors.py first seen with mtime 1652795110.0
File D:\BaseDjango\MuzeyProject\.venv\Lib\site-packages\django\views\static.py first seen with mtime 1733464571.7782624
File D:\BaseDjango\MuzeyProject\.venv\Lib\site-packages\django\contrib\auth\validators.py first seen with mtime 1733464569.2443984
File D:\BaseDjango\MuzeyProject\.venv\Lib\site-packages\django\urls\utils.py first seen with mtime 1733464571.7461636
File D:\BaseDjango\MuzeyProject\.venv\Lib\site-packages\django\conf\urls\__init__.py first seen with mtime 1733464568.6492655
File D:\BaseDjango\MuzeyProject\.venv\Lib\site-packages\django\core\handlers\base.py first seen with mtime 1733464571.3833804
File D:\BaseDjango\MuzeyProject\.venv\Lib\site-packages\django\urls\base.py first seen with mtime 1733464571.743145
File D:\BaseDjango\MuzeyProject\.venv\Lib\site-packages\django\http\cookie.py first seen with mtime 1733464571.7110627
File D:\BaseDjango\MuzeyProject\.venv\Lib\site-packages\django\core\files\locks.py first seen with mtime 1733464571.3683424
File D:\BaseDjango\MuzeyProject\.venv\Lib\site-packages\django\template\context.py first seen with mtime 1733464571.7200851
File D:\BaseDjango\MuzeyProject\.venv\Lib\site-packages\django\contrib\staticfiles\utils.py first seen with mtime 1733464571.3162203
File C:\Users\admin\AppData\Local\Programs\Python\Python39\Lib\asyncio\windows_events.py first seen with mtime 1652795110.0
File C:\Users\admin\AppData\Local\Programs\Python\Python39\Lib\asyncio\protocols.py first seen with mtime 1652795110.0
File D:\BaseDjango\MuzeyProject\.venv\Lib\site-packages\django\db\backends\__init__.py first seen with mtime 1733464571.4745731
File D:\BaseDjango\MuzeyProject\.venv\Lib\site-packages\django\utils\dates.py first seen with mtime 1733464571.7541828
File D:\BaseDjango\MuzeyProject\.venv\Lib\site-packages\sqlparse\lexer.py first seen with mtime 1733464568.122149
File D:\BaseDjango\MuzeyProject\.venv\Lib\site-packages\django\utils\translation\__init__.py first seen with mtime 1733464571.772242
File C:\Users\admin\AppData\Local\Programs\Python\Python39\Lib\html\parser.py first seen with mtime 1652795110.0
File C:\Users\admin\AppData\Local\Programs\Python\Python39\Lib\traceback.py first seen with mtime 1652795112.0
File C:\Users\admin\AppData\Local\Programs\Python\Python39\Lib\multiprocessing\__init__.py first seen with mtime 1652795110.0
File C:\Users\admin\AppData\Local\Programs\Python\Python39\Lib\pprint.py first seen with mtime 1652795110.0
File C:\Users\admin\AppData\Local\Programs\Python\Python39\Lib\calendar.py first seen with mtime 1652795110.0
File D:\BaseDjango\MuzeyProject\.venv\Lib\site-packages\django\contrib\staticfiles\handlers.py first seen with mtime 1733464571.3112192
File D:\BaseDjango\MuzeyProject\.venv\Lib\site-packages\django\contrib\contenttypes\fields.py first seen with mtime 1733464569.3994327
File C:\Users\admin\AppData\Local\Programs\Python\Python39\Lib\asyncio\transports.py first seen with mtime 1652795110.0
File C:\Users\admin\AppData\Local\Programs\Python\Python39\Lib\encodings\cp1251.py first seen with mtime 1652795110.0
File D:\BaseDjango\MuzeyProject\.venv\Lib\site-packages\django\template\base.py first seen with mtime 1733464571.7200851
File D:\BaseDjango\MuzeyProject\.venv\Lib\site-packages\django\core\serializers\base.py first seen with mtime 1733464571.4675303
File D:\BaseDjango\MuzeyProject\.venv\Lib\site-packages\django\utils\deconstruct.py first seen with mtime 1733464571.755183
File C:\Users\admin\AppData\Local\Programs\Python\Python39\Lib\enum.py first seen with mtime 1652795110.0
File D:\BaseDjango\MuzeyProject\.venv\Lib\site-packages\PIL\__init__.py first seen with mtime 1733465806.9774215
File D:\BaseDjango\MuzeyProject\.venv\Lib\site-packages\django\db\models\manager.py first seen with mtime 1733464571.5397432
File D:\BaseDjango\MuzeyProject\MuzeyServer\SearchMenu\apps.py first seen with mtime 1733464938.6622224
File C:\Users\admin\AppData\Local\Programs\Python\Python39\Lib\asyncio\base_tasks.py first seen with mtime 1652795110.0
File D:\BaseDjango\MuzeyProject\.venv\Lib\site-packages\django\db\models\fields\related.py first seen with mtime 1733464571.546765
File D:\BaseDjango\MuzeyProject\.venv\Lib\site-packages\django\contrib\admin\helpers.py first seen with mtime 1733464568.6562672
File D:\BaseDjango\MuzeyProject\.venv\Lib\site-packages\django\template\loaders\filesystem.py first seen with mtime 1733464571.7331245
File C:\Users\admin\AppData\Local\Programs\Python\Python39\Lib\asyncio\base_subprocess.py first seen with mtime 1652795110.0
File C:\Users\admin\AppData\Local\Programs\Python\Python39\Lib\_compression.py first seen with mtime 1652795110.0
File D:\BaseDjango\MuzeyProject\.venv\Lib\site-packages\django\contrib\staticfiles\management\commands\runserver.py first seen with mtime 1733464571.3192418
File C:\Users\admin\AppData\Local\Programs\Python\Python39\Lib\pkgutil.py first seen with mtime 1652795110.0
File D:\BaseDjango\MuzeyProject\MuzeyServer\Base\apps.py first seen with mtime 1733464812.0479295
File D:\BaseDjango\MuzeyProject\.venv\Lib\site-packages\django\views\decorators\cache.py first seen with mtime 1733464571.7802627
File C:\Users\admin\AppData\Local\Programs\Python\Python39\Lib\_markupbase.py first seen with mtime 1652795110.0
File D:\BaseDjango\MuzeyProject\.venv\Lib\site-packages\django\contrib\admin\decorators.py first seen with mtime 1733464568.6532667
File C:\Users\admin\AppData\Local\Programs\Python\Python39\Lib\asyncio\base_futures.py first seen with mtime 1652795110.0
File D:\BaseDjango\MuzeyProject\.venv\Lib\site-packages\django\utils\decorators.py first seen with mtime 1733464571.7561831
File C:\Users\admin\AppData\Local\Programs\Python\Python39\Lib\urllib\__init__.py first seen with mtime 1652795112.0
File D:\BaseDjango\MuzeyProject\.venv\Lib\site-packages\django\http\request.py first seen with mtime 1733464571.7120624
File D:\BaseDjango\MuzeyProject\.venv\Lib\site-packages\django\contrib\messages\utils.py first seen with mtime 1733464570.724473
File D:\BaseDjango\MuzeyProject\.venv\Lib\site-packages\django\contrib\__init__.py first seen with mtime 1733464568.650266
File D:\BaseDjango\MuzeyProject\.venv\Lib\site-packages\django\core\servers\__init__.py first seen with mtime 1733464571.4715526
File D:\BaseDjango\MuzeyProject\.venv\Lib\site-packages\django\urls\resolvers.py first seen with mtime 1733464571.7461636
File D:\BaseDjango\MuzeyProject\.venv\Lib\site-packages\django\core\checks\model_checks.py first seen with mtime 1733464571.359322
File D:\BaseDjango\MuzeyProject\.venv\Lib\site-packages\django\db\backends\sqlite3\client.py first seen with mtime 1733464571.5106559
File D:\BaseDjango\MuzeyProject\.venv\Lib\site-packages\django\core\cache\backends\filebased.py first seen with mtime 1733464571.338301
File D:\BaseDjango\MuzeyProject\.venv\Lib\site-packages\django\core\checks\files.py first seen with mtime 1733464571.346319
File D:\BaseDjango\MuzeyProject\.venv\Lib\site-packages\django\contrib\sessions\models.py first seen with mtime 1733464570.996325
File C:\Users\admin\AppData\Local\Programs\Python\Python39\Lib\dis.py first seen with mtime 1652795110.0
File D:\BaseDjango\MuzeyProject\.venv\Lib\site-packages\django\template\library.py first seen with mtime 1733464571.7241046
File D:\BaseDjango\MuzeyProject\.venv\Lib\site-packages\django\db\__init__.py first seen with mtime 1733464571.4725528
File D:\BaseDjango\MuzeyProject\.venv\Lib\site-packages\django\dispatch\__init__.py first seen with mtime 1733464571.5718408
File D:\BaseDjango\MuzeyProject\.venv\Lib\site-packages\django\core\paginator.py first seen with mtime 1733464571.3262625
File C:\Users\admin\AppData\Local\Programs\Python\Python39\Lib\_sitebuiltins.py first seen with mtime 1652795110.0
File D:\BaseDjango\MuzeyProject\.venv\Lib\site-packages\django\core\handlers\__init__.py first seen with mtime 1733464571.3823805
File C:\Users\admin\AppData\Local\Programs\Python\Python39\Lib\glob.py first seen with mtime 1652795110.0
File D:\BaseDjango\MuzeyProject\.venv\Lib\site-packages\django\contrib\auth\decorators.py first seen with mtime 1733464569.2383966
File D:\BaseDjango\MuzeyProject\.venv\Lib\site-packages\django\core\checks\urls.py first seen with mtime 1733464571.3623226
File D:\BaseDjango\MuzeyProject\.venv\Lib\site-packages\django\db\backends\sqlite3\introspection.py first seen with mtime 1733464571.5126562
File D:\BaseDjango\MuzeyProject\.venv\Lib\site-packages\django\db\models\functions\mixins.py first seen with mtime 1733464571.560819
File D:\BaseDjango\MuzeyProject\.venv\Lib\site-packages\django\contrib\admin\views\autocomplete.py first seen with mtime 1733464569.087363
File C:\Users\admin\AppData\Local\Programs\Python\Python39\Lib\typing.py first seen with mtime 1652795112.0
File D:\BaseDjango\MuzeyProject\.venv\Lib\site-packages\django\template\backends\django.py first seen with mtime 1733464571.729124
File D:\BaseDjango\MuzeyProject\.venv\Lib\site-packages\django\contrib\messages\storage\__init__.py first seen with mtime 1733464570.7254715
File D:\BaseDjango\MuzeyProject\.venv\Lib\site-packages\django\forms\formsets.py first seen with mtime 1733464571.57586
File D:\BaseDjango\MuzeyProject\.venv\Lib\site-packages\django\db\migrations\state.py first seen with mtime 1733464571.5246992
File D:\BaseDjango\MuzeyProject\.venv\Lib\site-packages\django\db\models\functions\window.py first seen with mtime 1733464571.5658183
File C:\Users\admin\AppData\Local\Programs\Python\Python39\Lib\sre_parse.py first seen with mtime 1652795110.0
File C:\Users\admin\AppData\Local\Programs\Python\Python39\Lib\collections\abc.py first seen with mtime 1652795110.0
File D:\BaseDjango\MuzeyProject\.venv\Lib\site-packages\django\db\models\sql\constants.py first seen with mtime 1733464571.5688398
File C:\Users\admin\AppData\Local\Programs\Python\Python39\Lib\email\message.py first seen with mtime 1652795110.0
File D:\BaseDjango\MuzeyProject\.venv\Lib\site-packages\django\core\checks\compatibility\django_4_0.py first seen with mtime 1733464571.363323
File D:\BaseDjango\MuzeyProject\.venv\Lib\site-packages\typing_extensions.py first seen with mtime 1733464568.0651357
File D:\BaseDjango\MuzeyProject\.venv\Lib\site-packages\django\contrib\auth\signals.py first seen with mtime 1733464569.2423975
File D:\BaseDjango\MuzeyProject\.venv\Lib\site-packages\django\core\cache\__init__.py first seen with mtime 1733464571.3352826
File C:\Users\admin\AppData\Local\Programs\Python\Python39\Lib\email\headerregistry.py first seen with mtime 1652795110.0
File D:\BaseDjango\MuzeyProject\.venv\Lib\site-packages\django\utils\tree.py first seen with mtime 1733464571.7702415
File D:\BaseDjango\MuzeyProject\.venv\Lib\site-packages\django\contrib\admin\__init__.py first seen with mtime 1733464568.651266
File D:\BaseDjango\MuzeyProject\.venv\Lib\site-packages\django\core\files\utils.py first seen with mtime 1733464571.3783607
File C:\Users\admin\AppData\Local\Programs\Python\Python39\Lib\opcode.py first seen with mtime 1652795110.0
File D:\BaseDjango\MuzeyProject\.venv\Lib\site-packages\django\utils\__init__.py first seen with mtime 1733464571.7471642
File D:\BaseDjango\MuzeyProject\.venv\Lib\site-packages\django\template\__init__.py first seen with mtime 1733464571.7180846
File D:\BaseDjango\MuzeyProject\MuzeyServer\MuzeyServer\__init__.py first seen with mtime 1733464675.8648503
File D:\BaseDjango\MuzeyProject\.venv\Lib\site-packages\django\contrib\admin\templatetags\log.py first seen with mtime 1733464569.086363
File D:\BaseDjango\MuzeyProject\.venv\Lib\site-packages\django\db\backends\base\base.py first seen with mtime 1733464571.477572
File D:\BaseDjango\MuzeyProject\.venv\Lib\site-packages\django\db\models\sql\query.py first seen with mtime 1733464571.5698402
File D:\BaseDjango\MuzeyProject\.venv\Lib\site-packages\django\core\files\temp.py first seen with mtime 1733464571.3693423
File C:\Users\admin\AppData\Local\Programs\Python\Python39\Lib\asyncio\windows_utils.py first seen with mtime 1652795110.0
File C:\Users\admin\AppData\Local\Programs\Python\Python39\Lib\queue.py first seen with mtime 1652795110.0
File C:\Users\admin\AppData\Local\Programs\Python\Python39\Lib\sre_compile.py first seen with mtime 1652795110.0
File C:\Users\admin\AppData\Local\Programs\Python\Python39\Lib\email\encoders.py first seen with mtime 1652795110.0
File D:\BaseDjango\MuzeyProject\.venv\Lib\site-packages\django\urls\converters.py first seen with mtime 1733464571.7451646
File D:\BaseDjango\MuzeyProject\.venv\Lib\site-packages\django\db\models\sql\where.py first seen with mtime 1733464571.5708406
File C:\Users\admin\AppData\Local\Programs\Python\Python39\Lib\asyncio\format_helpers.py first seen with mtime 1652795110.0
File D:\BaseDjango\MuzeyProject\MuzeyServer\SearchResult\apps.py first seen with mtime 1733465047.6724558
File D:\BaseDjango\MuzeyProject\.venv\Lib\site-packages\django\core\management\color.py first seen with mtime 1733464571.3984199
File D:\BaseDjango\MuzeyProject\.venv\Lib\site-packages\django\utils\topological_sort.py first seen with mtime 1733464571.7702415
File D:\BaseDjango\MuzeyProject\.venv\Lib\site-packages\django\core\checks\templates.py first seen with mtime 1733464571.3613224
File C:\Users\admin\AppData\Local\Programs\Python\Python39\Lib\email\_header_value_parser.py first seen with mtime 1652795110.0
File D:\BaseDjango\MuzeyProject\.venv\Lib\site-packages\django\contrib\sessions\middleware.py first seen with mtime 1733464570.996325
File D:\BaseDjango\MuzeyProject\.venv\Lib\site-packages\PIL\ExifTags.py first seen with mtime 1733465806.9324121
File D:\BaseDjango\MuzeyProject\MuzeyServer\SearchResult\views.py first seen with mtime 1733725445.2956367
File D:\BaseDjango\MuzeyProject\MuzeyServer\GamesList\models.py first seen with mtime 1733464820.7293448
File D:\BaseDjango\MuzeyProject\.venv\Lib\site-packages\django\contrib\auth\__init__.py first seen with mtime 1733464569.2333956
File C:\Users\admin\AppData\Local\Programs\Python\Python39\Lib\wsgiref\handlers.py first seen with mtime 1652795112.0
File D:\BaseDjango\MuzeyProject\.venv\Lib\site-packages\django\db\migrations\operations\__init__.py first seen with mtime 1733464571.5267198
File D:\BaseDjango\MuzeyProject\.venv\Lib\site-packages\django\http\response.py first seen with mtime 1733464571.7120624
File D:\BaseDjango\MuzeyProject\.venv\Lib\site-packages\django\utils\termcolors.py first seen with mtime 1733464571.7672222
File D:\BaseDjango\MuzeyProject\.venv\Lib\site-packages\django\views\csrf.py first seen with mtime 1733464571.7762623
File D:\BaseDjango\MuzeyProject\.venv\Lib\site-packages\sqlparse\tokens.py first seen with mtime 1733464568.1231487
File C:\Users\admin\AppData\Local\Programs\Python\Python39\Lib\datetime.py first seen with mtime 1652795110.0
File C:\Users\admin\AppData\Local\Programs\Python\Python39\Lib\wsgiref\simple_server.py first seen with mtime 1652795112.0
File D:\BaseDjango\MuzeyProject\.venv\Lib\site-packages\django\forms\models.py first seen with mtime 1733464571.5768602
File C:\Users\admin\AppData\Local\Programs\Python\Python39\Lib\uu.py first seen with mtime 1652795112.0
File D:\BaseDjango\MuzeyProject\.venv\Lib\site-packages\django\templatetags\static.py first seen with mtime 1733464571.7361436
File D:\BaseDjango\MuzeyProject\.venv\Lib\site-packages\django\utils\timezone.py first seen with mtime 1733464571.769243
File D:\BaseDjango\MuzeyProject\.venv\Lib\site-packages\django\utils\connection.py first seen with mtime 1733464571.751184
File D:\BaseDjango\MuzeyProject\.venv\Lib\site-packages\django\db\backends\base\features.py first seen with mtime 1733464571.4785724
File C:\Users\admin\AppData\Local\Programs\Python\Python39\Lib\heapq.py first seen with mtime 1652795110.0
File D:\BaseDjango\MuzeyProject\.venv\Lib\site-packages\django\core\checks\messages.py first seen with mtime 1733464571.3473194
File D:\BaseDjango\MuzeyProject\.venv\Lib\site-packages\django\utils\asyncio.py first seen with mtime 1733464571.7491639
File C:\Users\admin\AppData\Local\Programs\Python\Python39\Lib\asyncio\__init__.py first seen with mtime 1652795110.0
File D:\BaseDjango\MuzeyProject\.venv\Lib\site-packages\django\views\decorators\csrf.py first seen with mtime 1733464571.781283
File C:\Users\admin\AppData\Local\Programs\Python\Python39\Lib\json\encoder.py first seen with mtime 1652795110.0
File C:\Users\admin\AppData\Local\Programs\Python\Python39\Lib\json\scanner.py first seen with mtime 1652795110.0
File C:\Users\admin\AppData\Local\Programs\Python\Python39\Lib\urllib\request.py first seen with mtime 1652795112.0
File D:\BaseDjango\MuzeyProject\MuzeyServer\manage.py first seen with mtime 1733464675.8608496
File D:\BaseDjango\MuzeyProject\.venv\Lib\site-packages\django\core\files\move.py first seen with mtime 1733464571.3683424
File D:\BaseDjango\MuzeyProject\.venv\Lib\site-packages\sqlparse\__init__.py first seen with mtime 1733464568.118148
File C:\Users\admin\AppData\Local\Programs\Python\Python39\DLLs\_uuid.pyd first seen with mtime 1652795162.0
File D:\BaseDjango\MuzeyProject\.venv\Lib\site-packages\django\contrib\auth\admin.py first seen with mtime 1733464569.2343957
File C:\Users\admin\AppData\Local\Programs\Python\Python39\Lib\asyncio\futures.py first seen with mtime 1652795110.0
File C:\Users\admin\AppData\Local\Programs\Python\Python39\Lib\multiprocessing\context.py first seen with mtime 1652795110.0
File C:\Users\admin\AppData\Local\Programs\Python\Python39\Lib\string.py first seen with mtime 1652795110.0
File D:\BaseDjango\MuzeyProject\.venv\Lib\site-packages\django\db\backends\ddl_references.py first seen with mtime 1733464571.4745731
File D:\BaseDjango\MuzeyProject\.venv\Lib\site-packages\django\db\migrations\__init__.py first seen with mtime 1733464571.5156775
File D:\BaseDjango\MuzeyProject\.venv\Lib\site-packages\django\utils\formats.py first seen with mtime 1733464571.7592025
File C:\Users\admin\AppData\Local\Programs\Python\Python39\Lib\operator.py first seen with mtime 1652795110.0
File C:\Users\admin\AppData\Local\Programs\Python\Python39\Lib\secrets.py first seen with mtime 1652795110.0
File C:\Users\admin\AppData\Local\Programs\Python\Python39\Lib\wsgiref\headers.py first seen with mtime 1652795112.0
File C:\Users\admin\AppData\Local\Programs\Python\Python39\Lib\ast.py first seen with mtime 1652795110.0
File D:\BaseDjango\MuzeyProject\.venv\Lib\site-packages\django\db\models\functions\__init__.py first seen with mtime 1733464571.5588002
File C:\Users\admin\AppData\Local\Programs\Python\Python39\Lib\sqlite3\__init__.py first seen with mtime 1652795110.0
File C:\Users\admin\AppData\Local\Programs\Python\Python39\Lib\asyncio\trsock.py first seen with mtime 1652795110.0
File C:\Users\admin\AppData\Local\Programs\Python\Python39\Lib\subprocess.py first seen with mtime 1652795110.0
File D:\BaseDjango\MuzeyProject\.venv\Lib\site-packages\django\db\backends\sqlite3\__init__.py first seen with mtime 1733464571.5096555
File C:\Users\admin\AppData\Local\Programs\Python\Python39\Lib\_compat_pickle.py first seen with mtime 1652795110.0
File C:\Users\admin\AppData\Local\Programs\Python\Python39\Lib\ctypes\__init__.py first seen with mtime 1652795110.0
File C:\Users\admin\AppData\Local\Programs\Python\Python39\Lib\asyncio\staggered.py first seen with mtime 1652795110.0
File D:\BaseDjango\MuzeyProject\.venv\Lib\site-packages\django\templatetags\cache.py first seen with mtime 1733464571.7351434
File C:\Users\admin\AppData\Local\Programs\Python\Python39\Lib\importlib\abc.py first seen with mtime 1652795110.0
File D:\BaseDjango\MuzeyProject\.venv\Lib\site-packages\django\db\backends\base\__init__.py first seen with mtime 1733464571.476572
File C:\Users\admin\AppData\Local\Programs\Python\Python39\Lib\asyncio\base_events.py first seen with mtime 1652795110.0
File D:\BaseDjango\MuzeyProject\.venv\Lib\site-packages\django\contrib\admin\exceptions.py first seen with mtime 1733464568.6542668
File D:\BaseDjango\MuzeyProject\.venv\Lib\site-packages\django\shortcuts.py first seen with mtime 1733464568.4122136
File D:\BaseDjango\MuzeyProject\.venv\Lib\site-packages\django\contrib\staticfiles\apps.py first seen with mtime 1733464571.3092191
File C:\Users\admin\AppData\Local\Programs\Python\Python39\Lib\sre_constants.py first seen with mtime 1652795110.0
File D:\BaseDjango\MuzeyProject\.venv\Lib\site-packages\django\core\files\uploadhandler.py first seen with mtime 1733464571.3773606
File D:\BaseDjango\MuzeyProject\.venv\Lib\site-packages\django\contrib\staticfiles\finders.py first seen with mtime 1733464571.310219
File D:\BaseDjango\MuzeyProject\.venv\Lib\site-packages\django\core\handlers\exception.py first seen with mtime 1733464571.3843806
File C:\Users\admin\AppData\Local\Programs\Python\Python39\Lib\functools.py first seen with mtime 1652795110.0
File C:\Users\admin\AppData\Local\Programs\Python\Python39\Lib\http\client.py first seen with mtime 1652795110.0
File D:\BaseDjango\MuzeyProject\.venv\Lib\site-packages\django\middleware\security.py first seen with mtime 1733464571.7180846
File D:\BaseDjango\MuzeyProject\.venv\Lib\site-packages\sqlparse\filters\tokens.py first seen with mtime 1733464568.1301503
File D:\BaseDjango\MuzeyProject\.venv\Lib\site-packages\django\utils\version.py first seen with mtime 1733464571.7712417
File D:\BaseDjango\MuzeyProject\.venv\Lib\site-packages\django\db\migrations\operations\fields.py first seen with mtime 1733464571.5277197
File D:\BaseDjango\MuzeyProject\.venv\Lib\site-packages\django\utils\itercompat.py first seen with mtime 1733464571.763223
File C:\Users\admin\AppData\Local\Programs\Python\Python39\Lib\_collections_abc.py first seen with mtime 1652795110.0
File C:\Users\admin\AppData\Local\Programs\Python\Python39\Lib\email\charset.py first seen with mtime 1652795110.0
File C:\Users\admin\AppData\Local\Programs\Python\Python39\DLLs\unicodedata.pyd first seen with mtime 1652795164.0
File D:\BaseDjango\MuzeyProject\MuzeyServer\SearchMenu\models.py first seen with mtime 1733558091.3495717
File D:\BaseDjango\MuzeyProject\.venv\Lib\site-packages\django\template\defaultfilters.py first seen with mtime 1733464571.721085
File D:\BaseDjango\MuzeyProject\.venv\Lib\site-packages\django\db\migrations\migration.py first seen with mtime 1733464571.5216987
File C:\Users\admin\AppData\Local\Programs\Python\Python39\Lib\email\base64mime.py first seen with mtime 1652795110.0
File D:\BaseDjango\MuzeyProject\.venv\Lib\site-packages\django\contrib\staticfiles\checks.py first seen with mtime 1733464571.310219
File D:\BaseDjango\MuzeyProject\MuzeyServer\send_email\views.py first seen with mtime 1742412420.7548673
File C:\Users\admin\AppData\Local\Programs\Python\Python39\Lib\hmac.py first seen with mtime 1652795110.0
File D:\BaseDjango\MuzeyProject\.venv\Lib\site-packages\django\contrib\sites\__init__.py first seen with mtime 1733464571.1477766
File D:\BaseDjango\MuzeyProject\.venv\Lib\site-packages\django\db\models\constraints.py first seen with mtime 1733464571.5327415
File C:\Users\admin\AppData\Local\Programs\Python\Python39\DLLs\_asyncio.pyd first seen with mtime 1652795162.0
File C:\Users\admin\AppData\Local\Programs\Python\Python39\Lib\email\_policybase.py first seen with mtime 1652795110.0
File D:\BaseDjango\MuzeyProject\.venv\Lib\site-packages\django\contrib\admin\options.py first seen with mtime 1733464568.6572673
File C:\Users\admin\AppData\Local\Programs\Python\Python39\Lib\zoneinfo\__init__.py first seen with mtime 1652795112.0
File D:\BaseDjango\MuzeyProject\.venv\Lib\site-packages\django\conf\__init__.py first seen with mtime 1733464568.4142137
File C:\Users\admin\AppData\Local\Programs\Python\Python39\Lib\numbers.py first seen with mtime 1652795110.0
File D:\BaseDjango\MuzeyProject\.venv\Lib\site-packages\django\core\files\storage\memory.py first seen with mtime 1733464571.3813818
File D:\BaseDjango\MuzeyProject\.venv\Lib\site-packages\django\utils\duration.py first seen with mtime 1733464571.7572038
File C:\Users\admin\AppData\Local\Programs\Python\Python39\Lib\concurrent\__init__.py first seen with mtime 1652795110.0
File D:\BaseDjango\MuzeyProject\.venv\Lib\site-packages\django\utils\ipv6.py first seen with mtime 1733464571.7622032
File D:\BaseDjango\MuzeyProject\.venv\Lib\site-packages\django\views\decorators\__init__.py first seen with mtime 1733464571.7792625
File D:\BaseDjango\MuzeyProject\MuzeyServer\Base\__init__.py first seen with mtime 1733464812.04993
File D:\BaseDjango\MuzeyProject\.venv\Lib\site-packages\django\contrib\messages\api.py first seen with mtime 1733464570.721454
File D:\BaseDjango\MuzeyProject\.venv\Lib\site-packages\django\utils\deprecation.py first seen with mtime 1733464571.7561831
File D:\BaseDjango\MuzeyProject\.venv\Lib\site-packages\django\core\wsgi.py first seen with mtime 1733464571.3342824
File D:\BaseDjango\MuzeyProject\.venv\Lib\site-packages\django\contrib\contenttypes\admin.py first seen with mtime 1733464569.397432
File D:\BaseDjango\MuzeyProject\.venv\Lib\site-packages\django\templatetags\tz.py first seen with mtime 1733464571.7371438
File D:\BaseDjango\MuzeyProject\.venv\Lib\site-packages\django\contrib\messages\apps.py first seen with mtime 1733464570.7224536
File C:\Users\admin\AppData\Local\Programs\Python\Python39\Lib\zoneinfo\_common.py first seen with mtime 1652795112.0
File D:\BaseDjango\MuzeyProject\MuzeyServer\Base\forms.py first seen with mtime 1738593210.2819538
File C:\Users\admin\AppData\Local\Programs\Python\Python39\Lib\asyncio\exceptions.py first seen with mtime 1652795110.0
File C:\Users\admin\AppData\Local\Programs\Python\Python39\Lib\wsgiref\__init__.py first seen with mtime 1652795112.0
File C:\Users\admin\AppData\Local\Programs\Python\Python39\Lib\asyncio\runners.py first seen with mtime 1652795110.0
File D:\BaseDjango\MuzeyProject\.venv\Lib\site-packages\PIL\features.py first seen with mtime 1733465807.0094292
File D:\BaseDjango\MuzeyProject\.venv\Lib\site-packages\django\contrib\sites\requests.py first seen with mtime 1733464571.1517773
File C:\Users\admin\AppData\Local\Programs\Python\Python39\Lib\email\__init__.py first seen with mtime 1652795110.0
File C:\Users\admin\AppData\Local\Programs\Python\Python39\Lib\weakref.py first seen with mtime 1652795112.0
File D:\BaseDjango\MuzeyProject\.venv\Lib\site-packages\sqlparse\exceptions.py first seen with mtime 1733464568.1201484
File D:\BaseDjango\MuzeyProject\.venv\Lib\site-packages\sqlparse\engine\filter_stack.py first seen with mtime 1733464568.125149
File C:\Users\admin\AppData\Local\Programs\Python\Python39\Lib\logging\__init__.py first seen with mtime 1652795110.0
File D:\BaseDjango\MuzeyProject\.venv\Lib\site-packages\django\core\mail\__init__.py first seen with mtime 1733464571.385381
File D:\BaseDjango\MuzeyProject\.venv\Lib\site-packages\django\template\loaders\app_directories.py first seen with mtime 1733464571.7311242
File C:\Users\admin\AppData\Local\Programs\Python\Python39\Lib\logging\config.py first seen with mtime 1652795110.0
File D:\BaseDjango\MuzeyProject\.venv\Lib\site-packages\django\db\models\fields\json.py first seen with mtime 1733464571.5447645
File D:\BaseDjango\MuzeyProject\.venv\Lib\site-packages\django\db\migrations\exceptions.py first seen with mtime 1733464571.5166779
File D:\BaseDjango\MuzeyProject\.venv\Lib\site-packages\django\contrib\messages\storage\base.py first seen with mtime 1733464570.726472
File C:\Users\admin\AppData\Local\Programs\Python\Python39\Lib\asyncio\proactor_events.py first seen with mtime 1652795110.0
File C:\Users\admin\AppData\Local\Programs\Python\Python39\Lib\asyncio\sslproto.py first seen with mtime 1652795110.0
File D:\BaseDjango\MuzeyProject\.venv\Lib\site-packages\django\core\cache\utils.py first seen with mtime 1733464571.3362825
File D:\BaseDjango\MuzeyProject\.venv\Lib\site-packages\django\db\models\fields\related_descriptors.py first seen with mtime 1733464571.5567992
File C:\Users\admin\AppData\Local\Programs\Python\Python39\Lib\email\iterators.py first seen with mtime 1652795110.0
File C:\Users\admin\AppData\Local\Programs\Python\Python39\Lib\asyncio\queues.py first seen with mtime 1652795110.0
File C:\Users\admin\AppData\Local\Programs\Python\Python39\Lib\encodings\__init__.py first seen with mtime 1652795110.0
File D:\BaseDjango\MuzeyProject\.venv\Lib\site-packages\django\contrib\admin\utils.py first seen with mtime 1733464568.659268
File D:\BaseDjango\MuzeyProject\.venv\Lib\site-packages\django\utils\module_loading.py first seen with mtime 1733464571.7652216
File D:\BaseDjango\MuzeyProject\.venv\Lib\site-packages\django\template\utils.py first seen with mtime 1733464571.7271051
File D:\BaseDjango\MuzeyProject\.venv\Lib\site-packages\django\utils\translation\reloader.py first seen with mtime 1733464571.7732427
File D:\BaseDjango\MuzeyProject\.venv\Lib\site-packages\django\contrib\admin\filters.py first seen with mtime 1733464568.6552672
File D:\BaseDjango\MuzeyProject\.venv\Lib\site-packages\django\contrib\staticfiles\management\__init__.py first seen with mtime 1733464571.3172204
File D:\BaseDjango\MuzeyProject\.venv\Lib\site-packages\django\core\checks\translation.py first seen with mtime 1733464571.3613224
File C:\Users\admin\AppData\Local\Programs\Python\Python39\Lib\stat.py first seen with mtime 1652795110.0
File D:\BaseDjango\MuzeyProject\.venv\Lib\site-packages\sqlparse\engine\grouping.py first seen with mtime 1733464568.125149
File C:\Users\admin\AppData\Local\Programs\Python\Python39\Lib\threading.py first seen with mtime 1652795112.0
File C:\Users\admin\AppData\Local\Programs\Python\Python39\Lib\importlib\machinery.py first seen with mtime 1652795110.0
File C:\Users\admin\AppData\Local\Programs\Python\Python39\Lib\http\cookies.py first seen with mtime 1652795110.0
File C:\Users\admin\AppData\Local\Programs\Python\Python39\Lib\reprlib.py first seen with mtime 1652795110.0
File D:\BaseDjango\MuzeyProject\MuzeyServer\SearchResult\models.py first seen with mtime 1742122438.618652
File D:\BaseDjango\MuzeyProject\.venv\Lib\site-packages\django\db\models\fields\proxy.py first seen with mtime 1733464571.5457647
File D:\BaseDjango\MuzeyProject\.venv\Lib\site-packages\django\template\loaders\base.py first seen with mtime 1733464571.7321243
File D:\BaseDjango\MuzeyProject\.venv\Lib\site-packages\django\contrib\staticfiles\management\commands\__init__.py first seen with mtime 1733464571.3182206
File C:\Users\admin\AppData\Local\Programs\Python\Python39\Lib\asyncio\constants.py first seen with mtime 1652795110.0
File D:\BaseDjango\MuzeyProject\.venv\Lib\site-packages\django\views\generic\detail.py first seen with mtime 1733464571.7862823
File D:\BaseDjango\MuzeyProject\.venv\Lib\site-packages\django\core\signing.py first seen with mtime 1733464571.3272624
File D:\BaseDjango\MuzeyProject\.venv\Lib\site-packages\django\core\checks\security\__init__.py first seen with mtime 1733464571.363323
File C:\Users\admin\AppData\Local\Programs\Python\Python39\Lib\_bootlocale.py first seen with mtime 1652795110.0
File C:\Users\admin\AppData\Local\Programs\Python\Python39\DLLs\_queue.pyd first seen with mtime 1652795162.0
File D:\BaseDjango\MuzeyProject\.venv\Lib\site-packages\django\utils\encoding.py first seen with mtime 1733464571.7582026
File D:\BaseDjango\MuzeyProject\.venv\Lib\site-packages\django\db\models\expressions.py first seen with mtime 1733464571.537743
File D:\BaseDjango\MuzeyProject\.venv\Lib\site-packages\django\db\migrations\operations\base.py first seen with mtime 1733464571.5277197
File D:\BaseDjango\MuzeyProject\.venv\Lib\site-packages\django\db\models\aggregates.py first seen with mtime 1733464571.5307207
File C:\Users\admin\AppData\Local\Programs\Python\Python39\Lib\email\mime\text.py first seen with mtime 1652795110.0
File D:\BaseDjango\MuzeyProject\.venv\Lib\site-packages\sqlparse\filters\reindent.py first seen with mtime 1733464568.12915
File D:\BaseDjango\MuzeyProject\.venv\Lib\site-packages\django\db\models\__init__.py first seen with mtime 1733464571.5297203
File C:\Users\admin\AppData\Local\Programs\Python\Python39\Lib\http\__init__.py first seen with mtime 1652795110.0
File D:\BaseDjango\MuzeyProject\.venv\Lib\site-packages\django\core\files\storage\filesystem.py first seen with mtime 1733464571.3803613
File C:\Users\admin\AppData\Local\Programs\Python\Python39\Lib\email\quoprimime.py first seen with mtime 1652795110.0
File C:\Users\admin\AppData\Local\Programs\Python\Python39\Lib\asyncio\streams.py first seen with mtime 1652795110.0
File D:\BaseDjango\MuzeyProject\.venv\Lib\site-packages\django\contrib\contenttypes\views.py first seen with mtime 1733464569.401433
File C:\Users\admin\AppData\Local\Programs\Python\Python39\Lib\sqlite3\dbapi2.py first seen with mtime 1652795110.0
File D:\BaseDjango\MuzeyProject\MuzeyServer\MuzeyServer\urls.py first seen with mtime 1742123548.7479253
File C:\Users\admin\AppData\Local\Programs\Python\Python39\Lib\email\generator.py first seen with mtime 1652795110.0
File C:\Users\admin\AppData\Local\Programs\Python\Python39\Lib\re.py first seen with mtime 1652795110.0
File D:\BaseDjango\MuzeyProject\.venv\Lib\site-packages\django\contrib\admin\views\__init__.py first seen with mtime 1733464569.087363
File C:\Users\admin\AppData\Local\Programs\Python\Python39\DLLs\_sqlite3.pyd first seen with mtime 1652795162.0
File D:\BaseDjango\MuzeyProject\.venv\Lib\site-packages\django\contrib\sessions\__init__.py first seen with mtime 1733464570.9933245
File D:\BaseDjango\MuzeyProject\.venv\Lib\site-packages\django\views\generic\list.py first seen with mtime 1733464571.7873027
File C:\Users\admin\AppData\Local\Programs\Python\Python39\Lib\nturl2path.py first seen with mtime 1652795110.0
File D:\BaseDjango\MuzeyProject\.venv\Lib\site-packages\django\utils\_os.py first seen with mtime 1733464571.7471642
File D:\BaseDjango\MuzeyProject\.venv\Lib\site-packages\django\middleware\csrf.py first seen with mtime 1733464571.715063
File D:\BaseDjango\MuzeyProject\.venv\Lib\site-packages\django\contrib\auth\password_validation.py first seen with mtime 1733464569.2423975
File C:\Users\admin\AppData\Local\Programs\Python\Python39\Lib\wsgiref\util.py first seen with mtime 1652795112.0
File C:\Users\admin\AppData\Local\Programs\Python\Python39\Lib\asyncio\tasks.py first seen with mtime 1652795110.0
File C:\Users\admin\AppData\Local\Programs\Python\Python39\Lib\struct.py first seen with mtime 1652795110.0
File D:\BaseDjango\MuzeyProject\.venv\Lib\site-packages\django\db\backends\sqlite3\base.py first seen with mtime 1733464571.5106559
File D:\BaseDjango\MuzeyProject\.venv\Lib\site-packages\django\db\models\fields\mixins.py first seen with mtime 1733464571.5457647
File D:\BaseDjango\MuzeyProject\.venv\Lib\site-packages\django\views\generic\edit.py first seen with mtime 1733464571.7873027
File C:\Users\admin\AppData\Local\Programs\Python\Python39\Lib\email\contentmanager.py first seen with mtime 1652795110.0
File C:\Users\admin\AppData\Local\Programs\Python\Python39\Lib\lzma.py first seen with mtime 1652795110.0
File D:\BaseDjango\MuzeyProject\.venv\Lib\site-packages\django\template\autoreload.py first seen with mtime 1733464571.7190845
File D:\BaseDjango\MuzeyProject\.venv\Lib\site-packages\django\template\loaders\__init__.py first seen with mtime 1733464571.7311242
File D:\BaseDjango\MuzeyProject\.venv\Lib\site-packages\django\template\smartif.py first seen with mtime 1733464571.726105
File C:\Users\admin\AppData\Local\Programs\Python\Python39\Lib\fnmatch.py first seen with mtime 1652795110.0
File D:\BaseDjango\MuzeyProject\.venv\Lib\site-packages\django\templatetags\l10n.py first seen with mtime 1733464571.7361436
File C:\Users\admin\AppData\Local\Programs\Python\Python39\Lib\email\_parseaddr.py first seen with mtime 1652795110.0
File C:\Users\admin\AppData\Local\Programs\Python\Python39\DLLs\_ssl.pyd first seen with mtime 1652795162.0
File C:\Users\admin\AppData\Local\Programs\Python\Python39\Lib\urllib\error.py first seen with mtime 1652795112.0
File D:\BaseDjango\MuzeyProject\.venv\Lib\site-packages\django\db\migrations\operations\special.py first seen with mtime 1733464571.5297203
File C:\Users\admin\AppData\Local\Programs\Python\Python39\Lib\multiprocessing\process.py first seen with mtime 1652795110.0
File D:\BaseDjango\MuzeyProject\.venv\Lib\site-packages\django\contrib\admin\views\main.py first seen with mtime 1733464569.0893638
File C:\Users\admin\AppData\Local\Programs\Python\Python39\Lib\ntpath.py first seen with mtime 1652795110.0
File D:\BaseDjango\MuzeyProject\.venv\Lib\site-packages\django\core\checks\caches.py first seen with mtime 1733464571.3453188
File C:\Users\admin\AppData\Local\Programs\Python\Python39\Lib\importlib\util.py first seen with mtime 1652795110.0
File D:\BaseDjango\MuzeyProject\.venv\Lib\site-packages\django\contrib\auth\hashers.py first seen with mtime 1733464569.2403972
File D:\BaseDjango\MuzeyProject\.venv\Lib\site-packages\PIL\ImageFont.py first seen with mtime 1733465806.9474156
File D:\BaseDjango\MuzeyProject\.venv\Lib\site-packages\PIL\_deprecate.py first seen with mtime 1733465806.979422
File D:\BaseDjango\MuzeyProject\.venv\Lib\site-packages\django\contrib\staticfiles\__init__.py first seen with mtime 1733464571.3092191
File C:\Users\admin\AppData\Local\Programs\Python\Python39\DLLs\_decimal.pyd first seen with mtime 1652795162.0
File C:\Users\admin\AppData\Local\Programs\Python\Python39\Lib\ctypes\wintypes.py first seen with mtime 1652795110.0
File C:\Users\admin\AppData\Local\Programs\Python\Python39\Lib\pickle.py first seen with mtime 1652795110.0
File C:\Users\admin\AppData\Local\Programs\Python\Python39\Lib\json\__init__.py first seen with mtime 1652795110.0
File D:\BaseDjango\MuzeyProject\.venv\Lib\site-packages\PIL\_util.py first seen with mtime 1733465807.0054276
File D:\BaseDjango\MuzeyProject\.venv\Lib\site-packages\sqlparse\engine\__init__.py first seen with mtime 1733464568.1241488
File D:\BaseDjango\MuzeyProject\.venv\Lib\site-packages\django\db\backends\sqlite3\features.py first seen with mtime 1733464571.5126562
File D:\BaseDjango\MuzeyProject\.venv\Lib\site-packages\sqlparse\filters\output.py first seen with mtime 1733464568.1281497
File D:\BaseDjango\MuzeyProject\.venv\Lib\site-packages\django\core\files\uploadedfile.py first seen with mtime 1733464571.3773606
File D:\BaseDjango\MuzeyProject\.venv\Lib\site-packages\django\core\files\storage\__init__.py first seen with mtime 1733464571.379361
File C:\Users\admin\AppData\Local\Programs\Python\Python39\Lib\genericpath.py first seen with mtime 1652795110.0
File D:\BaseDjango\MuzeyProject\MuzeyServer\GamesList\__init__.py first seen with mtime 1733464820.7313454
File D:\BaseDjango\MuzeyProject\.venv\Lib\site-packages\django\views\i18n.py first seen with mtime 1733464571.7782624
File C:\Users\admin\AppData\Local\Programs\Python\Python39\Lib\platform.py first seen with mtime 1652795110.0
File D:\BaseDjango\MuzeyProject\.venv\Lib\site-packages\django\contrib\auth\models.py first seen with mtime 1733464569.2413974
File C:\Users\admin\AppData\Local\Programs\Python\Python39\Lib\ssl.py first seen with mtime 1652795110.0
File D:\BaseDjango\MuzeyProject\.venv\Lib\site-packages\django\template\backends\base.py first seen with mtime 1733464571.7281253
File D:\BaseDjango\MuzeyProject\.venv\Lib\site-packages\django\views\generic\dates.py first seen with mtime 1733464571.785282
File C:\Users\admin\AppData\Local\Programs\Python\Python39\Lib\contextvars.py first seen with mtime 1652795110.0
File D:\BaseDjango\MuzeyProject\.venv\Lib\site-packages\django\core\mail\utils.py first seen with mtime 1733464571.386381
File D:\BaseDjango\MuzeyProject\.venv\Lib\site-packages\django\forms\__init__.py first seen with mtime 1733464571.57386
File C:\Users\admin\AppData\Local\Programs\Python\Python39\Lib\bz2.py first seen with mtime 1652795110.0
File D:\BaseDjango\MuzeyProject\.venv\Lib\site-packages\django\core\handlers\wsgi.py first seen with mtime 1733464571.3843806
File D:\BaseDjango\MuzeyProject\.venv\Lib\site-packages\django\forms\forms.py first seen with mtime 1733464571.57586
File D:\BaseDjango\MuzeyProject\.venv\Lib\site-packages\django\contrib\admin\widgets.py first seen with mtime 1733464568.6602683
File D:\BaseDjango\MuzeyProject\.venv\Lib\site-packages\django\db\backends\utils.py first seen with mtime 1733464571.475572
File D:\BaseDjango\MuzeyProject\.venv\Lib\site-packages\django\db\models\query_utils.py first seen with mtime 1733464571.5417435
File D:\BaseDjango\MuzeyProject\MuzeyServer\GamesList\admin.py first seen with mtime 1733464820.7233436
File C:\Users\admin\AppData\Local\Programs\Python\Python39\Lib\email\mime\message.py first seen with mtime 1652795110.0
File D:\BaseDjango\MuzeyProject\.venv\Lib\site-packages\django\utils\crypto.py first seen with mtime 1733464571.7521827
File C:\Users\admin\AppData\Local\Programs\Python\Python39\Lib\collections\__init__.py first seen with mtime 1652795110.0
File D:\BaseDjango\MuzeyProject\.venv\Lib\site-packages\sqlparse\sql.py first seen with mtime 1733464568.1231487
File C:\Users\admin\AppData\Local\Programs\Python\Python39\Lib\email\mime\nonmultipart.py first seen with mtime 1652795110.0
File D:\BaseDjango\MuzeyProject\.venv\Lib\site-packages\django\db\models\options.py first seen with mtime 1733464571.5407434
File C:\Users\admin\AppData\Local\Programs\Python\Python39\Lib\bisect.py first seen with mtime 1652795110.0
File D:\BaseDjango\MuzeyProject\.venv\Lib\site-packages\django\core\__init__.py first seen with mtime 1733464571.3242414
File D:\BaseDjango\MuzeyProject\.venv\Lib\site-packages\asgiref\local.py first seen with mtime 1733464568.2531781
File C:\Users\admin\AppData\Local\Programs\Python\Python39\Lib\linecache.py first seen with mtime 1652795110.0
File D:\BaseDjango\MuzeyProject\.venv\Lib\site-packages\django\utils\dateparse.py first seen with mtime 1733464571.7541828
File D:\BaseDjango\MuzeyProject\.venv\Lib\site-packages\django\contrib\admin\sites.py first seen with mtime 1733464568.6582677
File C:\Users\admin\AppData\Local\Programs\Python\Python39\Lib\asyncio\subprocess.py first seen with mtime 1652795110.0
File C:\Users\admin\AppData\Local\Programs\Python\Python39\Lib\tokenize.py first seen with mtime 1652795112.0
File D:\BaseDjango\MuzeyProject\.venv\Lib\site-packages\django\db\models\lookups.py first seen with mtime 1733464571.538743
File D:\BaseDjango\MuzeyProject\.venv\Lib\site-packages\django\db\models\fields\__init__.py first seen with mtime 1733464571.5437646
File D:\BaseDjango\MuzeyProject\.venv\Lib\site-packages\PIL\_binary.py first seen with mtime 1733465806.9784217
File D:\BaseDjango\MuzeyProject\.venv\Lib\site-packages\django\contrib\admin\apps.py first seen with mtime 1733464568.6522663
File D:\BaseDjango\MuzeyProject\.venv\Lib\site-packages\django\db\models\constants.py first seen with mtime 1733464571.5317433
File D:\BaseDjango\MuzeyProject\.venv\Lib\site-packages\django\core\serializers\json.py first seen with mtime 1733464571.4675303
File D:\BaseDjango\MuzeyProject\.venv\Lib\site-packages\django\utils\cache.py first seen with mtime 1733464571.751184
File D:\BaseDjango\MuzeyProject\.venv\Lib\site-packages\django\core\checks\security\sessions.py first seen with mtime 1733464571.365342
File C:\Users\admin\AppData\Local\Programs\Python\Python39\Lib\token.py first seen with mtime 1652795112.0
File D:\BaseDjango\MuzeyProject\.venv\Lib\site-packages\django\template\loaders\cached.py first seen with mtime 1733464571.7321243
File D:\BaseDjango\MuzeyProject\.venv\Lib\site-packages\_virtualenv.py first seen with mtime 1733464431.870555
File D:\BaseDjango\MuzeyProject\.venv\Lib\site-packages\django\contrib\auth\middleware.py first seen with mtime 1733464569.2403972
File C:\Users\admin\AppData\Local\Programs\Python\Python39\DLLs\_hashlib.pyd first seen with mtime 1652795162.0
File C:\Users\admin\AppData\Local\Programs\Python\Python39\Lib\asyncio\events.py first seen with mtime 1652795110.0
File C:\Users\admin\AppData\Local\Programs\Python\Python39\Lib\asyncio\locks.py first seen with mtime 1652795110.0
File D:\BaseDjango\MuzeyProject\.venv\Lib\site-packages\django\views\__init__.py first seen with mtime 1733464571.7752633
File D:\BaseDjango\MuzeyProject\.venv\Lib\site-packages\django\utils\inspect.py first seen with mtime 1733464571.7622032
File D:\BaseDjango\MuzeyProject\.venv\Lib\site-packages\sqlparse\filters\__init__.py first seen with mtime 1733464568.1271496
File D:\BaseDjango\MuzeyProject\.venv\Lib\site-packages\django\db\models\query.py first seen with mtime 1733464571.5407434
File D:\BaseDjango\MuzeyProject\.venv\Lib\site-packages\django\core\checks\security\base.py first seen with mtime 1733464571.3643432
File D:\BaseDjango\MuzeyProject\.venv\Lib\site-packages\sqlparse\filters\aligned_indent.py first seen with mtime 1733464568.1271496
File C:\Users\admin\AppData\Local\Programs\Python\Python39\Lib\uuid.py first seen with mtime 1652795112.0
File D:\BaseDjango\MuzeyProject\MuzeyServer\SearchMenu\__init__.py first seen with mtime 1733464938.664223
File D:\BaseDjango\MuzeyProject\.venv\Lib\site-packages\django\core\cache\backends\base.py first seen with mtime 1733464571.3373022
File D:\BaseDjango\MuzeyProject\.venv\Lib\site-packages\django\forms\fields.py first seen with mtime 1733464571.5748599
File D:\BaseDjango\MuzeyProject\.venv\Lib\site-packages\django\contrib\contenttypes\models.py first seen with mtime 1733464569.401433
File D:\BaseDjango\MuzeyProject\.venv\Lib\site-packages\django\urls\conf.py first seen with mtime 1733464571.7441454
File D:\BaseDjango\MuzeyProject\.venv\Lib\site-packages\django\core\files\__init__.py first seen with mtime 1733464571.3663418
File D:\BaseDjango\MuzeyProject\.venv\Lib\site-packages\django\template\backends\__init__.py first seen with mtime 1733464571.7271051
File C:\Users\admin\AppData\Local\Programs\Python\Python39\Lib\decimal.py first seen with mtime 1652795110.0
File C:\Users\admin\AppData\Local\Programs\Python\Python39\Lib\email\mime\multipart.py first seen with mtime 1652795110.0
File D:\BaseDjango\MuzeyProject\.venv\Lib\site-packages\PIL\TiffTags.py first seen with mtime 1733465806.973421
File D:\BaseDjango\MuzeyProject\.venv\Lib\site-packages\django\contrib\auth\apps.py first seen with mtime 1733464569.235396
File D:\BaseDjango\MuzeyProject\.venv\Lib\site-packages\django\db\utils.py first seen with mtime 1733464571.473553
File D:\BaseDjango\MuzeyProject\.venv\Lib\site-packages\django\middleware\cache.py first seen with mtime 1733464571.7130628
File D:\BaseDjango\MuzeyProject\.venv\Lib\site-packages\django\contrib\admin\templatetags\admin_list.py first seen with mtime 1733464569.0843625
File C:\Users\admin\AppData\Local\Programs\Python\Python39\Lib\locale.py first seen with mtime 1652795110.0
File D:\BaseDjango\MuzeyProject\.venv\Lib\site-packages\sqlparse\keywords.py first seen with mtime 1733464568.1211486
File C:\Users\admin\AppData\Local\Programs\Python\Python39\Lib\html\entities.py first seen with mtime 1652795110.0
File D:\BaseDjango\MuzeyProject\.venv\Lib\site-packages\django\db\models\base.py first seen with mtime 1733464571.5317433
File D:\BaseDjango\MuzeyProject\.venv\Lib\site-packages\django\views\debug.py first seen with mtime 1733464571.7772622
File D:\BaseDjango\MuzeyProject\.venv\Lib\site-packages\django\http\__init__.py first seen with mtime 1733464571.7100637
File D:\BaseDjango\MuzeyProject\.venv\Lib\site-packages\django\utils\http.py first seen with mtime 1733464571.7612028
File D:\BaseDjango\MuzeyProject\.venv\Lib\site-packages\django\core\serializers\python.py first seen with mtime 1733464571.4695525
File D:\BaseDjango\MuzeyProject\.venv\Lib\site-packages\django\contrib\admin\templatetags\__init__.py first seen with mtime 1733464569.083362
File D:\BaseDjango\MuzeyProject\.venv\Lib\site-packages\django\core\servers\basehttp.py first seen with mtime 1733464571.4715526
File C:\Users\admin\AppData\Local\Programs\Python\Python39\Lib\urllib\response.py first seen with mtime 1652795112.0
File D:\BaseDjango\MuzeyProject\.venv\Lib\site-packages\django\core\management\commands\runserver.py first seen with mtime 1733464571.4595292
File C:\Users\admin\AppData\Local\Programs\Python\Python39\Lib\asyncio\coroutines.py first seen with mtime 1652795110.0
File D:\BaseDjango\MuzeyProject\.venv\Lib\site-packages\django\views\generic\__init__.py first seen with mtime 1733464571.7842817
File D:\BaseDjango\MuzeyProject\.venv\Lib\site-packages\django\core\files\storage\handler.py first seen with mtime 1733464571.3803613
File C:\Users\admin\AppData\Local\Programs\Python\Python39\DLLs\_bz2.pyd first seen with mtime 1652795172.0
File C:\Users\admin\AppData\Local\Programs\Python\Python39\Lib\concurrent\futures\thread.py first seen with mtime 1652795110.0
File C:\Users\admin\AppData\Local\Programs\Python\Python39\Lib\inspect.py first seen with mtime 1652795110.0
File D:\BaseDjango\MuzeyProject\MuzeyServer\SearchMenu\admin.py first seen with mtime 1733464938.6552207
File D:\BaseDjango\MuzeyProject\.venv\Lib\site-packages\django\contrib\admin\templatetags\admin_modify.py first seen with mtime 1733464569.0853627
File C:\Users\admin\AppData\Local\Programs\Python\Python39\DLLs\_zoneinfo.pyd first seen with mtime 1652795162.0
File D:\BaseDjango\MuzeyProject\.venv\Lib\site-packages\django\views\decorators\debug.py first seen with mtime 1733464571.7822816
File C:\Users\admin\AppData\Local\Programs\Python\Python39\Lib\http\server.py first seen with mtime 1652795110.0
File D:\BaseDjango\MuzeyProject\.venv\Lib\site-packages\sqlparse\filters\others.py first seen with mtime 1733464568.1281497
File D:\BaseDjango\MuzeyProject\MuzeyServer\GamesList\views.py first seen with mtime 1742135042.3997183
File C:\Users\admin\AppData\Local\Programs\Python\Python39\Lib\email\policy.py first seen with mtime 1652795110.0
File C:\Users\admin\AppData\Local\Programs\Python\Python39\Lib\posixpath.py first seen with mtime 1652795110.0
File D:\BaseDjango\MuzeyProject\.venv\Lib\site-packages\django\template\defaulttags.py first seen with mtime 1733464571.722106
File D:\BaseDjango\MuzeyProject\MuzeyServer\Base\admin.py first seen with mtime 1742129082.4737725
File D:\BaseDjango\MuzeyProject\.venv\Lib\site-packages\django\utils\lorem_ipsum.py first seen with mtime 1733464571.7652216
File D:\BaseDjango\MuzeyProject\.venv\Lib\site-packages\django\views\decorators\common.py first seen with mtime 1733464571.781283
File D:\BaseDjango\MuzeyProject\.venv\Lib\site-packages\django\utils\log.py first seen with mtime 1733464571.7642217
File D:\BaseDjango\MuzeyProject\.venv\Lib\site-packages\django\utils\translation\trans_real.py first seen with mtime 1733464571.7752633
File C:\Users\admin\AppData\Local\Programs\Python\Python39\Lib\signal.py first seen with mtime 1652795110.0
File C:\Users\admin\AppData\Local\Programs\Python\Python39\Lib\importlib\__init__.py first seen with mtime 1652795110.0
File C:\Users\admin\AppData\Local\Programs\Python\Python39\Lib\urllib\parse.py first seen with mtime 1652795112.0
File D:\BaseDjango\MuzeyProject\.venv\Lib\site-packages\django\db\models\signals.py first seen with mtime 1733464571.5427656
File D:\BaseDjango\MuzeyProject\MuzeyServer\templates\game_1.html first seen with mtime 1741426684.985973
File D:\BaseDjango\MuzeyProject\MuzeyServer\templates\game_2.html first seen with mtime 1741426410.3674054
File D:\BaseDjango\MuzeyProject\MuzeyServer\templates\game_3.html first seen with mtime 1741807144.2613888
File D:\BaseDjango\MuzeyProject\MuzeyServer\templates\game_4.html first seen with mtime 1741426410.3684058
File D:\BaseDjango\MuzeyProject\MuzeyServer\templates\game_5.html first seen with mtime 1741426410.3684058
File D:\BaseDjango\MuzeyProject\MuzeyServer\templates\game_6.html first seen with mtime 1741426410.3694053
File D:\BaseDjango\MuzeyProject\MuzeyServer\templates\game_7.html first seen with mtime 1741426410.3704062
File D:\BaseDjango\MuzeyProject\MuzeyServer\templates\index.html first seen with mtime 1742129546.125297
File D:\BaseDjango\MuzeyProject\MuzeyServer\templates\login.html first seen with mtime 1742126128.8308303
File D:\BaseDjango\MuzeyProject\MuzeyServer\templates\page1.html first seen with mtime 1742315093.0240977
File D:\BaseDjango\MuzeyProject\MuzeyServer\templates\page2.html first seen with mtime 1739371559.2016268
File D:\BaseDjango\MuzeyProject\MuzeyServer\templates\page3.html first seen with mtime 1742125008.8995664
File D:\BaseDjango\MuzeyProject\MuzeyServer\templates\register_visitor.html first seen with mtime 1738683858.7223306
File D:\BaseDjango\MuzeyProject\MuzeyServer\templates\send_email.html first seen with mtime 1742128846.3268332
File D:\BaseDjango\MuzeyProject\MuzeyServer\templates\video_r1.html first seen with mtime 1738680981.7228174
File D:\BaseDjango\MuzeyProject\MuzeyServer\templates\video_r2.html first seen with mtime 1739605313.5841815
File D:\BaseDjango\MuzeyProject\MuzeyServer\templates\video_r3.html first seen with mtime 1739605345.5963705
File D:\BaseDjango\MuzeyProject\MuzeyServer\templates\video_r4.html first seen with mtime 1739605347.1947796
File D:\BaseDjango\MuzeyProject\MuzeyServer\templates\video_r5.html first seen with mtime 1739605313.553174
Exception while resolving variable 'logout_message' in template 'index.html'.
Traceback (most recent call last):
  File "D:\BaseDjango\MuzeyProject\.venv\lib\site-packages\django\template\base.py", line 880, in _resolve_lookup
    current = current[bit]
  File "D:\BaseDjango\MuzeyProject\.venv\lib\site-packages\django\template\context.py", line 83, in __getitem__
    raise KeyError(key)
KeyError: 'logout_message'

During handling of the above exception, another exception occurred:

Traceback (most recent call last):
  File "D:\BaseDjango\MuzeyProject\.venv\lib\site-packages\django\template\base.py", line 886, in _resolve_lookup
    if isinstance(current, BaseContext) and getattr(
AttributeError: type object 'RequestContext' has no attribute 'logout_message'

During handling of the above exception, another exception occurred:

Traceback (most recent call last):
  File "D:\BaseDjango\MuzeyProject\.venv\lib\site-packages\django\template\base.py", line 896, in _resolve_lookup
    current = current[int(bit)]
ValueError: invalid literal for int() with base 10: 'logout_message'

During handling of the above exception, another exception occurred:

Traceback (most recent call last):
  File "D:\BaseDjango\MuzeyProject\.venv\lib\site-packages\django\template\base.py", line 903, in _resolve_lookup
    raise VariableDoesNotExist(
django.template.base.VariableDoesNotExist: Failed lookup for key [logout_message] in [{'True': True, 'False': False, 'None': None}, {'csrf_token': <SimpleLazyObject: <function csrf.<locals>._get_val at 0x000001F6D72278B0>>, 'request': <WSGIRequest: GET '/'>, 'user': <SimpleLazyObject: <function AuthenticationMiddleware.process_request.<locals>.<lambda> at 0x000001F6D7227790>>, 'perms': PermWrapper(<SimpleLazyObject: <function AuthenticationMiddleware.process_request.<locals>.<lambda> at 0x000001F6D7227790>>), 'messages': <FallbackStorage: request=<WSGIRequest: GET '/'>>, 'DEFAULT_MESSAGE_LEVELS': {'DEBUG': 10, 'INFO': 20, 'SUCCESS': 25, 'WARNING': 30, 'ERROR': 40}}, {}]
"GET / HTTP/1.1" 200 12558
File D:\BaseDjango\MuzeyProject\.venv\Lib\site-packages\django\contrib\messages\context_processors.py first seen with mtime 1733464570.7234538
File D:\BaseDjango\MuzeyProject\.venv\Lib\site-packages\django\contrib\admin\migrations\__init__.py first seen with mtime 1733464568.9733384
File D:\BaseDjango\MuzeyProject\MuzeyServer\SearchResult\migrations\__init__.py first seen with mtime 1733465047.6754563
File D:\BaseDjango\MuzeyProject\.venv\Lib\site-packages\django\contrib\auth\migrations\0003_alter_user_email_max_length.py first seen with mtime 1733464569.3894303
File D:\BaseDjango\MuzeyProject\.venv\Lib\site-packages\django\db\migrations\executor.py first seen with mtime 1733464571.5166779
File D:\BaseDjango\MuzeyProject\MuzeyServer\Base\migrations\__init__.py first seen with mtime 1733464812.0509298
File D:\BaseDjango\MuzeyProject\.venv\Lib\site-packages\django\contrib\auth\migrations\0007_alter_validators_add_error_messages.py first seen with mtime 1733464569.392431
File D:\BaseDjango\MuzeyProject\.venv\Lib\site-packages\django\contrib\messages\storage\cookie.py first seen with mtime 1733464570.726472
File D:\BaseDjango\MuzeyProject\.venv\Lib\site-packages\django\db\models\sql\compiler.py first seen with mtime 1733464571.5678396
File D:\BaseDjango\MuzeyProject\.venv\Lib\site-packages\django\contrib\contenttypes\migrations\__init__.py first seen with mtime 1733464569.5384636
File D:\BaseDjango\MuzeyProject\MuzeyServer\Base\migrations\0002_remove_playerprofile_user_delete_customuser_and_more.py first seen with mtime 1742129920.714744
File D:\BaseDjango\MuzeyProject\.venv\Lib\site-packages\django\db\migrations\graph.py first seen with mtime 1733464571.517678
File D:\BaseDjango\MuzeyProject\.venv\Lib\site-packages\django\middleware\common.py first seen with mtime 1733464571.715063
File D:\BaseDjango\MuzeyProject\.venv\Lib\site-packages\django\contrib\auth\migrations\0001_initial.py first seen with mtime 1733464569.38843
File D:\BaseDjango\MuzeyProject\.venv\Lib\site-packages\django\contrib\messages\storage\fallback.py first seen with mtime 1733464570.727472
File D:\BaseDjango\MuzeyProject\.venv\Lib\site-packages\django\template\context_processors.py first seen with mtime 1733464571.721085
File D:\BaseDjango\MuzeyProject\.venv\Lib\site-packages\django\contrib\auth\context_processors.py first seen with mtime 1733464569.2383966
File D:\BaseDjango\MuzeyProject\.venv\Lib\site-packages\django\contrib\auth\migrations\0002_alter_permission_name_max_length.py first seen with mtime 1733464569.3894303
File D:\BaseDjango\MuzeyProject\.venv\Lib\site-packages\django\contrib\messages\storage\session.py first seen with mtime 1733464570.7284722
File D:\BaseDjango\MuzeyProject\.venv\Lib\site-packages\django\contrib\sessions\migrations\__init__.py first seen with mtime 1733464571.1427577
File D:\BaseDjango\MuzeyProject\.venv\Lib\site-packages\django\contrib\sessions\backends\base.py first seen with mtime 1733464570.998344
File D:\BaseDjango\MuzeyProject\MuzeyServer\GamesList\migrations\__init__.py first seen with mtime 1733464820.7323449
File D:\BaseDjango\MuzeyProject\.venv\Lib\site-packages\django\contrib\auth\migrations\0011_update_proxy_permissions.py first seen with mtime 1733464569.3944314
File D:\BaseDjango\MuzeyProject\.venv\Lib\site-packages\django\contrib\admin\migrations\0001_initial.py first seen with mtime 1733464568.9713373
File D:\BaseDjango\MuzeyProject\MuzeyServer\SearchResult\migrations\0001_initial.py first seen with mtime 1742122906.7394667
File D:\BaseDjango\MuzeyProject\.venv\Lib\site-packages\django\contrib\sessions\serializers.py first seen with mtime 1733464570.997325
File D:\BaseDjango\MuzeyProject\.venv\Lib\site-packages\django\contrib\auth\migrations\0010_alter_group_name_max_length.py first seen with mtime 1733464569.3934312
File D:\BaseDjango\MuzeyProject\.venv\Lib\site-packages\django\contrib\auth\migrations\0009_alter_user_last_name_max_length.py first seen with mtime 1733464569.3934312
File D:\BaseDjango\MuzeyProject\.venv\Lib\site-packages\django\contrib\messages\middleware.py first seen with mtime 1733464570.7234538
File D:\BaseDjango\MuzeyProject\MuzeyServer\Base\migrations\0001_initial.py first seen with mtime 1742122906.7414672
File C:\Users\admin\AppData\Local\Programs\Python\Python39\Lib\encodings\idna.py first seen with mtime 1652795110.0
File D:\BaseDjango\MuzeyProject\.venv\Lib\site-packages\django\middleware\clickjacking.py first seen with mtime 1733464571.7140627
File D:\BaseDjango\MuzeyProject\.venv\Lib\site-packages\django\db\migrations\recorder.py first seen with mtime 1733464571.523699
File D:\BaseDjango\MuzeyProject\.venv\Lib\site-packages\django\contrib\auth\migrations\0008_alter_user_username_max_length.py first seen with mtime 1733464569.392431
File D:\BaseDjango\MuzeyProject\.venv\Lib\site-packages\django\contrib\auth\migrations\0006_require_contenttypes_0002.py first seen with mtime 1733464569.3914306
File D:\BaseDjango\MuzeyProject\.venv\Lib\site-packages\django\contrib\auth\migrations\0004_alter_user_username_opts.py first seen with mtime 1733464569.3904307
File D:\BaseDjango\MuzeyProject\.venv\Lib\site-packages\django\db\migrations\loader.py first seen with mtime 1733464571.5186775
File D:\BaseDjango\MuzeyProject\MuzeyServer\SearchMenu\migrations\__init__.py first seen with mtime 1733464938.6652231
File D:\BaseDjango\MuzeyProject\.venv\Lib\site-packages\django\contrib\contenttypes\migrations\0001_initial.py first seen with mtime 1733464569.5374632
File C:\Users\admin\AppData\Local\Programs\Python\Python39\Lib\stringprep.py first seen with mtime 1652795110.0
File D:\BaseDjango\MuzeyProject\.venv\Lib\site-packages\django\contrib\auth\migrations\__init__.py first seen with mtime 1733464569.3954318
File D:\BaseDjango\MuzeyProject\.venv\Lib\site-packages\django\contrib\staticfiles\storage.py first seen with mtime 1733464571.3122194
File D:\BaseDjango\MuzeyProject\.venv\Lib\site-packages\django\contrib\contenttypes\migrations\0002_remove_content_type_name.py first seen with mtime 1733464569.5374632
File D:\BaseDjango\MuzeyProject\.venv\Lib\site-packages\django\contrib\admin\migrations\0003_logentry_add_action_flag_choices.py first seen with mtime 1733464568.9723375
File D:\BaseDjango\MuzeyProject\.venv\Lib\site-packages\django\contrib\sessions\backends\db.py first seen with mtime 1733464571.0003426
File D:\BaseDjango\MuzeyProject\.venv\Lib\site-packages\django\contrib\sessions\exceptions.py first seen with mtime 1733464570.9953246
File D:\BaseDjango\MuzeyProject\.venv\Lib\site-packages\django\contrib\auth\migrations\0012_alter_user_first_name_max_length.py first seen with mtime 1733464569.3944314
File D:\BaseDjango\MuzeyProject\.venv\Lib\site-packages\django\contrib\sessions\migrations\0001_initial.py first seen with mtime 1733464571.1417577
File D:\BaseDjango\MuzeyProject\MuzeyServer\MuzeyServer\wsgi.py first seen with mtime 1733464675.8638504
File D:\BaseDjango\MuzeyProject\.venv\Lib\site-packages\django\contrib\auth\migrations\0005_alter_user_last_login_null.py first seen with mtime 1733464569.3904307
File D:\BaseDjango\MuzeyProject\.venv\Lib\site-packages\django\contrib\admin\migrations\0002_logentry_remove_auto_add.py first seen with mtime 1733464568.9713373
(0.000) SELECT "django_session"."session_key", "django_session"."session_data", "django_session"."expire_date" FROM "django_session" WHERE ("django_session"."expire_date" > '2025-03-19 19:45:02.142055' AND "django_session"."session_key" = 'zr6p92ge2xc1ei0tkxa8to7dgxe7fp37') LIMIT 21; args=('2025-03-19 19:45:02.142055', 'zr6p92ge2xc1ei0tkxa8to7dgxe7fp37'); alias=default
(0.000) SELECT "auth_user"."id", "auth_user"."password", "auth_user"."last_login", "auth_user"."is_superuser", "auth_user"."username", "auth_user"."first_name", "auth_user"."last_name", "auth_user"."email", "auth_user"."is_staff", "auth_user"."is_active", "auth_user"."date_joined" FROM "auth_user" WHERE "auth_user"."id" = 1 LIMIT 21; args=(1,); alias=default
(0.000) SELECT "Base_gameresult"."id", "Base_gameresult"."user_id", "Base_gameresult"."score", "Base_gameresult"."date" FROM "Base_gameresult" WHERE "Base_gameresult"."user_id" = 1 LIMIT 1; args=(1,); alias=default
"GET /email/ HTTP/1.1" 200 3792
(0.000) SELECT "django_session"."session_key", "django_session"."session_data", "django_session"."expire_date" FROM "django_session" WHERE ("django_session"."expire_date" > '2025-03-19 19:45:09.081630' AND "django_session"."session_key" = 'zr6p92ge2xc1ei0tkxa8to7dgxe7fp37') LIMIT 21; args=('2025-03-19 19:45:09.081630', 'zr6p92ge2xc1ei0tkxa8to7dgxe7fp37'); alias=default
(0.000) SELECT "auth_user"."id", "auth_user"."password", "auth_user"."last_login", "auth_user"."is_superuser", "auth_user"."username", "auth_user"."first_name", "auth_user"."last_name", "auth_user"."email", "auth_user"."is_staff", "auth_user"."is_active", "auth_user"."date_joined" FROM "auth_user" WHERE "auth_user"."id" = 1 LIMIT 21; args=(1,); alias=default
File D:\BaseDjango\MuzeyProject\.venv\Lib\site-packages\PIL\_imagingmath.cp39-win_amd64.pyd first seen with mtime 1733465807.001427
File D:\BaseDjango\MuzeyProject\.venv\Lib\site-packages\PIL\BmpImagePlugin.py first seen with mtime 1733465806.9274104
File D:\BaseDjango\MuzeyProject\.venv\Lib\site-packages\PIL\PpmImagePlugin.py first seen with mtime 1733465806.9684198
File D:\BaseDjango\MuzeyProject\.venv\Lib\site-packages\PIL\ImageFile.py first seen with mtime 1733465806.945415
File D:\BaseDjango\MuzeyProject\.venv\Lib\site-packages\PIL\JpegImagePlugin.py first seen with mtime 1733465806.9574175
File D:\BaseDjango\MuzeyProject\.venv\Lib\site-packages\PIL\GimpGradientFile.py first seen with mtime 1733465806.9374132
File D:\BaseDjango\MuzeyProject\.venv\Lib\site-packages\PIL\GimpPaletteFile.py first seen with mtime 1733465806.9374132
File D:\BaseDjango\MuzeyProject\.venv\Lib\site-packages\PIL\JpegPresets.py first seen with mtime 1733465806.958418
File D:\BaseDjango\MuzeyProject\.venv\Lib\site-packages\PIL\ImageOps.py first seen with mtime 1733465806.950416
File D:\BaseDjango\MuzeyProject\.venv\Lib\site-packages\PIL\ImagePalette.py first seen with mtime 1733465806.950416
File D:\BaseDjango\MuzeyProject\.venv\Lib\site-packages\PIL\ImageMath.py first seen with mtime 1733465806.9484158
File D:\BaseDjango\MuzeyProject\.venv\Lib\site-packages\PIL\GifImagePlugin.py first seen with mtime 1733465806.936413
File D:\BaseDjango\MuzeyProject\.venv\Lib\site-packages\PIL\ImageChops.py first seen with mtime 1733465806.9424143
File D:\BaseDjango\MuzeyProject\.venv\Lib\site-packages\PIL\ImageSequence.py first seen with mtime 1733465806.9524167
File D:\BaseDjango\MuzeyProject\.venv\Lib\site-packages\PIL\PngImagePlugin.py first seen with mtime 1733465806.9674199
File D:\BaseDjango\MuzeyProject\.venv\Lib\site-packages\PIL\PaletteFile.py first seen with mtime 1733465806.9624188
File C:\Users\admin\AppData\Local\Programs\Python\Python39\Lib\smtplib.py first seen with mtime 1652795110.0
File D:\BaseDjango\MuzeyProject\.venv\Lib\site-packages\django\core\mail\backends\__init__.py first seen with mtime 1733464571.3874018
File D:\BaseDjango\MuzeyProject\.venv\Lib\site-packages\django\core\mail\backends\base.py first seen with mtime 1733464571.3884008
File D:\BaseDjango\MuzeyProject\.venv\Lib\site-packages\django\core\mail\backends\smtp.py first seen with mtime 1733464571.3964193
"POST /email/ HTTP/1.1" 302 0
Exception while resolving variable 'logout_message' in template 'index.html'.
Traceback (most recent call last):
  File "D:\BaseDjango\MuzeyProject\.venv\lib\site-packages\django\template\base.py", line 880, in _resolve_lookup
    current = current[bit]
  File "D:\BaseDjango\MuzeyProject\.venv\lib\site-packages\django\template\context.py", line 83, in __getitem__
    raise KeyError(key)
KeyError: 'logout_message'

During handling of the above exception, another exception occurred:

Traceback (most recent call last):
  File "D:\BaseDjango\MuzeyProject\.venv\lib\site-packages\django\template\base.py", line 886, in _resolve_lookup
    if isinstance(current, BaseContext) and getattr(
AttributeError: type object 'RequestContext' has no attribute 'logout_message'

During handling of the above exception, another exception occurred:

Traceback (most recent call last):
  File "D:\BaseDjango\MuzeyProject\.venv\lib\site-packages\django\template\base.py", line 896, in _resolve_lookup
    current = current[int(bit)]
ValueError: invalid literal for int() with base 10: 'logout_message'

During handling of the above exception, another exception occurred:

Traceback (most recent call last):
  File "D:\BaseDjango\MuzeyProject\.venv\lib\site-packages\django\template\base.py", line 903, in _resolve_lookup
    raise VariableDoesNotExist(
django.template.base.VariableDoesNotExist: Failed lookup for key [logout_message] in [{'True': True, 'False': False, 'None': None}, {'csrf_token': <SimpleLazyObject: <function csrf.<locals>._get_val at 0x000001F6D72C79D0>>, 'request': <WSGIRequest: GET '/'>, 'user': <SimpleLazyObject: <function AuthenticationMiddleware.process_request.<locals>.<lambda> at 0x000001F6D72C7A60>>, 'perms': PermWrapper(<SimpleLazyObject: <function AuthenticationMiddleware.process_request.<locals>.<lambda> at 0x000001F6D72C7A60>>), 'messages': <FallbackStorage: request=<WSGIRequest: GET '/'>>, 'DEFAULT_MESSAGE_LEVELS': {'DEBUG': 10, 'INFO': 20, 'SUCCESS': 25, 'WARNING': 30, 'ERROR': 40}}, {}]
"GET / HTTP/1.1" 200 12558
